root_org,framework,type,subtype,action,component,created_on,data,last_modified_on
0143146729170944000,NCF,profileconfig_v2,ka,get,*,2025-03-25 06:40:04.641+0000,"{\"templateName\":\"defaultTemplate\",\"action\":\"get\",\"fields\":[{\"code\":\"name\",\"type\":\"input\",\"templateOptions\":{\"labelHtml\":{\"contents\":\"<span>$0&nbsp;<span class=\\\"required-asterisk\\\">*</span></span>\",\"values\":{\"$0\":\"Name\"}},\"hidden\":true,\"placeHolder\":\"Enter Name\",\"multiple\":false},\"validations\":[{\"type\":\"required\"}]},{\"code\":\"email\",\"type\":\"input\",\"templateOptions\":{\"hidden\":true,\"labelHtml\":{\"contents\":\"<span>$0&nbsp;<span class=\\\"required-asterisk\\\">*</span></span>\",\"values\":{\"$0\":\"Email\"}},\"placeHolder\":\"Enter Email\",\"multiple\":false,\"themeType\":\"material\"},\"validations\":[{\"type\":\"required\"}]},{\"code\":\"cin\",\"type\":\"input\",\"templateOptions\":{\"hidden\":true,\"placeHolder\":\"Enter CIN\",\"multiple\":false,\"themeType\":\"material\"}},{\"code\":\"idfmps\",\"type\":\"input\",\"templateOptions\":{\"hidden\":true,\"placeHolder\":\"Enter ID FMPS\",\"multiple\":false,\"themeType\":\"material\"}},{\"code\":\"province\",\"type\":\"select\",\"templateOptions\":{\"hidden\":true,\"placeHolder\":\"Select Province\",\"multiple\":false,\"themeType\":\"material\",\"options\":[{\"label\":\"Al Hoceïma\",\"value\":\"Al Hoceïma\"},{\"label\":\"Chefchaouen\",\"value\":\"Chefchaouen\"},{\"label\":\"Fahs-Anjra\",\"value\":\"Fahs-Anjra\"},{\"label\":\"Larache\",\"value\":\"Larache\"},{\"label\":\"M’diq-Fnideq\",\"value\":\"M’diq-Fnideq\"},{\"label\":\"Ouezzane\",\"value\":\"Ouezzane\"},{\"label\":\"Tanger-Assilah\",\"value\":\"Tanger-Assilah\"},{\"label\":\"Tétouan\",\"value\":\"Tétouan\"},{\"label\":\"Berkane\",\"value\":\"Berkane\"},{\"label\":\"Driouch\",\"value\":\"Driouch\"},{\"label\":\"Figuig\",\"value\":\"Figuig\"},{\"label\":\"Guercif\",\"value\":\"Guercif\"},{\"label\":\"Jerada\",\"value\":\"Jerada\"},{\"label\":\"Nador\",\"value\":\"Nador\"},{\"label\":\"Oujda-Angad\",\"value\":\"Oujda-Angad\"},{\"label\":\"Taourirt\",\"value\":\"Taourirt\"},{\"label\":\"Boulemane\",\"value\":\"Boulemane\"},{\"label\":\"El Hajeb\",\"value\":\"El Hajeb\"},{\"label\":\"Fès\",\"value\":\"Fès\"},{\"label\":\"Ifrane\",\"value\":\"Ifrane\"},{\"label\":\"Meknès\",\"value\":\"Meknès\"},{\"label\":\"Moulay Yacoub\",\"value\":\"Moulay Yacoub\"},{\"label\":\"Sefrou\",\"value\":\"Sefrou\"},{\"label\":\"Taza\",\"value\":\"Taza\"},{\"label\":\"Kénitra\",\"value\":\"Kénitra\"},{\"label\":\"Khémisset\",\"value\":\"Khémisset\"},{\"label\":\"Rabat\",\"value\":\"Rabat\"},{\"label\":\"Salé\",\"value\":\"Salé\"},{\"label\":\"Sidi Kacem\",\"value\":\"Sidi Kacem\"},{\"label\":\"Sidi Slimane\",\"value\":\"Sidi Slimane\"},{\"label\":\"Azilal\",\"value\":\"Azilal\"},{\"label\":\"Béni Mellal\",\"value\":\"Béni Mellal\"},{\"label\":\"Fquih Ben Salah\",\"value\":\"Fquih Ben Salah\"},{\"label\":\"Khénifra\",\"value\":\"Khénifra\"},{\"label\":\"Khouribga\",\"value\":\"Khouribga\"},{\"label\":\"Benslimane\",\"value\":\"Benslimane\"},{\"label\":\"Berrechid\",\"value\":\"Berrechid\"},{\"label\":\"Casablanca\",\"value\":\"Casablanca\"},{\"label\":\"El Jadida\",\"value\":\"El Jadida\"},{\"label\":\"Médiouna\",\"value\":\"Médiouna\"},{\"label\":\"Mohammedia\",\"value\":\"Mohammedia\"},{\"label\":\"Nouaceur\",\"value\":\"Nouaceur\"},{\"label\":\"Settat\",\"value\":\"Settat\"},{\"label\":\"Sidi Bennour\",\"value\":\"Sidi Bennour\"},{\"label\":\"Al Haouz\",\"value\":\"Al Haouz\"},{\"label\":\"Chichaoua\",\"value\":\"Chichaoua\"},{\"label\":\"El Kelâa des Sraghna\",\"value\":\"El Kelâa des Sraghna\"},{\"label\":\"Essaouira\",\"value\":\"Essaouira\"},{\"label\":\"Marrakech\",\"value\":\"Marrakech\"},{\"label\":\"Rehamna\",\"value\":\"Rehamna\"},{\"label\":\"Safi\",\"value\":\"Safi\"},{\"label\":\"Youssoufia\",\"value\":\"Youssoufia\"},{\"label\":\"Errachidia\",\"value\":\"Errachidia\"},{\"label\":\"Midelt\",\"value\":\"Midelt\"},{\"label\":\"Ouarzazate\",\"value\":\"Ouarzazate\"},{\"label\":\"Tinghir\",\"value\":\"Tinghir\"},{\"label\":\"Zagora\",\"value\":\"Zagora\"},{\"label\":\"Agadir-Ida Ou Tanane\",\"value\":\"Agadir-Ida Ou Tanane\"},{\"label\":\"Chtouka-Aït Baha\",\"value\":\"Chtouka-Aït Baha\"},{\"label\":\"Inezgane-Aït Melloul\",\"value\":\"Inezgane-Aït Melloul\"},{\"label\":\"Taroudannt\",\"value\":\"Taroudannt\"},{\"label\":\"Tata\",\"value\":\"Tata\"},{\"label\":\"Tiznit\",\"value\":\"Tiznit\"},{\"label\":\"Assa-Zag\",\"value\":\"Assa-Zag\"},{\"label\":\"Guelmim\",\"value\":\"Guelmim\"},{\"label\":\"Sidi Ifni\",\"value\":\"Sidi Ifni\"},{\"label\":\"Tan-Tan\",\"value\":\"Tan-Tan\"},{\"label\":\"Boujdour\",\"value\":\"Boujdour\"},{\"label\":\"Es-Semara\",\"value\":\"Es-Semara\"},{\"label\":\"Laâyoune\",\"value\":\"Laâyoune\"},{\"label\":\"Tarfaya\",\"value\":\"Tarfaya\"},{\"label\":\"Aousserd\",\"value\":\"Aousserd\"},{\"label\":\"Oued Ed-Dahab\",\"value\":\"Oued Ed-Dahab\"}]}},{\"code\":\"category\",\"type\":\"select\",\"templateOptions\":{\"hidden\":true,\"placeHolder\":\"Select Category\",\"multiple\":false,\"themeType\":\"material\",\"options\":[]}},{\"code\":\"TrainingGroup\",\"type\":\"select\",\"templateOptions\":{\"hidden\":true,\"placeHolder\":\"Select Training \xa0Group\",\"multiple\":false,\"themeType\":\"material\",\"options\":[]}}]}",
*,*,content,*,review,*,2025-03-19 10:29:15.457+0000,"{\"templateName\":\"defaultTemplate\",\"action\":\"review\",\"fields\":[{\"code\":\"appicon\",\"visible\":true,\"editable\":true,\"dataType\":\"url\",\"renderingHints\":{},\"name\":\"App Icon\",\"description\":\"App Icon\",\"index\":1,\"inputType\":\"file\",\"label\":\"Icon\",\"placeholder\":\"App Icon\",\"required\":true},{\"code\":\"name\",\"visible\":true,\"editable\":true,\"dataType\":\"text\",\"renderingHints\":{},\"name\":\"Title\",\"description\":\"Title of the content\",\"index\":2,\"inputType\":\"text\",\"label\":\"Title\",\"placeholder\":\"Enter Title For Book\",\"required\":true},{\"code\":\"description\",\"visible\":true,\"editable\":true,\"dataType\":\"text\",\"renderingHints\":{},\"name\":\"Description\",\"description\":\"Brief description\",\"index\":3,\"inputType\":\"textarea\",\"label\":\"Description\",\"placeholder\":\"Brief description about the Book\",\"required\":false},{\"code\":\"keywords\",\"visible\":true,\"editable\":true,\"dataType\":\"list\",\"name\":\"Keywords\",\"description\":\"Keywords for the content\",\"index\":4,\"inputType\":\"keywordsuggestion\",\"label\":\"keywords\",\"placeholder\":\"Enter Keywords\",\"required\":false},{\"code\":\"primaryCategory\",\"visible\":true,\"editable\":false,\"dataType\":\"text\",\"renderingHints\":{},\"description\":\"Content Type\",\"index\":5,\"label\":\"Content Type\",\"required\":true,\"name\":\"Content Type\",\"inputType\":\"text\",\"placeholder\":\"\"},{\"code\":\"additionalCategories\",\"dataType\":\"list\",\"description\":\"Additonal Category of the Content\",\"editable\":true,\"index\":6,\"inputType\":\"multiselect\",\"label\":\"Additional Category\",\"name\":\"Additional Category\",\"placeholder\":\"Select Additional Category\",\"renderingHints\":{},\"range\":[\"CCT\",\"Classroom Teaching Video\",\"Concept Map\",\"Curiosity Question Set\",\"Textbook\",\"Experiential Resource\",\"Explanation Video\",\"FLN\",\"Focus Spot\",\"Learning Outcome Definition\",\"Marking Scheme Rubric\",\"Pedagogy Flow\",\"Lesson Plan\",\"Previous Board Exam Papers\",\"TV Lesson\"],\"required\":false,\"visible\":true},{\"code\":\"board\",\"visible\":true,\"depends\":[\"medium\",\"gradeLevel\",\"subject\",\"topic\"],\"editable\":true,\"dataType\":\"text\",\"renderingHints\":{},\"description\":\"Board\",\"index\":7,\"label\":\"Board/Syllabus\",\"required\":true,\"name\":\"Board/Syllabus\",\"inputType\":\"select\",\"placeholder\":\"Select Board/Syllabus\"},{\"code\":\"medium\",\"visible\":true,\"depends\":[\"gradeLevel\",\"subject\",\"topic\"],\"editable\":true,\"dataType\":\"list\",\"renderingHints\":{},\"description\":\"\",\"index\":8,\"label\":\"Medium\",\"required\":true,\"name\":\"medium\",\"inputType\":\"multiselect\",\"placeholder\":\"Select Medium\"},{\"code\":\"gradeLevel\",\"visible\":true,\"depends\":[\"subject\",\"topic\"],\"editable\":true,\"dataType\":\"list\",\"renderingHints\":{},\"description\":\"Class\",\"index\":9,\"label\":\"Class\",\"required\":true,\"name\":\"Class\",\"inputType\":\"multiselect\",\"placeholder\":\"Select Class\"},{\"code\":\"subject\",\"visible\":true,\"depends\":[\"topic\"],\"editable\":true,\"dataType\":\"list\",\"renderingHints\":{},\"description\":\"\",\"index\":10,\"label\":\"Subject\",\"required\":true,\"name\":\"Subject\",\"inputType\":\"multiselect\",\"placeholder\":\"Select Subject\"},{\"code\":\"topic\",\"visible\":true,\"editable\":true,\"dataType\":\"list\",\"renderingHints\":{},\"name\":\"Topic\",\"description\":\"Choose a Topics\",\"index\":11,\"inputType\":\"topicselector\",\"label\":\"Topics\",\"placeholder\":\"Choose Topics\",\"required\":false},{\"code\":\"audience\",\"visible\":true,\"editable\":true,\"dataType\":\"list\",\"renderingHints\":{},\"description\":\"\",\"index\":12,\"range\":[\"Administrator\",\"Parent\",\"Student\",\"Teacher\",\"Other\"],\"label\":\"Audience\",\"required\":false,\"name\":\"Audience\",\"inputType\":\"multiselect\",\"placeholder\":\"Select Audience\"},{\"code\":\"author\",\"visible\":true,\"editable\":true,\"dataType\":\"text\",\"renderingHints\":{},\"name\":\"Author\",\"description\":\"Original Author\",\"index\":13,\"inputType\":\"text\",\"label\":\"Original Author\",\"placeholder\":\"Author\",\"required\":false},{\"code\":\"attributions\",\"visible\":true,\"editable\":true,\"dataType\":\"list\",\"renderingHints\":{},\"name\":\"attribution\",\"description\":\"Attributions\",\"index\":14,\"inputType\":\"text\",\"label\":\"Attributions\",\"placeholder\":\"Attributions\",\"required\":false},{\"code\":\"copyright\",\"visible\":true,\"editable\":true,\"dataType\":\"text\",\"renderingHints\":{},\"name\":\"Copyright\",\"description\":\"Copyright\",\"index\":15,\"inputType\":\"text\",\"label\":\"Copyright\",\"placeholder\":\"Copyright\",\"required\":false},{\"code\":\"copyrightYear\",\"visible\":true,\"editable\":true,\"dataType\":\"list\",\"renderingHints\":{},\"description\":\"Year of Creation\",\"index\":16,\"label\":\"Year of Creation\",\"required\":true,\"name\":\"Year of Creation\",\"inputType\":\"number\",\"placeholder\":\"Enter Year of Creation\",\"validation\":[{\"type\":\"min\",\"message\":\"Maximum length of the year should be 4\",\"value\":\"4\"},{\"type\":\"max\",\"message\":\"Minimum length of the year should be 4\",\"value\":\"4\"}]},{\"code\":\"displayScore\",\"dataType\":\"boolean\",\"description\":\"Display Score\",\"editable\":true,\"inputType\":\"select\",\"range\":[{\"name\":\"Yes\",\"value\":\"true\"},{\"name\":\"No\",\"value\":\"false\"}],\"label\":\"Display Score\",\"name\":\"Display Score\",\"placeholder\":\"Display Score\",\"renderingHints\":{},\"required\":false,\"visible\":true,\"index\":17},{\"code\":\"license\",\"visible\":true,\"editable\":true,\"dataType\":\"text\",\"renderingHints\":{},\"name\":\"license\",\"description\":\"License of the content\",\"index\":18,\"inputType\":\"licenses\",\"label\":\"license\",\"placeholder\":\"license\",\"required\":true},{\"code\":\"licenseterms\",\"visible\":true,\"editable\":true,\"defaultValue\":\"By creating any type of content (resources, books, courses etc.) on DIKSHA, you consent to publish it under the Creative Commons License Framework. Please choose the applicable creative commons license you wish to apply to your content.\",\"dataType\":\"text\",\"renderingHints\":{\"value\":{\"video/x-youtube\":\"By linking or uploading YouTube videos on DIKSHA, you consent to publishing it as per the terms of the YouTube video license. DIKSHA accepts only videos with YouTube Standard License or Creative Commons License.\"},\"class\":\"twelve wide field\"},\"description\":\"licenseterms\",\"index\":19,\"label\":\"License Terms\",\"required\":false,\"name\":\"licenseterms\",\"inputType\":\"label\",\"placeholder\":\"license\"}]}",
*,*,content,collaboration,search,*,2025-03-19 10:29:50.062+0000,"{\"templateName\":\"defaultTemplate\",\"action\":\"search\",\"fields\":[{\"code\":\"status\",\"dataType\":\"text\",\"name\":\"Status\",\"label\":\"Status \",\"description\":\"Status\",\"editable\":true,\"inputType\":\"select\",\"required\":false,\"displayProperty\":\"Editable\",\"visible\":true,\"range\":[{\"name\":\"Draft\"},{\"name\":\"FlagDraft\"},{\"name\":\"Review\"},{\"name\":\"Processing\"},{\"name\":\"Live\"},{\"name\":\"Unlisted\"},{\"name\":\"FlagReview\"}],\"renderingHints\":{\"semanticColumnWidth\":\"four\"},\"index\":5},{\"code\":\"resourceType\",\"dataType\":\"text\",\"name\":\"ResourceType\",\"label\":\"ResourceType \",\"description\":\"ResourceType\",\"editable\":true,\"inputType\":\"select\",\"required\":false,\"displayProperty\":\"Editable\",\"visible\":true,\"range\":[{\"name\":\"Teach\"},{\"name\":\"Practice\"},{\"name\":\"Learn\"},{\"name\":\"Test\"},{\"name\":\"Read\"},{\"name\":\"Experiment\"},{\"name\":\"Book\"},{\"name\":\"Collection\"},{\"name\":\"Course\"},{\"name\":\"Lesson Plan\"}],\"renderingHints\":{\"semanticColumnWidth\":\"four\"},\"index\":6},{\"code\":\"board\",\"dataType\":\"text\",\"name\":\"Board\",\"label\":\"Board/Syllabus\",\"description\":\"Education Board (Like MP Board, NCERT, etc)\",\"editable\":true,\"inputType\":\"select\",\"required\":false,\"displayProperty\":\"Editable\",\"visible\":true,\"renderingHints\":{\"semanticColumnWidth\":\"four\"},\"index\":1},{\"code\":\"gradeLevel\",\"dataType\":\"text\",\"name\":\"Class\",\"label\":\"Grade\",\"description\":\"Grade\",\"editable\":true,\"inputType\":\"select\",\"required\":false,\"displayProperty\":\"Editable\",\"visible\":true,\"renderingHints\":{\"semanticColumnWidth\":\"four\"},\"index\":3},{\"code\":\"medium\",\"dataType\":\"text\",\"name\":\"Medium\",\"label\":\"Medium\",\"description\":\"Medium of instruction\",\"editable\":true,\"inputType\":\"select\",\"required\":false,\"displayProperty\":\"Editable\",\"visible\":true,\"renderingHints\":{\"semanticColumnWidth\":\"four\"},\"index\":2},{\"code\":\"subject\",\"dataType\":\"text\",\"name\":\"Subject\",\"label\":\"Subject\",\"description\":\"Subject of the Content to use to teach\",\"editable\":true,\"inputType\":\"select\",\"required\":false,\"displayProperty\":\"Editable\",\"visible\":true,\"renderingHints\":{\"semanticColumnWidth\":\"four\"},\"index\":4}]}",
*,*,content,lessonplan,resource-filters,*,2025-03-18 16:49:41.264+0000,"{\"templateName\":\"resourceFilterTemplate\",\"action\":\"resource-filters\",\"fields\":[{\"code\":\"contentType\",\"visible\":true,\"editable\":true,\"dataType\":\"list\",\"renderingHints\":{},\"description\":\"Category\",\"index\":1,\"range\":[\"Resource\",\"Collection\",\"Content\"],\"label\":\"contentType\",\"required\":false,\"name\":\"contentType\",\"inputType\":\"multiselect\",\"placeholder\":\"Select contentType\"},{\"code\":\"board\",\"visible\":true,\"editable\":true,\"dataType\":\"list\",\"renderingHints\":{},\"name\":\"Curriculum\",\"description\":\"Curriculum\",\"index\":2,\"inputType\":\"multiselect\",\"label\":\"Curriculum\",\"placeholder\":\"Select Curriculum\",\"required\":false},{\"code\":\"gradeLevel\",\"visible\":true,\"editable\":true,\"dataType\":\"list\",\"renderingHints\":{},\"name\":\"Class\",\"description\":\"Class\",\"index\":3,\"inputType\":\"multiselect\",\"label\":\"Class\",\"placeholder\":\"Select Class\",\"required\":false},{\"code\":\"subject\",\"visible\":true,\"editable\":true,\"dataType\":\"list\",\"renderingHints\":{},\"name\":\"Subject\",\"description\":\"\",\"index\":4,\"inputType\":\"multiselect\",\"label\":\"Subject\",\"placeholder\":\"Select Subject\",\"required\":false},{\"code\":\"medium\",\"visible\":true,\"editable\":true,\"dataType\":\"list\",\"renderingHints\":{},\"name\":\"medium\",\"description\":\"\",\"index\":5,\"inputType\":\"multiselect\",\"label\":\"Medium\",\"placeholder\":\"Select Medium\",\"required\":false},{\"code\":\"topic\",\"visible\":true,\"editable\":true,\"dataType\":\"list\",\"renderingHints\":{},\"name\":\"Topic\",\"description\":\"Choose a Topics\",\"index\":6,\"inputType\":\"topicselector\",\"label\":\"Topics\",\"placeholder\":\"Choose Topics\",\"required\":false}]}",
*,*,pageassemble,course,filter_v2,*,2025-03-19 10:29:23.039+0000,"{\"templateName\":\"defaultTemplate\",\"action\":\"filter\",\"fields\":[{\"code\":\"topic\",\"translations\":\"{\\\"en\\\":\\\"Topic\\\"}\",\"values\":[],\"name\":\"Topic\",\"index\":1,\"frameworkCategory\":true},{\"code\":\"purpose\",\"translations\":\"{\\\"en\\\":\\\"Purpose\\\"}\",\"values\":[],\"name\":\"Purpose\",\"index\":2,\"frameworkCategory\":true},{\"code\":\"medium\",\"translations\":\"{\\\"en\\\":\\\"Medium\\\"}\",\"values\":[],\"name\":\"Medium\",\"index\":3,\"frameworkCategory\":true},{\"code\":\"gradeLevel\",\"translations\":\"{\\\"en\\\":\\\"Class\\\"}\",\"values\":[],\"name\":\"Class\",\"index\":4,\"frameworkCategory\":true},{\"code\":\"subject\",\"translations\":\"{\\\"en\\\":\\\"Subject\\\"}\",\"values\":[],\"name\":\"Subject\",\"index\":5,\"frameworkCategory\":true},{\"code\":\"channel\",\"translations\":\"{\\\"en\\\":\\\"Organization\\\"}\",\"values\":[],\"name\":\"Organization\",\"index\":6,\"frameworkCategory\":false}]}",
*,*,content,textbook,create,*,2025-03-19 10:29:48.109+0000,"{\"templateName\":\"defaultTemplate\",\"action\":\"create\",\"fields\":[{\"code\":\"name\",\"dataType\":\"text\",\"name\":\"Name\",\"label\":\"Name\",\"description\":\"Name\",\"editable\":true,\"placeholder\":\"Name\",\"inputType\":\"text\",\"required\":false,\"displayProperty\":\"Editable\",\"visible\":true,\"renderingHints\":{\"semanticColumnWidth\":\"twelve\"},\"index\":1,\"validation\":[{\"type\":\"regex\",\"value\":\"^[a-zA-Z0-9 &]*$\",\"message\":\"Invalid Input\"},{\"type\":\"max\",\"value\":\"80\",\"message\":\"Input is Exceded\"}]},{\"code\":\"board\",\"dataType\":\"text\",\"name\":\"Board\",\"label\":\"Board\",\"description\":\"Education Board (Like MP Board, NCERT, etc)\",\"editable\":true,\"placeholder\":\"Board\",\"inputType\":\"select\",\"required\":false,\"displayProperty\":\"Editable\",\"visible\":true,\"renderingHints\":{\"semanticColumnWidth\":\"six\"},\"index\":2,\"depends\":[\"gradeLevel\"]},{\"code\":\"gradeLevel\",\"dataType\":\"text\",\"name\":\"Grade\",\"label\":\"Grade\",\"description\":\"Grade\",\"editable\":true,\"placeholder\":\"Grade\",\"inputType\":\"multiSelect\",\"required\":false,\"displayProperty\":\"Editable\",\"visible\":true,\"renderingHints\":{\"semanticColumnWidth\":\"six\"},\"index\":3,\"depends\":[\"subject\"]},{\"code\":\"subject\",\"dataType\":\"text\",\"name\":\"Subject\",\"label\":\"Subject\",\"description\":\"Subject of the Content to use to teach\",\"editable\":true,\"placeholder\":\"Grade\",\"inputType\":\"select\",\"required\":false,\"displayProperty\":\"Editable\",\"visible\":true,\"renderingHints\":{\"semanticColumnWidth\":\"six\"},\"index\":4},{\"code\":\"medium\",\"dataType\":\"text\",\"name\":\"Medium\",\"label\":\"Medium\",\"description\":\"Medium of instruction\",\"editable\":true,\"placeholder\":\"Medium\",\"inputType\":\"select\",\"required\":false,\"displayProperty\":\"Editable\",\"visible\":true,\"renderingHints\":{\"semanticColumnWidth\":\"six\"},\"index\":5},{\"code\":\"publisher\",\"dataType\":\"text\",\"name\":\"Publisher\",\"label\":\"Publisher\",\"description\":\"Medium of instruction\",\"editable\":true,\"placeholder\":\"Publisher\",\"inputType\":\"text\",\"required\":false,\"displayProperty\":\"Editable\",\"visible\":true,\"renderingHints\":{\"semanticColumnWidth\":\"six\"},\"index\":6,\"validation\":[{\"type\":\"regex\",\"value\":\"^[a-zA-Z0-9]*$\",\"message\":\"Invalid Input\"},{\"type\":\"max\",\"value\":\"25\",\"message\":\"Input is Exceded\"}]},{\"code\":\"year\",\"dataType\":\"text\",\"name\":\"Year\",\"label\":\"Year\",\"description\":\"Year\",\"editable\":true,\"placeholder\":\"Year\",\"inputType\":\"select\",\"required\":false,\"displayProperty\":\"Editable\",\"visible\":true,\"renderingHints\":{\"semanticColumnWidth\":\"six\"},\"index\":7}]}",
*,*,forum,group,create,*,2025-03-19 10:29:48.733+0000,"{\"templateName\":\"group_create\",\"action\":\"create\",\"fields\":[{\"category\":{\"name\":\"General Discussion\",\"pid\":\"30\",\"uid\":\"4\",\"description\":\"\",\"context\":[{\"type\":\"group\",\"identifier\":\"_groupId\"}]}}]}",
*,*,user,framework,update,*,2025-03-20 06:54:05.028+0000,"{\"templateName\":\"defaultTemplate\",\"action\":\"get\",\"fields\":[{\"code\":\"organisation\",\"dataType\":\"text\",\"name\":\"Organisation\",\"label\":\"Organisation\",\"description\":\"Organisation\",\"editable\":true,\"inputType\":\"multi-select\",\"required\":true,\"displayProperty\":\"Editable\",\"visible\":true,\"renderingHints\":{\"semanticColumnWidth\":\"four\"},\"index\":1,\"translation\":\"frmelmnts.lbl.boards\"},{\"code\":\"language\",\"dataType\":\"text\",\"name\":\"Language\",\"label\":\"Language\",\"description\":\"Language\",\"editable\":true,\"inputType\":\"multi-select\",\"required\":true,\"displayProperty\":\"Editable\",\"visible\":true,\"renderingHints\":{\"semanticColumnWidth\":\"four\"},\"index\":2,\"translation\":\"frmelmnts.lbl.medium\"},{\"code\":\"category\",\"dataType\":\"text\",\"name\":\"Category\",\"label\":\"Category\",\"description\":\"Category\",\"editable\":true,\"inputType\":\"multi-select\",\"required\":false,\"displayProperty\":\"Editable\",\"visible\":true,\"renderingHints\":{\"semanticColumnWidth\":\"four\"},\"index\":3,\"translation\":\"frmelmnts.lbl.class\"}]}",2025-03-20 07:10:55.817+0000
*,*,content,collection,create,*,2025-03-19 10:29:45.712+0000,"{\"templateName\":\"defaultTemplate\",\"action\":\"create\",\"fields\":[{\"code\":\"name\",\"dataType\":\"text\",\"name\":\"Name\",\"label\":\"Name\",\"description\":\"Name\",\"editable\":true,\"placeholder\":\"Name\",\"inputType\":\"text\",\"required\":false,\"displayProperty\":\"Editable\",\"visible\":true,\"renderingHints\":{\"semanticColumnWidth\":\"twelve\"},\"index\":1},{\"code\":\"description\",\"dataType\":\"text\",\"name\":\"Description\",\"label\":\"Description\",\"description\":\"description\",\"placeholder\":\"Description\",\"editable\":true,\"inputType\":\"text\",\"required\":false,\"displayProperty\":\"Editable\",\"visible\":true,\"renderingHints\":{\"semanticColumnWidth\":\"twelve\"},\"index\":2},{\"code\":\"primaryCategory\",\"dataType\":\"text\",\"name\":\"Collection Type\",\"label\":\"Collection Type\",\"description\":\"Collection Type\",\"placeholder\":\"Select one\",\"editable\":true,\"inputType\":\"select\",\"required\":true,\"displayProperty\":\"Editable\",\"visible\":true,\"renderingHints\":{\"semanticColumnWidth\":\"twelve\"},\"index\":3}]}",
*,*,config,segmentation_v2,get,*,2025-03-19 10:29:46.398+0000,"{\"templateName\":\"segmentation_v2\",\"action\":\"get\",\"fields\":[{\"commandId\":1619548200000,\"commandType\":\"SEGMENT_COMMAND\",\"controlFunction\":\"LOCAL_NOTIF\",\"expiresAfter\":1841807258000,\"tagCriteria\":\"AND\",\"tagFilterUpto\":null,\"tagFilters\":[\"USERLANG_en\"],\"targetDeviceIds\":null,\"targetVersion\":null,\"controlFunctionPayload\":[{\"code\":\"localNotification\",\"name\":\"LocalNotification\",\"type\":1,\"config\":[{\"msg\":\"Welcome! You've choosen English\",\"isEnabled\":true,\"id\":1005,\"title\":\"Welcome! You've choosen English\"}]}]},{\"commandId\":1619548200290,\"commandType\":\"SEGMENT_COMMAND\",\"controlFunction\":\"LOCAL_NOTIF\",\"expiresAfter\":1841807258000,\"tagCriteria\":\"AND\",\"tagFilterUpto\":null,\"tagFilters\":[\"USERLANG_kn\"],\"targetDeviceIds\":null,\"targetVersion\":null,\"controlFunctionPayload\":[{\"code\":\"localNotification\",\"name\":\"LocalNotification\",\"type\":1,\"config\":[{\"msg\":\"ಕನ್ನಡ ಆಯ್ಕೆ ಮಾಡಿದ್ದಕ್ಕೆ ಧನ್ಯವಾದಗಳು\",\"isEnabled\":true,\"id\":1006,\"title\":\"ಕನ್ನಡ ಆಯ್ಕೆ ಮಾಡಿದ್ದಕ್ಕೆ ಧನ್ಯವಾದಗಳು\"}]}]},{\"commandId\":1619548200020,\"commandType\":\"SEGMENT_COMMAND\",\"controlFunction\":\"LOCAL_NOTIF\",\"expiresAfter\":1841807258000,\"tagCriteria\":\"AND\",\"tagFilterUpto\":null,\"tagFilters\":[\"USERFRAMEWORK_stateandhrapradesh\",\"USERFRAMEWORK_class10\",\"USERFRAMEWORK_english\"],\"targetDeviceIds\":null,\"targetVersion\":null,\"controlFunctionPayload\":[{\"code\":\"localNotification\",\"name\":\"LocalNotification\",\"type\":1,\"config\":[{\"msg\":\"Board AP Class 10 English\",\"isEnabled\":true,\"id\":1004,\"title\":\"Board AP Class 10 English\",\"action\":\"ACTION_PLAY\",\"data\":{\"request\":{\"objectId\":\"do_31269113788995174417318\",\"collection\":\"do_31269113788995174417318\"}}}]}]},{\"commandId\":1619548204000,\"commandType\":\"SEGMENT_COMMAND\",\"controlFunction\":\"LOCAL_NOTIF\",\"expiresAfter\":1841807258000,\"tagCriteria\":\"AND\",\"tagFilterUpto\":null,\"tagFilters\":[\"CONTENT_do_2130251541941534721178\"],\"targetDeviceIds\":null,\"targetVersion\":null,\"controlFunctionPayload\":[{\"code\":\"localNotification\",\"name\":\"LocalNotification\",\"type\":1,\"config\":[{\"msg\":\"Content: State Course\",\"isEnabled\":true,\"id\":1003,\"title\":\"Content: State Course\",\"action\":\"ACTION_PLAY\",\"data\":{\"request\":{\"objectId\":\"do_2130251541941534721178\",\"collection\":\"do_2130251541941534721178\"}}}]}]},{\"commandId\":1619548200600,\"commandType\":\"SEGMENT_COMMAND\",\"controlFunction\":\"LOCAL_NOTIF\",\"expiresAfter\":1841807258000,\"tagCriteria\":\"AND\",\"tagFilterUpto\":null,\"tagFilters\":[\"USERFRAMEWORK_stateandhrapradesh\",\"USERFRAMEWORK_class8\",\"USERFRAMEWORK_english\"],\"targetDeviceIds\":null,\"targetVersion\":null,\"controlFunctionPayload\":[{\"code\":\"localNotification\",\"name\":\"LocalNotification\",\"type\":1,\"config\":[{\"msg\":\"Board AP class 8 english\",\"isEnabled\":true,\"id\":1002,\"title\":\"Board AP class 8 english\"}]}]},{\"commandId\":1619548200050,\"commandType\":\"SEGMENT_COMMAND\",\"controlFunction\":\"LOCAL_NOTIF\",\"expiresAfter\":1841807258000,\"tagCriteria\":\"AND\",\"tagFilterUpto\":null,\"tagFilters\":[\"USERLOCATION_Tamil Nadu\"],\"targetDeviceIds\":null,\"targetVersion\":null,\"controlFunctionPayload\":[{\"code\":\"localNotification\",\"name\":\"LocalNotification\",\"type\":1,\"config\":[{\"msg\":\"Location Tamil Nadu\",\"isEnabled\":true,\"id\":1001,\"title\":\"Location Tamil Nadu\"}]}]},{\"commandId\":1619548201250,\"commandType\":\"SEGMENT_COMMAND\",\"controlFunction\":\"BANNER_CONFIG\",\"expiresAfter\":1841807258000,\"tagCriteria\":\"AND\",\"tagFilterUpto\":null,\"tagFilters\":[\"USERFRAMEWORK_statetamilnadu\",\"USERFRAMEWORK_english\",\"USERFRAMEWORK_class1\"],\"targetDeviceIds\":null,\"targetVersion\":null,\"controlFunctionPayload\":{\"showBanner\":true,\"values\":[{\"code\":\"banner_external_url\",\"ui\":{\"background\":\"https://cdn.pixabay.com/photo/2015/10/29/14/38/web-1012467_960_720.jpg\",\"text\":\"Sample External Url\"},\"action\":{\"type\":\"navigate\",\"subType\":\"externalUrl\",\"params\":{\"route\":\"https://diksha.gov.in/\"}},\"expiry\":\"1841807258\"},{\"code\":\"banner_internal_url\",\"ui\":{\"background\":\"https://cdn.pixabay.com/photo/2015/10/29/14/38/web-1012467_960_720.jpg\",\"text\":\"Sample Internal Url\"},\"action\":{\"type\":\"navigate\",\"subType\":\"internalUrl\",\"params\":{\"route\":\"profile\"}},\"expiry\":\"1841807258\"},{\"code\":\"banner_search\",\"ui\":{\"background\":\"https://cdn.pixabay.com/photo/2015/10/29/14/38/web-1012467_960_720.jpg\",\"text\":\"Sample Search\"},\"action\":{\"type\":\"navigate\",\"subType\":\"search\",\"params\":{\"query\":\"limited attempt course\",\"filter\":{\"offset\":0,\"filters\":{\"audience\":[],\"objectType\":[\"Content\"]}}}},\"expiry\":\"1841807258\"},{\"code\":\"banner_content\",\"ui\":{\"background\":\"https://ae01.alicdn.com/kf/H9e3986d0c2434909a0cc26654e766dad7/Custom-fullcolor-Vinyl-Flex-Banner-3-X-4-FT-Outdoor-Advertise-Signs-2-X6-FT-Can.jpg_Q90.jpg_.webp\",\"text\":\"Sample content\"},\"action\":{\"type\":\"navigate\",\"subType\":\"content\",\"params\":{\"identifier\":\"do_21302358976737280014\"}},\"expiry\":\"1841807258\"},{\"code\":\"\",\"type\":\"secondary\",\"ui\":{\"text\":\"NISHTHA FLN COurses\",\"icon\":\"assets/imgs/ic_nishtha_courses.svg\",\"theme\":{\"iconBgColor\":\"#FFFFFF\",\"pillBgColor\":\"#FFFFFF\"}},\"action\":{\"type\":\"navigate\",\"subType\":\"\",\"params\":{\"route\":\"\"}},\"expiry\":\"1841807258\"},{\"code\":\"\",\"type\":\"secondary\",\"ui\":{\"text\":\"NISHTHA FLN COurses\",\"icon\":\"assets/imgs/ic_nishtha_courses.svg\",\"theme\":{\"iconBgColor\":\"#FFFFFF\",\"pillBgColor\":\"#FFFFFF\"}},\"action\":{\"type\":\"navigate\",\"subType\":\"\",\"params\":{\"route\":\"\"}},\"expiry\":\"1841807258\"},{\"code\":\"\",\"type\":\"secondary\",\"ui\":{\"text\":\"NISHTA  Secondary Courses\",\"icon\":\"assets/imgs/ic_secondary_course.svg\",\"theme\":{\"iconBgColor\":\"#FFFFFF\",\"pillBgColor\":\"#FFFFFF\"}},\"action\":{\"type\":\"navigate\",\"subType\":\"\",\"params\":{\"route\":\"\"}},\"expiry\":\"1841807258\"},{\"code\":\"\",\"type\":\"secondary\",\"ui\":{\"text\":\"Revision Preperation\",\"icon\":\"assets/imgs/ic_revision_preperation.svg\",\"theme\":{\"iconBgColor\":\"#FFFFFF\",\"pillBgColor\":\"#FFFFFF\"}},\"action\":{\"type\":\"navigate\",\"subType\":\"\",\"params\":{\"route\":\"\"}},\"expiry\":\"1841807258\"},{\"code\":\"\",\"type\":\"secondary\",\"ui\":{\"text\":\"FLN Programme\",\"icon\":\"assets/imgs/ic_fln_programme.svg\",\"theme\":{\"iconBgColor\":\"#FFFFFF\",\"pillBgColor\":\"#FFFFFF\"}},\"action\":{\"type\":\"navigate\",\"subType\":\"\",\"params\":{\"route\":\"\"}},\"expiry\":\"1841807258\"},{\"code\":\"\",\"type\":\"secondary\",\"ui\":{\"text\":\"Administration  Programme\",\"icon\":\"assets/imgs/ic_administration_programme.svg\",\"theme\":{\"iconBgColor\":\"#FFFFFF\",\"pillBgColor\":\"#FFFFFF\"}},\"action\":{\"type\":\"navigate\",\"subType\":\"\",\"params\":{\"route\":\"\"}},\"expiry\":\"1841807258\"},{\"code\":\"\",\"type\":\"secondary\",\"ui\":{\"text\":\"Quiz\",\"icon\":\"assets/imgs/ic_quiz.svg\",\"theme\":{\"iconBgColor\":\"#FFFFFF\",\"pillBgColor\":\"#FFFFFF\"}},\"action\":{\"type\":\"navigate\",\"subType\":\"\",\"params\":{\"route\":\"\"}},\"expiry\":\"1841807258\"}]}},{\"commandId\":1619548208500,\"commandType\":\"SEGMENT_COMMAND\",\"controlFunction\":\"BANNER_CONFIG\",\"expiresAfter\":1841807258000,\"tagCriteria\":\"AND\",\"tagFilterUpto\":null,\"tagFilters\":[\"USERFRAMEWORK_cbse\",\"USERFRAMEWORK_english\",\"USERFRAMEWORK_class6\"],\"targetDeviceIds\":null,\"targetVersion\":null,\"controlFunctionPayload\":{\"showBanner\":true,\"values\":[{\"code\":\"banner_external_url\",\"ui\":{\"background\":\"https://cdn.pixabay.com/photo/2015/10/29/14/38/web-1012467_960_720.jpg\",\"text\":\"Sample External Url\"},\"action\":{\"type\":\"navigate\",\"subType\":\"externalUrl\",\"params\":{\"route\":\"https://diksha.gov.in/\"}},\"expiry\":\"1841807258\"},{\"code\":\"banner_internal_url\",\"ui\":{\"background\":\"https://cdn.pixabay.com/photo/2015/10/29/14/38/web-1012467_960_720.jpg\",\"text\":\"Sample Internal Url\"},\"action\":{\"type\":\"navigate\",\"subType\":\"internalUrl\",\"params\":{\"route\":\"profile\"}},\"expiry\":\"1841807258\"},{\"code\":\"banner_search\",\"ui\":{\"background\":\"https://cdn.pixabay.com/photo/2015/10/29/14/38/web-1012467_960_720.jpg\",\"text\":\"Sample Search\"},\"action\":{\"type\":\"navigate\",\"subType\":\"search\",\"params\":{\"query\":\"limited attempt course\",\"filter\":{\"offset\":0,\"filters\":{\"audience\":[],\"objectType\":[\"Content\"]}}}},\"expiry\":\"1841807258\"},{\"code\":\"banner_content\",\"ui\":{\"background\":\"https://cdn.pixabay.com/photo/2015/10/29/14/38/web-1012467_960_720.jpg\",\"text\":\"Sample content\"},\"action\":{\"type\":\"navigate\",\"subType\":\"content\",\"params\":{\"identifier\":\"do_21302358976737280014\"}},\"expiry\":\"1841807258\"},{\"code\":\"banner_search\",\"type\":\"secondary\",\"ui\":{\"text\":\"NISHTHA FLN COurses\",\"icon\":\"assets/imgs/ic_nishtha_courses.svg\",\"theme\":{\"iconBgColor\":\"#FFFFFF\",\"pillBgColor\":\"#FFFFFF\"}},\"action\":{\"type\":\"navigate\",\"subType\":\"search\",\"params\":{\"query\":\"limited attempt course\",\"filter\":{\"offset\":0,\"filters\":{\"audience\":[],\"objectType\":[\"Content\"]}}}},\"expiry\":\"1841807258\"},{\"code\":\"banner_search\",\"type\":\"secondary\",\"ui\":{\"text\":\"NISHTA  Secondary Courses\",\"icon\":\"assets/imgs/ic_secondary_course.svg\",\"theme\":{\"iconBgColor\":\"#FFFFFF\",\"pillBgColor\":\"#FFFFFF\"}},\"action\":{\"type\":\"navigate\",\"subType\":\"search\",\"params\":{\"query\":\"limited attempt course\",\"filter\":{\"offset\":0,\"filters\":{\"audience\":[],\"objectType\":[\"Content\"]}}}},\"expiry\":\"1841807258\"},{\"code\":\"banner_search\",\"type\":\"secondary\",\"ui\":{\"text\":\"Revision Preperation\",\"icon\":\"assets/imgs/ic_revision_preperation.svg\",\"theme\":{\"iconBgColor\":\"#FFFFFF\",\"pillBgColor\":\"#FFFFFF\"}},\"action\":{\"type\":\"navigate\",\"subType\":\"search\",\"params\":{\"query\":\"limited attempt course\",\"filter\":{\"offset\":0,\"filters\":{\"audience\":[],\"objectType\":[\"Content\"]}}}},\"expiry\":\"1841807258\"},{\"code\":\"banner_search\",\"type\":\"secondary\",\"ui\":{\"text\":\"FLN Programme\",\"icon\":\"assets/imgs/ic_fln_programme.svg\",\"theme\":{\"iconBgColor\":\"#FFFFFF\",\"pillBgColor\":\"#FFFFFF\"}},\"action\":{\"type\":\"navigate\",\"subType\":\"search\",\"params\":{\"query\":\"limited attempt course\",\"filter\":{\"offset\":0,\"filters\":{\"audience\":[],\"objectType\":[\"Content\"]}}}},\"expiry\":\"1841807258\"},{\"code\":\"banner_search\",\"type\":\"secondary\",\"ui\":{\"text\":\"Administration  Programme\",\"icon\":\"assets/imgs/ic_administration_programme.svg\",\"theme\":{\"iconBgColor\":\"#FFFFFF\",\"pillBgColor\":\"#FFFFFF\"}},\"action\":{\"type\":\"navigate\",\"subType\":\"search\",\"params\":{\"query\":\"limited attempt course\",\"filter\":{\"offset\":0,\"filters\":{\"audience\":[],\"objectType\":[\"Content\"]}}}},\"expiry\":\"1841807258\"},{\"code\":\"banner_search\",\"type\":\"secondary\",\"ui\":{\"text\":\"Quiz\",\"icon\":\"assets/imgs/ic_quiz.svg\",\"theme\":{\"iconBgColor\":\"#FFFFFF\",\"pillBgColor\":\"#FFFFFF\"}},\"action\":{\"type\":\"navigate\",\"subType\":\"search\",\"params\":{\"query\":\"limited attempt course\",\"filter\":{\"offset\":0,\"filters\":{\"audience\":[],\"objectType\":[\"Content\"]}}}},\"filterIdentifier\":\"nlp\",\"expiry\":\"1841807258\"}]}},{\"commandId\":1619548201298,\"commandType\":\"SEGMENT_COMMAND\",\"controlFunction\":\"DEBUGGING_MODE\",\"expiresAfter\":1841807258000,\"tagCriteria\":\"OR\",\"tagFilterUpto\":null,\"tagFilters\":[\"ALL_android\"],\"targetDeviceIds\":null,\"targetVersion\":null,\"controlFunctionPayload\":{\"traceId\":\"TID_123445\"}},{\"commandId\":1619548200012,\"commandType\":\"SEGMENT_COMMAND\",\"controlFunction\":\"BANNER_CONFIG\",\"expiresAfter\":1841807258000,\"tagCriteria\":\"AND\",\"tagFilterUpto\":null,\"tagFilters\":[\"APPVERSION_DIKSHA v4.4.104staging.97\"],\"targetDeviceIds\":null,\"targetVersion\":null,\"controlFunctionPayload\":{\"showBanner\":true,\"values\":[{\"code\":\"banner_external_url\",\"ui\":{\"background\":\"https://image.freepik.com/free-vector/minimalist-watercolor_91008-209.jpg\",\"text\":\"Sample External Url\"},\"action\":{\"type\":\"navigate\",\"subType\":\"externalUrl\",\"params\":{\"route\":\"https://diksha.gov.in/\"}},\"expiry\":\"1653031067\"}]}},{\"commandId\":1619548200013,\"commandType\":\"SEGMENT_COMMAND\",\"controlFunction\":\"BANNER_CONFIG\",\"expiresAfter\":1841807258000,\"tagCriteria\":\"AND\",\"tagFilterUpto\":null,\"tagFilters\":[\"DEVCONFIG_7fb8fbb3a2bb521689ff04d7f31097676adf101d\"],\"targetDeviceIds\":null,\"targetVersion\":null,\"controlFunctionPayload\":{\"showBanner\":true,\"values\":[{\"code\":\"banner_external_url\",\"ui\":{\"background\":\"https://image.freepik.com/free-vector/minimalist-watercolor_91008-209.jpg\",\"text\":\"Device Based Banner\"},\"action\":{\"type\":\"navigate\",\"subType\":\"externalUrl\",\"params\":{\"route\":\"https://diksha.gov.in/\"}},\"expiry\":\"1653031067\"}]}},{\"commandId\":1619548200014,\"commandType\":\"SEGMENT_COMMAND\",\"controlFunction\":\"LOCAL_NOTIF\",\"expiresAfter\":1841807258000,\"tagCriteria\":\"AND\",\"tagFilterUpto\":null,\"tagFilters\":[\"USERROLE_teacher\"],\"targetDeviceIds\":null,\"targetVersion\":null,\"controlFunctionPayload\":[{\"code\":\"localNotification\",\"name\":\"LocalNotification\",\"type\":1,\"config\":[{\"msg\":\"Registred as Teacher\",\"isEnabled\":true,\"id\":1006,\"title\":\"Registred as Teacher\"}]}]},{\"commandId\":1619548200015,\"commandType\":\"SEGMENT_COMMAND\",\"controlFunction\":\"LOCAL_NOTIF\",\"expiresAfter\":1841807258000,\"tagCriteria\":\"AND\",\"tagFilterUpto\":null,\"tagFilters\":[\"USERROLE_teacher\",\"USERLOCATION_Bengaluru U North\",\"USERLOCATION_Karnataka\"],\"targetDeviceIds\":null,\"targetVersion\":null,\"controlFunctionPayload\":[{\"code\":\"localNotification\",\"name\":\"LocalNotification\",\"type\":1,\"config\":[{\"msg\":\"Welcome to Karnataka\",\"isEnabled\":true,\"id\":1006,\"title\":\"Welcome to Karnataka\"}]}]},{\"commandId\":1619548201250,\"commandType\":\"SEGMENT_COMMAND\",\"controlFunction\":\"BANNER_CONFIG\",\"expiresAfter\":1841807258000,\"tagCriteria\":\"AND\",\"tagFilterUpto\":null,\"targetedClient\":\"portal\",\"tagFilters\":[\"USERFRAMEWORK_State (Tamil Nadu)\",\"USERFRAMEWORK_English\",\"USERFRAMEWORK_Class 1\"],\"targetDeviceIds\":null,\"targetVersion\":null,\"controlFunctionPayload\":{\"showBanner\":true,\"values\":[{\"code\":\"banner_external_url\",\"ui\":{\"background\":\"https://cdn.pixabay.com/photo/2015/10/29/14/38/web-1012467_960_720.jpg\",\"text\":\"Sample External Url\"},\"action\":{\"type\":\"navigate\",\"subType\":\"externalUrl\",\"params\":{\"route\":\"https://diksha.gov.in/\"}},\"expiry\":\"1841807258\"},{\"code\":\"banner_internal_url\",\"ui\":{\"background\":\"https://cdn.pixabay.com/photo/2015/10/29/14/38/web-1012467_960_720.jpg\",\"text\":\"Sample Internal Url\"},\"action\":{\"type\":\"navigate\",\"subType\":\"internalUrl\",\"params\":{\"route\":\"profile\"}},\"expiry\":\"1841807258\"},{\"code\":\"banner_search\",\"ui\":{\"background\":\"https://cdn.pixabay.com/photo/2015/10/29/14/38/web-1012467_960_720.jpg\",\"text\":\"Sample Search\"},\"action\":{\"type\":\"navigate\",\"subType\":\"search\",\"params\":{\"query\":\"limited attempt course\",\"filter\":{\"offset\":0,\"filters\":{\"audience\":[],\"objectType\":[\"Content\"]}}}},\"expiry\":\"1841807258\"},{\"code\":\"banner_content\",\"ui\":{\"background\":\"https://5.imimg.com/data5/RN/UY/AT/SELLER-90246361/printed-rectangle-flex-banner-500x500.jpg\"},\"action\":{\"type\":\"navigate\",\"subType\":\"content\",\"params\":{\"identifier\":\"do_21302358976737280014\"}},\"expiry\":\"1841807258\"},{\"code\":\"banner_search\",\"type\":\"secondary\",\"ui\":{\"text\":\"NISHTHA FLN COurses\",\"icon\":\"assets/images/ic_nishtha_courses.svg\",\"theme\":{\"iconBgColor\":\"#FFFFFF\",\"pillBgColor\":\"#FFFFFF\"}},\"action\":{\"type\":\"navigate\",\"subType\":\"search\",\"params\":{\"query\":\"limited attempt course\",\"filter\":{\"offset\":0,\"filters\":{\"audience\":[],\"objectType\":[\"Content\"]}}}},\"expiry\":\"1841807258\"},{\"code\":\"banner_search\",\"type\":\"secondary\",\"ui\":{\"text\":\"NISHTHA FLN COurses\",\"icon\":\"assets/images/ic_nishtha_courses.svg\",\"theme\":{\"iconBgColor\":\"#FFFFFF\",\"pillBgColor\":\"#FFFFFF\"}},\"action\":{\"type\":\"navigate\",\"subType\":\"search\",\"params\":{\"query\":\"limited attempt course\",\"filter\":{\"offset\":0,\"filters\":{\"audience\":[],\"objectType\":[\"Content\"]}}}},\"expiry\":\"1841807258\"},{\"code\":\"banner_search\",\"type\":\"secondary\",\"ui\":{\"text\":\"NISHTA  Secondary Courses\",\"icon\":\"assets/images/ic_secondary_course.svg\",\"theme\":{\"iconBgColor\":\"#FFFFFF\",\"pillBgColor\":\"#FFFFFF\"}},\"action\":{\"type\":\"navigate\",\"subType\":\"search\",\"params\":{\"query\":\"limited attempt course\",\"filter\":{\"offset\":0,\"filters\":{\"audience\":[],\"objectType\":[\"Content\"]}}}},\"expiry\":\"1841807258\"},{\"code\":\"banner_search\",\"type\":\"secondary\",\"ui\":{\"text\":\"Revision Preperation\",\"icon\":\"assets/images/ic_revision_preperation.svg\",\"theme\":{\"iconBgColor\":\"#FFFFFF\",\"pillBgColor\":\"#FFFFFF\"}},\"action\":{\"type\":\"navigate\",\"subType\":\"search\",\"params\":{\"query\":\"limited attempt course\",\"filter\":{\"offset\":0,\"filters\":{\"audience\":[],\"objectType\":[\"Content\"]}}}},\"expiry\":\"1841807258\"},{\"code\":\"banner_search\",\"type\":\"secondary\",\"ui\":{\"text\":\"FLN Programme\",\"icon\":\"assets/images/ic_fln_programme.svg\",\"theme\":{\"iconBgColor\":\"#FFFFFF\",\"pillBgColor\":\"#FFFFFF\"}},\"action\":{\"type\":\"navigate\",\"subType\":\"search\",\"params\":{\"query\":\"limited attempt course\",\"filter\":{\"offset\":0,\"filters\":{\"audience\":[],\"objectType\":[\"Content\"]}}}},\"expiry\":\"1841807258\"},{\"code\":\"banner_search\",\"type\":\"secondary\",\"ui\":{\"text\":\"Administration  Programme\",\"icon\":\"assets/images/ic_administration_programme.svg\",\"theme\":{\"iconBgColor\":\"#FFFFFF\",\"pillBgColor\":\"#FFFFFF\"}},\"action\":{\"type\":\"navigate\",\"subType\":\"search\",\"params\":{\"query\":\"limited attempt course\",\"filter\":{\"offset\":0,\"filters\":{\"audience\":[],\"objectType\":[\"Content\"]}}}},\"expiry\":\"1841807258\"},{\"code\":\"banner_search\",\"type\":\"secondary\",\"ui\":{\"text\":\"Quiz\",\"icon\":\"assets/images/ic_quiz.svg\",\"theme\":{\"iconBgColor\":\"#FFFFFF\",\"pillBgColor\":\"#FFFFFF\"}},\"action\":{\"type\":\"navigate\",\"subType\":\"search\",\"params\":{\"query\":\"limited attempt course\",\"filter\":{\"offset\":0,\"filters\":{\"audience\":[],\"objectType\":[\"Content\"]}}}},\"expiry\":\"1841807258\"}]}}]}",
*,*,content,*,save,*,2025-03-19 10:29:14.876+0000,"{\"templateName\":\"defaultTemplate\",\"action\":\"save\",\"fields\":[{\"code\":\"appicon\",\"visible\":true,\"editable\":true,\"dataType\":\"url\",\"renderingHints\":{},\"name\":\"App Icon\",\"description\":\"App Icon\",\"index\":1,\"inputType\":\"file\",\"label\":\"Icon\",\"placeholder\":\"App Icon\",\"required\":false},{\"code\":\"name\",\"visible\":true,\"editable\":true,\"dataType\":\"text\",\"renderingHints\":{},\"name\":\"Title\",\"description\":\"Title of the content\",\"index\":2,\"inputType\":\"text\",\"label\":\"Title\",\"placeholder\":\"Enter Title For Book\",\"required\":true},{\"code\":\"description\",\"visible\":true,\"editable\":true,\"dataType\":\"text\",\"renderingHints\":{},\"name\":\"Description\",\"description\":\"Brief description\",\"index\":3,\"inputType\":\"textarea\",\"label\":\"Description\",\"placeholder\":\"Brief description about the Book\",\"required\":false},{\"code\":\"keywords\",\"visible\":true,\"editable\":true,\"dataType\":\"list\",\"name\":\"Keywords\",\"description\":\"Keywords for the content\",\"index\":4,\"inputType\":\"keywordsuggestion\",\"label\":\"keywords\",\"placeholder\":\"Enter Keywords\",\"required\":false},{\"code\":\"primaryCategory\",\"visible\":true,\"editable\":false,\"dataType\":\"text\",\"renderingHints\":{},\"description\":\"Content Type\",\"index\":5,\"label\":\"Content Type\",\"required\":true,\"name\":\"Content Type\",\"inputType\":\"text\",\"placeholder\":\"\"},{\"code\":\"additionalCategories\",\"dataType\":\"list\",\"description\":\"Additonal Category of the Content\",\"editable\":true,\"index\":6,\"inputType\":\"multiselect\",\"label\":\"Additional Category\",\"name\":\"Additional Category\",\"placeholder\":\"Select Additional Category\",\"renderingHints\":{},\"range\":[\"CCT\",\"Classroom Teaching Video\",\"Concept Map\",\"Curiosity Question Set\",\"Textbook\",\"Experiential Resource\",\"Explanation Video\",\"FLN\",\"Focus Spot\",\"Learning Outcome Definition\",\"Marking Scheme Rubric\",\"Pedagogy Flow\",\"Lesson Plan\",\"Previous Board Exam Papers\",\"TV Lesson\"],\"required\":false,\"visible\":true},{\"code\":\"board\",\"visible\":true,\"depends\":[\"medium\",\"gradeLevel\",\"subject\",\"topic\"],\"editable\":true,\"dataType\":\"text\",\"renderingHints\":{},\"description\":\"Board\",\"index\":7,\"label\":\"Board/Syllabus\",\"required\":false,\"name\":\"Board/Syllabus\",\"inputType\":\"select\",\"placeholder\":\"Select Board/Syllabus\"},{\"code\":\"medium\",\"visible\":true,\"depends\":[\"gradeLevel\",\"subject\",\"topic\"],\"editable\":true,\"dataType\":\"list\",\"renderingHints\":{},\"description\":\"\",\"index\":8,\"label\":\"Medium\",\"required\":false,\"name\":\"medium\",\"inputType\":\"multiselect\",\"placeholder\":\"Select Medium\"},{\"code\":\"gradeLevel\",\"visible\":true,\"depends\":[\"subject\",\"topic\"],\"editable\":true,\"dataType\":\"list\",\"renderingHints\":{},\"description\":\"Class\",\"index\":9,\"label\":\"Class\",\"required\":false,\"name\":\"Class\",\"inputType\":\"multiselect\",\"placeholder\":\"Select Class\"},{\"code\":\"subject\",\"visible\":true,\"depends\":[\"topic\"],\"editable\":true,\"dataType\":\"list\",\"renderingHints\":{},\"description\":\"\",\"index\":10,\"label\":\"Subject\",\"required\":false,\"name\":\"Subject\",\"inputType\":\"multiselect\",\"placeholder\":\"Select Subject\"},{\"code\":\"topic\",\"visible\":true,\"editable\":true,\"dataType\":\"list\",\"renderingHints\":{},\"name\":\"Topic\",\"description\":\"Choose a Topics\",\"index\":11,\"inputType\":\"topicselector\",\"label\":\"Topics\",\"placeholder\":\"Choose Topics\",\"required\":false},{\"code\":\"audience\",\"visible\":true,\"editable\":true,\"dataType\":\"list\",\"renderingHints\":{},\"description\":\"\",\"index\":12,\"range\":[\"Administrator\",\"Parent\",\"Student\",\"Teacher\",\"Other\"],\"label\":\"Audience\",\"required\":false,\"name\":\"Audience\",\"inputType\":\"multiselect\",\"placeholder\":\"Select Audience\"},{\"code\":\"author\",\"visible\":true,\"editable\":true,\"dataType\":\"text\",\"renderingHints\":{},\"name\":\"Author\",\"description\":\"Original Author\",\"index\":13,\"inputType\":\"text\",\"label\":\"Original Author\",\"placeholder\":\"Author\",\"required\":false},{\"code\":\"attributions\",\"visible\":true,\"editable\":true,\"dataType\":\"list\",\"renderingHints\":{},\"name\":\"attribution\",\"description\":\"Attributions\",\"index\":14,\"inputType\":\"text\",\"label\":\"Attributions\",\"placeholder\":\"Attributions\",\"required\":false},{\"code\":\"copyright\",\"visible\":true,\"editable\":true,\"dataType\":\"text\",\"renderingHints\":{},\"name\":\"Copyright\",\"description\":\"Copyright\",\"index\":15,\"inputType\":\"text\",\"label\":\"Copyright\",\"placeholder\":\"Copyright\",\"required\":false},{\"code\":\"copyrightYear\",\"visible\":true,\"editable\":true,\"dataType\":\"list\",\"renderingHints\":{},\"description\":\"Year of Creation\",\"index\":16,\"label\":\"Year of Creation\",\"required\":true,\"name\":\"Year of Creation\",\"inputType\":\"number\",\"placeholder\":\"Enter Year of Creation\",\"validation\":[{\"type\":\"min\",\"message\":\"Maximum length of the year should be 4\",\"value\":\"4\"},{\"type\":\"max\",\"message\":\"Minimum length of the year should be 4\",\"value\":\"4\"}]},{\"code\":\"displayScore\",\"dataType\":\"boolean\",\"description\":\"Display Score\",\"editable\":true,\"inputType\":\"select\",\"range\":[{\"name\":\"Yes\",\"value\":\"true\"},{\"name\":\"No\",\"value\":\"false\"}],\"label\":\"Display Score\",\"name\":\"Display Score\",\"placeholder\":\"Display Score\",\"renderingHints\":{},\"required\":false,\"visible\":true,\"index\":17},{\"code\":\"maxAttempts\",\"dataType\":\"number\",\"description\":\"Max no of attempts\",\"editable\":true,\"inputType\":\"number\",\"label\":\"Max no of attempts\",\"name\":\"Max no of attempts\",\"placeholder\":\"Max no of attempts\",\"renderingHints\":{},\"required\":false,\"visible\":true,\"index\":18},{\"code\":\"license\",\"visible\":true,\"editable\":true,\"dataType\":\"text\",\"renderingHints\":{},\"name\":\"license\",\"description\":\"License of the content\",\"index\":19,\"inputType\":\"licenses\",\"label\":\"license\",\"placeholder\":\"license\",\"required\":true},{\"code\":\"licenseterms\",\"visible\":true,\"editable\":true,\"defaultValue\":\"By creating any type of content (resources, books, courses etc.) on DIKSHA, you consent to publish it under the Creative Commons License Framework. Please choose the applicable creative commons license you wish to apply to your content.\",\"dataType\":\"text\",\"renderingHints\":{\"value\":{\"video/x-youtube\":\"By linking or uploading YouTube videos on DIKSHA, you consent to publishing it as per the terms of the YouTube video license. DIKSHA accepts only videos with YouTube Standard License or Creative Commons License.\"},\"class\":\"twelve wide field\"},\"description\":\"licenseterms\",\"index\":20,\"label\":\"License Terms\",\"required\":false,\"name\":\"licenseterms\",\"inputType\":\"label\",\"placeholder\":\"license\"},{\"code\":\"sunbirdBootcamp01\",\"visible\":true,\"editable\":true,\"dataType\":\"list\",\"renderingHints\":{},\"name\":\"Sunbird Boot camp\",\"description\":\"Sunbird Boot camp\",\"index\":21,\"range\":[\"BootCamp01\",\"BootCamp02\",\"BootCamp03\"],\"inputType\":\"select\",\"label\":\"Sunbird Boot camp\",\"placeholder\":\"Sunbird Boot camp\",\"required\":false}]}",
*,*,group,activities,list,portal,2025-03-19 10:30:02.154+0000,"{\"templateName\":\"activities\",\"action\":\"list\",\"fields\":[{\"isEnabled\":true,\"index\":0,\"filters\":{\"contentType\":[\"Course\"]},\"title\":\"ACTIVITY_COURSE_TITLE\",\"activityType\":\"Content\",\"desc\":\"ACTIVITY_COURSE_DESC\"},{\"isEnabled\":false,\"index\":1,\"filters\":{\"contentType\":[\"TextBook\"]},\"title\":\"ACTIVITY_TEXTBOOK_TITLE\",\"activityType\":\"Content\",\"desc\":\"ACTIVITY_TEXTBOOK_DESC\"}]}",
0143146729170944000,FMPS,content,resource,create,*,2025-03-20 16:27:31.032+0000,"{\"templateName\":\"defaultTemplate\",\"action\":\"create\",\"fields\":[{\"code\":\"name\",\"dataType\":\"text\",\"name\":\"Name\",\"label\":\"Name\",\"description\":\"Name\",\"editable\":true,\"placeholder\":\"Name\",\"inputType\":\"text\",\"required\":false,\"displayProperty\":\"Editable\",\"visible\":true,\"renderingHints\":{\"semanticColumnWidth\":\"twelve\"},\"index\":1},{\"code\":\"organisation\",\"dataType\":\"text\",\"name\":\"Organisation\",\"label\":\"Organisation\",\"description\":\"Organisation\",\"editable\":true,\"placeholder\":\"Organisation\",\"inputType\":\"select\",\"required\":true,\"displayProperty\":\"Editable\",\"visible\":true,\"renderingHints\":{\"semanticColumnWidth\":\"six\"},\"index\":2,\"depends\":[]},{\"code\":\"language\",\"dataType\":\"text\",\"name\":\"Language\",\"label\":\"Language\",\"description\":\"Language\",\"editable\":true,\"placeholder\":\"Language\",\"inputType\":\"multiSelect\",\"required\":true,\"displayProperty\":\"Editable\",\"visible\":true,\"renderingHints\":{\"semanticColumnWidth\":\"six\"},\"index\":3,\"depends\":[]},{\"code\":\"category\",\"dataType\":\"text\",\"name\":\"Category\",\"label\":\"Category\",\"description\":\"Category\",\"editable\":true,\"placeholder\":\"Category\",\"inputType\":\"select\",\"required\":false,\"displayProperty\":\"Editable\",\"visible\":true,\"renderingHints\":{\"semanticColumnWidth\":\"six\"},\"index\":4},{\"code\":\"resourceType\",\"dataType\":\"text\",\"name\":\"Resource Type\",\"label\":\"Resource Type\",\"description\":\"Resourcetype\",\"editable\":true,\"placeholder\":\"Resource Type\",\"inputType\":\"select\",\"required\":false,\"displayProperty\":\"Editable\",\"visible\":true,\"renderingHints\":{\"semanticColumnWidth\":\"six\"},\"index\":5,\"range\":[{\"key\":\"Teach\",\"name\":\"Teach\"},{\"key\":\"Practice\",\"name\":\"Practice\"},{\"key\":\"Learn\",\"name\":\"Learn\"},{\"key\":\"Test\",\"name\":\"Test\"},{\"key\":\"Play\",\"name\":\"Play\"},{\"key\":\"Read\",\"name\":\"Read\"},{\"key\":\"Experiment\",\"name\":\"Experiment\"}]}]}",2025-04-01 11:24:07.605+0000
*,*,contentfeedback,en,get,*,2025-03-19 10:29:49.407+0000,"{\"templateName\":\"contentfeedback\",\"action\":\"get\",\"fields\":[{\"1\":{\"question\":\"Would you like to tell us more?\",\"options\":[{\"idx\":1,\"value\":\"Content is inaccurate\",\"key\":\"CONTENT_INACCURATE\"},{\"idx\":2,\"value\":\"Content is not displayed properly\",\"key\":\"CONTENT_NOT_DISPLAYED\"},{\"idx\":3,\"value\":\"Content is not relevant\",\"key\":\"CONTENT_NOT_RELEVANT\"},{\"idx\":4,\"value\":\"Did not help me understand the concept\",\"key\":\"DIDNT_UNDERSTAND_CONCEPT\"},{\"idx\":6,\"value\":\"There is a technical problem\",\"key\":\"TECHNICAL_PROBLEM\"},{\"idx\":6,\"value\":\"Content is insufficient or not there\",\"key\":\"INSUFFICIENT_CONTENT\"},{\"idx\":8,\"value\":\"Other\",\"key\":\"OTHER\"}],\"ratingText\":\"Very Bad\"},\"2\":{\"question\":\"Would you like to tell us more?\",\"options\":[{\"idx\":1,\"value\":\"Content is inaccurate\",\"key\":\"CONTENT_INACCURATE\"},{\"idx\":2,\"value\":\"Content is not displayed properly\",\"key\":\"CONTENT_NOT_DISPLAYED\"},{\"idx\":3,\"value\":\"Content is not relevant\",\"key\":\"CONTENT_NOT_RELEVANT\"},{\"idx\":4,\"value\":\"Did not help me understand the concept\",\"key\":\"DIDNT_UNDERSTAND_CONCEPT\"},{\"idx\":6,\"value\":\"There is a technical problem\",\"key\":\"TECHNICAL_PROBLEM\"},{\"idx\":6,\"value\":\"Content is insufficient or not there\",\"key\":\"INSUFFICIENT_CONTENT\"},{\"idx\":8,\"value\":\"Other\",\"key\":\"OTHER\"}],\"ratingText\":\"Bad\"},\"3\":{\"question\":\"Would you like to tell us more?\",\"options\":[{\"idx\":1,\"value\":\"Content is inaccurate\",\"key\":\"CONTENT_INACCURATE\"},{\"idx\":2,\"value\":\"Content is not displayed properly\",\"key\":\"CONTENT_NOT_DISPLAYED\"},{\"idx\":3,\"value\":\"Content is not relevant\",\"key\":\"CONTENT_NOT_RELEVANT\"},{\"idx\":4,\"value\":\"Did not help me understand the concept\",\"key\":\"DIDNT_UNDERSTAND_CONCEPT\"},{\"idx\":6,\"value\":\"There is a technical problem\",\"key\":\"TECHNICAL_PROBLEM\"},{\"idx\":6,\"value\":\"Content is insufficient or not there\",\"key\":\"INSUFFICIENT_CONTENT\"},{\"idx\":8,\"value\":\"Other\",\"key\":\"OTHER\"}],\"ratingText\":\"Average\"},\"4\":{\"question\":\"Would you like to tell us more?\",\"options\":[{\"idx\":1,\"value\":\"Content is inaccurate\",\"key\":\"CONTENT_INACCURATE\"},{\"idx\":2,\"value\":\"Content is not displayed properly\",\"key\":\"CONTENT_NOT_DISPLAYED\"},{\"idx\":3,\"value\":\"Content is not relevant\",\"key\":\"CONTENT_NOT_RELEVANT\"},{\"idx\":4,\"value\":\"Did not help me understand the concept\",\"key\":\"DIDNT_UNDERSTAND_CONCEPT\"},{\"idx\":6,\"value\":\"There is a technical problem\",\"key\":\"TECHNICAL_PROBLEM\"},{\"idx\":6,\"value\":\"Content is insufficient or not there\",\"key\":\"INSUFFICIENT_CONTENT\"},{\"idx\":8,\"value\":\"Other\",\"key\":\"OTHER\"}],\"ratingText\":\"Good\"},\"5\":{\"question\":\"Would you like to tell us more?\",\"options\":[{\"idx\":1,\"value\":\"Understood the concept well\",\"key\":\"UNDERSTOOD_CONCEPT\"},{\"idx\":2,\"value\":\"Helped me prepare for my exam\",\"key\":\"HELPED_IN_EXAM\"},{\"idx\":3,\"value\":\"Learnt something new\",\"key\":\"LEARNT_SOMETHING\"},{\"idx\":4,\"value\":\"Helped me teach my class\",\"key\":\"HELPED_IN_CLASS\"},{\"idx\":6,\"value\":\"Content is interesting and fun\",\"key\":\"CONTENT_INTERESTING\"},{\"idx\":7,\"value\":\"Other\",\"key\":\"OTHER\"}],\"ratingText\":\"Excellent\"}}]}",
*,*,content,course,search,*,2025-03-19 10:30:08.510+0000,"{\"templateName\":\"defaultTemplate\",\"action\":\"search\",\"fields\":[{\"code\":\"concept\",\"visible\":false,\"editable\":true,\"displayProperty\":\"Editable\",\"renderingHints\":{\"width\":\"four\"},\"name\":\"Concepts\",\"description\":\"concept\",\"index\":5,\"inputType\":\"select \",\"label\":\"Concepts\",\"required\":false},{\"code\":\"board\",\"visible\":true,\"editable\":true,\"displayProperty\":\"Editable\",\"renderingHints\":{\"width\":\"four\"},\"name\":\"Board\",\"description\":\"Education Board (Like MP Board, NCERT, etc)\",\"index\":1,\"inputType\":\"select\",\"label\":\"Board\",\"required\":false},{\"code\":\"medium\",\"visible\":true,\"editable\":true,\"displayProperty\":\"Editable\",\"renderingHints\":{\"width\":\"four\"},\"name\":\"Medium\",\"description\":\"Medium of instruction\",\"index\":4,\"inputType\":\"select\",\"label\":\"Medium\",\"required\":false},{\"code\":\"subject\",\"visible\":true,\"editable\":true,\"displayProperty\":\"Editable\",\"renderingHints\":{\"width\":\"four\"},\"name\":\"Subject\",\"description\":\"Subject of the Content to use to teach\",\"index\":2,\"inputType\":\"select\",\"label\":\"Subject\",\"required\":false}]}",
*,*,generaliseresourcebundles,global,list,portal,2025-03-19 10:30:05.607+0000,"{\"templateName\":\"collectionResourceBundles\",\"action\":\"list\",\"fields\":[{\"textbook\":{\"trackable\":{\"hi\":\"all_labels_hi.json\",\"te\":\"all_labels_te.json\",\"kn\":\"all_labels_kn.json\",\"mr\":\"all_labels_mr.json\",\"en\":\"all_labels_en.json\",\"bn\":\"all_labels_bn.json\",\"ta\":\"all_labels_ta.json\",\"ur\":\"all_labels_ur.json\"},\"nontrackable\":{\"hi\":\"all_labels_hi.json\",\"te\":\"all_labels_te.json\",\"kn\":\"all_labels_kn.json\",\"mr\":\"all_labels_mr.json\",\"en\":\"all_labels_en.json\",\"bn\":\"all_labels_bn.json\",\"ta\":\"all_labels_ta.json\",\"ur\":\"all_labels_ur.json\"},\"key\":\"tbk\"},\"tvclass\":{\"trackable\":{\"hi\":\"all_labels_hi.json\",\"te\":\"all_labels_te.json\",\"kn\":\"all_labels_kn.json\",\"mr\":\"all_labels_mr.json\",\"en\":\"all_labels_en.json\",\"bn\":\"all_labels_bn.json\",\"ta\":\"all_labels_ta.json\",\"ur\":\"all_labels_ur.json\"},\"nontrackable\":{\"hi\":\"all_labels_hi.json\",\"te\":\"all_labels_te.json\",\"kn\":\"all_labels_kn.json\",\"mr\":\"all_labels_mr.json\",\"en\":\"all_labels_en.json\",\"bn\":\"all_labels_bn.json\",\"ta\":\"all_labels_ta.json\",\"ur\":\"all_labels_ur.json\"},\"key\":\"tvc\"},\"default\":{\"trackable\":{\"hi\":\"all_labels_hi.json\",\"te\":\"all_labels_te.json\",\"kn\":\"all_labels_kn.json\",\"mr\":\"all_labels_mr.json\",\"en\":\"all_labels_en.json\",\"bn\":\"all_labels_bn.json\",\"ta\":\"all_labels_ta.json\",\"ur\":\"all_labels_ur.json\"},\"nontrackable\":{\"hi\":\"all_labels_hi.json\",\"te\":\"all_labels_te.json\",\"kn\":\"all_labels_kn.json\",\"mr\":\"all_labels_mr.json\",\"en\":\"all_labels_en.json\",\"bn\":\"all_labels_bn.json\",\"ta\":\"all_labels_ta.json\",\"ur\":\"all_labels_ur.json\"},\"key\":\"dflt\"},\"course\":{\"trackable\":{\"hi\":\"all_labels_hi.json\",\"te\":\"all_labels_te.json\",\"kn\":\"all_labels_kn.json\",\"mr\":\"all_labels_mr.json\",\"en\":\"all_labels_en.json\",\"bn\":\"all_labels_bn.json\",\"ta\":\"all_labels_ta.json\",\"ur\":\"all_labels_ur.json\"},\"nontrackable\":{\"hi\":\"all_labels_hi.json\",\"te\":\"all_labels_te.json\",\"kn\":\"all_labels_kn.json\",\"mr\":\"all_labels_mr.json\",\"en\":\"all_labels_en.json\",\"bn\":\"all_labels_bn.json\",\"ta\":\"all_labels_ta.json\",\"ur\":\"all_labels_ur.json\"},\"key\":\"crs\"}}]}",
*,*,content,draft,search,*,2025-03-19 10:29:55.788+0000,"{\"templateName\":\"defaultTemplate\",\"action\":\"search\",\"fields\":[{\"code\":\"primaryCategory\",\"dataType\":\"text\",\"name\":\"Content Type\",\"label\":\"Content Type\",\"description\":\"Content Type\",\"editable\":true,\"inputType\":\"select\",\"required\":false,\"displayProperty\":\"Editable\",\"visible\":true,\"range\":[{\"name\":\"Course\"},{\"name\":\"Digital Textbook\"},{\"name\":\"Content Playlist\"},{\"name\":\"Explanation Content\"},{\"name\":\"Learning Resource\"},{\"name\":\"Practice Question Set\"},{\"name\":\"eTextbook\"},{\"name\":\"Teacher Resource\"}],\"renderingHints\":{\"semanticColumnWidth\":\"four\"},\"index\":5},{\"code\":\"farmingtype\",\"visible\":true,\"editable\":true,\"displayProperty\":\"Editable\",\"dataType\":\"text\",\"renderingHints\":{\"semanticColumnWidth\":\"four\"},\"name\":\"farmingtype\",\"description\":\"Education farmingtype\",\"index\":1,\"inputType\":\"select\",\"label\":\"Farming Type\",\"tooltip\":\"farmingtype\",\"required\":false},{\"code\":\"croptype\",\"visible\":true,\"editable\":true,\"displayProperty\":\"Editable\",\"dataType\":\"text\",\"renderingHints\":{\"semanticColumnWidth\":\"four\"},\"name\":\"croptype\",\"description\":\"Crop Type\",\"index\":3,\"inputType\":\"select\",\"label\":\"Crop Type\",\"required\":false},{\"code\":\"medium\",\"visible\":true,\"editable\":true,\"displayProperty\":\"Editable\",\"dataType\":\"text\",\"renderingHints\":{\"semanticColumnWidth\":\"four\"},\"name\":\"Medium\",\"description\":\"Medium of instruction\",\"index\":2,\"inputType\":\"select\",\"label\":\"Medium\",\"required\":false},{\"code\":\"subject\",\"visible\":true,\"editable\":true,\"displayProperty\":\"Editable\",\"dataType\":\"text\",\"renderingHints\":{\"semanticColumnWidth\":\"four\"},\"name\":\"Subject\",\"description\":\"Subject of the Content to use to teach\",\"index\":4,\"inputType\":\"select\",\"label\":\"Subject\",\"required\":false}]}",
*,*,category,targetedcategory,homelisting_v2,*,2025-03-19 10:29:24.782+0000,"{\"templateName\":\"defaultTemplate\",\"action\":\"homeListing\",\"fields\":{\"cbse\":{\"teacher\":[{\"name\":\"observations\",\"icon\":{\"web\":\"assets/images/mask-image/observation_category.png\",\"app\":\"assets/imgs/ic_observation_category.png\"}},{\"name\":\"projects\",\"icon\":{\"web\":\"\",\"app\":\"assets/imgs/ic_project.svg\"}},{\"name\":\"programs\",\"icon\":{\"web\":\"\",\"app\":\"assets/imgs/ic_program.svg\"}}]},\"ekstep_ncert_k-12\":{\"teacher\":[{\"name\":\"observations\",\"icon\":{\"web\":\"assets/images/mask-image/observation_category.png\",\"app\":\"assets/imgs/ic_observation_category.png\"}}]},\"tn_k-12_5\":{\"teacher\":[{\"name\":\"observations\",\"icon\":{\"web\":\"assets/images/mask-image/observation_category.png\",\"app\":\"assets/imgs/ic_observation_category.png\"}}]},\"cg_k-12\":{\"teacher\":[{\"name\":\"observations\",\"icon\":{\"web\":\"assets/images/mask-image/observation_category.png\",\"app\":\"assets/imgs/ic_observation_category.png\"}}]},\"pb_k-12\":{\"teacher\":[{\"name\":\"observations\",\"icon\":{\"web\":\"assets/images/mask-image/observation_category.png\",\"app\":\"assets/imgs/ic_observation_category.png\"}}]}}}",
*,*,config,webview_version,get,*,2025-03-19 10:29:19.898+0000,"{\"templateName\":\"webview_version\",\"action\":\"get\",\"fields\":[{\"version\":\"43\"}]}",
0143146729170944000,*,user,framework,update,*,2025-03-20 10:57:51.189+0000,"{\"templateName\":\"defaultTemplate\",\"action\":\"get\",\"fields\":[{\"code\":\"board\",\"dataType\":\"text\",\"name\":\"Board\",\"label\":\"Board\",\"description\":\"Education Board (Like MP Board, NCERT, etc)\",\"editable\":true,\"inputType\":\"multi-select\",\"required\":true,\"displayProperty\":\"Editable\",\"visible\":true,\"renderingHints\":{\"semanticColumnWidth\":\"four\"},\"index\":1,\"translation\":\"frmelmnts.lbl.boards\"},{\"code\":\"medium\",\"dataType\":\"text\",\"name\":\"Medium\",\"label\":\"Medium\",\"description\":\"Medium of instruction\",\"editable\":true,\"inputType\":\"multi-select\",\"required\":true,\"displayProperty\":\"Editable\",\"visible\":true,\"renderingHints\":{\"semanticColumnWidth\":\"four\"},\"index\":2,\"translation\":\"frmelmnts.lbl.medium\"},{\"code\":\"gradeLevel\",\"dataType\":\"text\",\"name\":\"Class\",\"label\":\"Class\",\"description\":\"Grade\",\"editable\":true,\"inputType\":\"multi-select\",\"required\":true,\"displayProperty\":\"Editable\",\"visible\":true,\"renderingHints\":{\"semanticColumnWidth\":\"four\"},\"index\":3,\"translation\":\"frmelmnts.lbl.class\"},{\"code\":\"subject\",\"dataType\":\"text\",\"name\":\"Subject\",\"label\":\"Subject\",\"description\":\"Subject of the Content to use to teach\",\"editable\":true,\"inputType\":\"multi-select\",\"required\":false,\"displayProperty\":\"Editable\",\"visible\":false,\"renderingHints\":{\"semanticColumnWidth\":\"four\"},\"index\":4,\"translation\":\"frmelmnts.lbl.subject\"}]}",2025-03-20 10:58:04.155+0000
*,*,content,assessment,create,portal,2025-03-18 16:49:39.398+0000,"{\"templateName\":\"defaultTemplate\",\"action\":\"create\",\"fields\":[{\"code\":\"name\",\"visible\":true,\"editable\":true,\"displayProperty\":\"Editable\",\"dataType\":\"text\",\"renderingHints\":{\"semanticColumnWidth\":\"twelve\"},\"description\":\"Name\",\"index\":1,\"label\":\"Name\",\"required\":false,\"name\":\"Name\",\"inputType\":\"text\",\"placeholder\":\"Name\"},{\"code\":\"maxAttempts\",\"dataType\":\"text\",\"name\":\"Max no of attempts\",\"label\":\"Max no of attempts\",\"description\":\"Max no of attempts\",\"editable\":true,\"placeholder\":\"Max no of attempts\",\"inputType\":\"number\",\"required\":false,\"displayProperty\":\"Editable\",\"visible\":true,\"renderingHints\":{\"semanticColumnWidth\":\"six\"},\"index\":6}]}",
*,*,app,install,upgrade,*,2025-03-19 10:29:31.341+0000,"{\"templateName\":\"defaultAppUpgradeTemplate\",\"action\":\"upgrade\",\"fields\":[{\"code\":\"upgrade\",\"name\":\"Upgrade of app\",\"language\":\"en\",\"range\":[{\"minVersionCode\":60,\"maxVersionCode\":80,\"versionName\":\"2.1To2.3\",\"type\":\"force\"}],\"upgradeTypes\":[{\"type\":\"force\",\"title\":\"For faster loading of textbooks, more content, and a chance to participate in national level quizzes, update your DIKSHA app to the latest version. To get the latest version from Google Playstore, tap 'Update Now'.\",\"desc\":\"\",\"actionButtons\":[{\"action\":\"yes\",\"label\":\"Update Now\",\"link\":\"https://play.google.com/store/apps/details?id=in.gov.diksha.app&hl=en\"}]}]},{\"code\":\"upgrade\",\"name\":\"Upgrade of app\",\"language\":\"as\",\"range\":[{\"minVersionCode\":60,\"maxVersionCode\":80,\"versionName\":\"2.1To2.3\",\"type\":\"force\"}],\"upgradeTypes\":[{\"type\":\"force\",\"title\":\"আমি এই কনটেন্টৰ অন্তৰ্গত হেৰোৱা ইমেজ আৰু অ’ডিঅ’ৰ ক্ষেত্ৰত হোৱা সমস্যা সংশোধন কৰিলোঁ। উৎকৃষ্ট অভিজ্ঞতাৰ বাবে, আমি আপোনাক DIKSHA ৰ শেহতীয়া সংস্কৰণটো উন্নীত কৰাৰ পৰামৰ্শ দিওঁ।\",\"desc\":\"\",\"actionButtons\":[{\"action\":\"yes\",\"label\":\"এতিয়া আপডেট কৰক\",\"link\":\"https://play.google.com/store/apps/details?id=in.gov.diksha.app&hl=en\"}]}]},{\"code\":\"upgrade\",\"name\":\"Upgrade of app\",\"language\":\"bn\",\"range\":[{\"minVersionCode\":60,\"maxVersionCode\":80,\"versionName\":\"2.1To2.3\",\"type\":\"force\"}],\"upgradeTypes\":[{\"type\":\"force\",\"title\":\"আমরা তথ্যসূচীর মধ্যে না পাওয়া অডিও ও ভিডিওগুলির সমস্যা সমাধান করেছি। আরও ভাল অভিজ্ঞতার জন্য, আমরা আপনাকে সুপারিশ করছি দীক্ষা-র সর্বশেষ সংস্করণে আপগ্রেড করতে।\",\"desc\":\"\",\"actionButtons\":[{\"action\":\"yes\",\"label\":\"এখন আপডেট করুন\",\"link\":\"https://play.google.com/store/apps/details?id=in.gov.diksha.app&hl=en\"}]}]},{\"code\":\"upgrade\",\"name\":\"Upgrade of app\",\"language\":\"hi\",\"range\":[{\"minVersionCode\":60,\"maxVersionCode\":80,\"versionName\":\"2.1To2.3\",\"type\":\"force\"}],\"upgradeTypes\":[{\"type\":\"force\",\"title\":\"आप के पास DIKSHA एप का पुराना वर्ज़न हैं| नवीनतम वर्ज़न पाने के लिए गूगल प्लेसटोर पर जाए और 'अपडेट करें' दबायें ।\",\"desc\":\"\",\"actionButtons\":[{\"action\":\"yes\",\"label\":\"अभी अपडेट करें\",\"link\":\"https://play.google.com/store/apps/details?id=in.gov.diksha.app&hl=en\"}]}]},{\"code\":\"upgrade\",\"name\":\"Upgrade of app\",\"language\":\"kn\",\"range\":[{\"minVersionCode\":60,\"maxVersionCode\":80,\"versionName\":\"2.1To2.3\",\"type\":\"force\"}],\"upgradeTypes\":[{\"type\":\"force\",\"title\":\"ನೀವು DIKSHA ಆಪ್ ನ ಹಳೆಯ ಆವೃತ್ತಿಯನ್ನು ಬಳಸುತ್ತಿದ್ದೀರಿ. ಗೂಗಲ್ ಪ್ಲೇ ಸ್ಟೋರ್ ನಿಂದ ಇತ್ತೀಚಿನ ಆವೃತ್ತಿಯನ್ನು ಪಡೆಯಲು, 'ಈಗ ಅಪ್ ಡೇಟ್ ಮಾಡಿ'  ಒತ್ತಿ. \",\"desc\":\"\",\"actionButtons\":[{\"action\":\"yes\",\"label\":\"ಈಗ ಅಪ್ ಡೇಟ್ ಮಾಡಿ\",\"link\":\"https://play.google.com/store/apps/details?id=in.gov.diksha.app&hl=en\"}]}]},{\"code\":\"upgrade\",\"name\":\"Upgrade of app\",\"language\":\"ml\",\"range\":[{\"minVersionCode\":60,\"maxVersionCode\":80,\"versionName\":\"2.1To2.3\",\"type\":\"force\"}],\"upgradeTypes\":[{\"type\":\"force\",\"title\":\"ഉള്ളടക്കത്തിനുള്ളിലെ ചിത്രങ്ങളും ഓഡിയോയും നഷ്‌ടമായതിനാൽ നേരിട്ട പ്രശ്‌നങ്ങൾ പരിഹരിച്ചു.ഒരു മികച്ച അനുഭവത്തിനായി,DIKSHA യുടെ ഏറ്റവും പുതിയ പതിപ്പിലേക്ക് അപ്ഗ്രേഡ് ചെയ്യുക.\",\"desc\":\"\",\"actionButtons\":[{\"action\":\"yes\",\"label\":\"ഇപ്പോൾ അപ്‌ഡേറ്റുചെയ്യുക\",\"link\":\"https://play.google.com/store/apps/details?id=in.gov.diksha.app&hl=en\"}]}]},{\"code\":\"upgrade\",\"name\":\"Upgrade of app\",\"language\":\"mr\",\"range\":[{\"minVersionCode\":60,\"maxVersionCode\":80,\"versionName\":\"2.1To2.3\",\"type\":\"force\"}],\"upgradeTypes\":[{\"type\":\"force\",\"title\":\"तुम्ही DIKSHA अॅपची जुनी आवृत्ती वापरत आहात. Google Playstore मधून नवीन आवृत्ती मिळविण्यासाठी, 'आता अपडेट करा' हे बटण टॅप करा.\",\"desc\":\"\",\"actionButtons\":[{\"action\":\"yes\",\"label\":\"आता अपडेट करा\",\"link\":\"https://play.google.com/store/apps/details?id=in.gov.diksha.app&hl=en\"}]}]},{\"code\":\"upgrade\",\"name\":\"Upgrade of app\",\"language\":\"pa\",\"range\":[{\"minVersionCode\":60,\"maxVersionCode\":80,\"versionName\":\"2.1To2.3\",\"type\":\"force\"}],\"upgradeTypes\":[{\"type\":\"force\",\"title\":\"ਤੁਸੀਂ  DIKSHA ਐਪ ਦਾ ਪੁਰਾਣਾ ਸੰਸਕਰਣ ਵਰਤ ਰਹੇ ਹੋ। ਗੂਗਲ ਪਲੇਸਟੋਰ ਤੋਂ ਨਵੀਨਤਮ ਸੰਸਕਰਣ ਪ੍ਰਾਪਤ ਕਰਨ ਲਈ, 'ਹੁਣੇ ਅਪਡੇਟ ਕਰੋ' ਨੂੰ ਟੈਪ ਕਰੋ।\",\"desc\":\"\",\"actionButtons\":[{\"action\":\"yes\",\"label\":\"ਹੁਣੇ ਅਪਡੇਟ ਕਰੋ\",\"link\":\"https://play.google.com/store/apps/details?id=in.gov.diksha.app&hl=en\"}]}]},{\"code\":\"upgrade\",\"name\":\"Upgrade of app\",\"language\":\"ta\",\"range\":[{\"minVersionCode\":60,\"maxVersionCode\":80,\"versionName\":\"2.1To2.3\",\"type\":\"force\"}],\"upgradeTypes\":[{\"type\":\"force\",\"title\":\"நீங்கள் DIKSHA பயன்பாட்டின் பழைய செயலியைப் பயன்படுத்துகிறீர்கள். கூகுள் ப்ளேஸ்‌டோரிலிருந்து சமீபத்திய செயலியைப் பெற, புதுப்பிக்கவும் என்பதைத் தட்டவும். \",\"desc\":\"\",\"actionButtons\":[{\"action\":\"yes\",\"label\":\"இப்பொழுது மேம்படுத்து\",\"link\":\"https://play.google.com/store/apps/details?id=in.gov.diksha.app&hl=en\"}]}]},{\"code\":\"upgrade\",\"name\":\"Upgrade of app\",\"language\":\"te\",\"range\":[{\"minVersionCode\":60,\"maxVersionCode\":80,\"versionName\":\"2.1To2.3\",\"type\":\"force\"}],\"upgradeTypes\":[{\"type\":\"force\",\"title\":\"మీరు DIKSHA ఆప్ యొక్క పాత వర్షన్ వాడుతున్నారు. దయచేసి గూగ్ల్ ప్లే స్టోర్ కి వెళ్ళి ఆప్ ని అప్‌డేట్ చెయ్యండి.\",\"desc\":\"\",\"actionButtons\":[{\"action\":\"yes\",\"label\":\"ఇప్పుడే అప్‌డేట్ చెయ్యి\",\"link\":\"https://play.google.com/store/apps/details?id=in.gov.diksha.app&hl=en\"}]}]},{\"code\":\"upgrade\",\"name\":\"Upgrade of app\",\"language\":\"ur\",\"range\":[{\"minVersionCode\":60,\"maxVersionCode\":80,\"versionName\":\"2.1To2.3\",\"type\":\"force\"}],\"upgradeTypes\":[{\"type\":\"force\",\"title\":\"آپ DIKSHA ایپ کا پرانا ورژن استعمال کر رہے ہیں۔گوگل پلے اسٹور سے تازہ ترین ورژن حاصل کرنے کے لئے ، ابھی اپ ڈیٹ پر ٹیپ کریں\",\"desc\":\"\",\"actionButtons\":[{\"action\":\"yes\",\"label\":\"ابھی اپ ڈیٹ کریں\",\"link\":\"https://play.google.com/store/apps/details?id=in.gov.diksha.app&hl=en\"}]}]}]}",
*,*,content,courses,filter,*,2025-03-19 10:29:42.688+0000,"{\"templateName\":\"defaultTemplate\",\"action\":\"filter\",\"fields\":[{\"code\":\"topic\",\"dataType\":\"text\",\"name\":\"Topics\",\"label\":\"Topics\",\"description\":\"Topics covered in the courses\",\"editable\":true,\"inputType\":\"topic-picker\",\"required\":false,\"displayProperty\":\"Editable\",\"visible\":true,\"renderingHints\":{\"semanticColumnWidth\":\"four\"},\"index\":1},{\"code\":\"purpose\",\"dataType\":\"text\",\"name\":\"Purpose\",\"label\":\"Purpose\",\"description\":\"Purpose of the course\",\"editable\":true,\"inputType\":\"multi-select\",\"required\":false,\"displayProperty\":\"Editable\",\"visible\":true,\"renderingHints\":{\"semanticColumnWidth\":\"four\"},\"index\":2},{\"code\":\"medium\",\"dataType\":\"text\",\"name\":\"Medium\",\"label\":\"Medium\",\"description\":\"Medium of Instruction\",\"editable\":true,\"inputType\":\"multi-select\",\"required\":false,\"displayProperty\":\"Editable\",\"visible\":true,\"renderingHints\":{\"semanticColumnWidth\":\"four\"},\"index\":3},{\"code\":\"gradeLevel\",\"dataType\":\"text\",\"name\":\"Class\",\"label\":\"Class\",\"description\":\"Classes taught\",\"editable\":true,\"inputType\":\"multi-select\",\"required\":false,\"displayProperty\":\"Editable\",\"visible\":true,\"renderingHints\":{\"semanticColumnWidth\":\"four\"},\"index\":4},{\"code\":\"subject\",\"dataType\":\"text\",\"name\":\"Subject\",\"label\":\"Subject\",\"description\":\"Subject of the Content to use to teach\",\"editable\":true,\"inputType\":\"multi-select\",\"required\":false,\"displayProperty\":\"Editable\",\"visible\":true,\"renderingHints\":{\"semanticColumnWidth\":\"four\"},\"index\":5},{\"code\":\"channel\",\"dataType\":\"text\",\"name\":\"Organization\",\"label\":\"Organization\",\"description\":\"Organization of courses\",\"editable\":true,\"inputType\":\"multi-select\",\"required\":false,\"displayProperty\":\"Editable\",\"visible\":true,\"renderingHints\":{\"semanticColumnWidth\":\"four\"},\"index\":6}]}",
0143146729170944000,FMPS,contentfeedback,fr,get,*,2025-04-17 11:55:53.565+0000,"{\"templateName\":\"contentfeedback\",\"action\":\"get\",\"fields\":[{\"1\":{\"question\":\"Souhaitez-vous nous en dire plus?\",\"options\":[{\"idx\":1,\"value\":\"Le contenu est inexact\",\"key\":\"CONTENT_INACCURATE\"},{\"idx\":2,\"value\":\"Le contenu ne s'affiche pas correctement\",\"key\":\"CONTENT_NOT_DISPLAYED\"},{\"idx\":3,\"value\":\"Le contenu n'est pas pertinent\",\"key\":\"CONTENT_NOT_RELEVANT\"},{\"idx\":4,\"value\":\"Le contenu m'a pas permis de comprendre le concept\",\"key\":\"DIDNT_UNDERSTAND_CONCEPT\"},{\"idx\":6,\"value\":\"Il y a un problème technique\",\"key\":\"TECHNICAL_PROBLEM\"},{\"idx\":6,\"value\":\"Le contenu est insuffisant ou inexistant\",\"key\":\"INSUFFICIENT_CONTENT\"},{\"idx\":8,\"value\":\"Autres\",\"key\":\"OTHER\"}],\"ratingText\":\"Très mauvais\"},\"2\":{\"question\":\"Souhaitez-vous nous en dire plus?\",\"options\":[{\"idx\":1,\"value\":\"Le contenu est inexact\",\"key\":\"CONTENT_INACCURATE\"},{\"idx\":2,\"value\":\"Le contenu ne s'affiche pas correctement\",\"key\":\"CONTENT_NOT_DISPLAYED\"},{\"idx\":3,\"value\":\"Le contenu n'est pas pertinent\",\"key\":\"CONTENT_NOT_RELEVANT\"},{\"idx\":4,\"value\":\"Le contenu m'a pas permis de comprendre le concept\",\"key\":\"DIDNT_UNDERSTAND_CONCEPT\"},{\"idx\":6,\"value\":\"Il y a un problème technique\",\"key\":\"TECHNICAL_PROBLEM\"},{\"idx\":6,\"value\":\"Le contenu est insuffisant ou inexistant\",\"key\":\"INSUFFICIENT_CONTENT\"},{\"idx\":8,\"value\":\"Autres\",\"key\":\"OTHER\"}],\"ratingText\":\"Mauvais\"},\"3\":{\"question\":\"Souhaitez-vous nous en dire plus?\",\"options\":[{\"idx\":1,\"value\":\"Le contenu est inexact\",\"key\":\"CONTENT_INACCURATE\"},{\"idx\":2,\"value\":\"Le contenu ne s'affiche pas correctement\",\"key\":\"CONTENT_NOT_DISPLAYED\"},{\"idx\":3,\"value\":\"Le contenu n'est pas pertinent\",\"key\":\"CONTENT_NOT_RELEVANT\"},{\"idx\":4,\"value\":\"Le contenu m'a pas permis de comprendre le concept\",\"key\":\"DIDNT_UNDERSTAND_CONCEPT\"},{\"idx\":6,\"value\":\"Il y a un problème technique\",\"key\":\"TECHNICAL_PROBLEM\"},{\"idx\":6,\"value\":\"Le contenu est insuffisant ou inexistant\",\"key\":\"INSUFFICIENT_CONTENT\"},{\"idx\":8,\"value\":\"Autres\",\"key\":\"OTHER\"}],\"ratingText\":\"Moyen\"},\"4\":{\"question\":\"Souhaitez-vous nous en dire plus?\",\"options\":[{\"idx\":1,\"value\":\"Le contenu est inexact\",\"key\":\"CONTENT_INACCURATE\"},{\"idx\":2,\"value\":\"Le contenu ne s'affiche pas correctement\",\"key\":\"CONTENT_NOT_DISPLAYED\"},{\"idx\":3,\"value\":\"Le contenu n'est pas pertinent\",\"key\":\"CONTENT_NOT_RELEVANT\"},{\"idx\":4,\"value\":\"Le contenu m'a pas permis de comprendre le concept\",\"key\":\"DIDNT_UNDERSTAND_CONCEPT\"},{\"idx\":6,\"value\":\"Il y a un problème technique\",\"key\":\"TECHNICAL_PROBLEM\"},{\"idx\":6,\"value\":\"Le contenu est insuffisant ou inexistant\",\"key\":\"INSUFFICIENT_CONTENT\"},{\"idx\":8,\"value\":\"Autres\",\"key\":\"OTHER\"}],\"ratingText\":\"Bien\"},\"5\":{\"question\":\"Souhaitez-vous nous en dire plus?\",\"options\":[{\"idx\":1,\"value\":\"J'ai bien compris le concept\",\"key\":\"UNDERSTOOD_CONCEPT\"},{\"idx\":2,\"value\":\"M'a aidé à préparer mon examen\",\"key\":\"HELPED_IN_EXAM\"},{\"idx\":3,\"value\":\"J'ai appris de nouveaux concepts\",\"key\":\"LEARNT_SOMETHING\"},{\"idx\":4,\"value\":\"M'a aidé à enseigner ma classe\",\"key\":\"HELPED_IN_CLASS\"},{\"idx\":6,\"value\":\"Le contenu est intéressant et amusant\",\"key\":\"CONTENT_INTERESTING\"},{\"idx\":7,\"value\":\"Autres\",\"key\":\"OTHER\"}],\"ratingText\":\"Excellent\"}}]}",
*,*,customresourcebundles,global,list,portal,2025-03-18 16:49:23.550+0000,"{\"defaultLanguage\":\"en\",\"en\":{\"frameworkCategory1\":\"Board\",\"frameworkCategory2\":\"Medium\",\"frameworkCategory3\":\"Grade\",\"frameworkCategory4\":\"Subject\"}}",
*,*,config,discover_v2,get,app,2025-03-19 10:29:27.145+0000,"{\"templateName\":\"discover_v2\",\"action\":\"get\",\"fields\":[{\"dataSrc\":{\"type\":\"CONTENT_FACETS\",\"request\":{\"type\":\"POST\",\"path\":\"/api/content/v1/search\",\"withBearerToken\":true,\"body\":{\"request\":{\"limit\":0,\"offset\":0,\"mode\":\"hard\",\"facets\":[],\"filters\":{}}}},\"params\":{\"config\":[{\"type\":\"filter\",\"code\":\"popular_categories\",\"values\":[{\"code\":\"subject\",\"translations\":\"{\\\"en\\\":\\\"Subject\\\",\\\"as\\\":\\\"বিষয়\\\",\\\"bn\\\":\\\"বিষয়\\\",\\\"gu\\\":\\\"વિષય\\\",\\\"hi\\\":\\\"विषय\\\",\\\"kn\\\":\\\"ವಿಷಯ\\\",\\\"mr\\\":\\\"विषय\\\",\\\"or\\\":\\\"ବିଷୟ\\\",\\\"pa\\\":\\\"ਵਿਸ਼ਾ\\\",\\\"ta\\\":\\\"பாடம்\\\",\\\"te\\\":\\\"పాఠ్యాంశము\\\",\\\"ur\\\":\\\"مضامین\\\"}\",\"values\":[],\"name\":\"Subject\",\"index\":2,\"sort\":true},{\"code\":\"audience\",\"translations\":\"{\\\"en\\\":\\\"Role\\\"}\",\"values\":[],\"name\":\"Role\",\"index\":4}]}]},\"values\":[{\"facet\":\"Digital Textbook\",\"index\":0,\"searchCriteria\":{\"facets\":[],\"primaryCategories\":[\"Digital Textbook\"],\"mode\":\"soft\",\"searchType\":\"search\"},\"aggregate\":{\"groupBy\":\"subject\",\"groupSortBy\":[{\"name\":{\"order\":\"asc\"}}]},\"filterPillBy\":\"primaryCategory\"},{\"facet\":\"Courses\",\"index\":1,\"searchCriteria\":{\"facets\":[],\"primaryCategories\":[\"Course\"],\"mode\":\"soft\",\"searchType\":\"search\"},\"aggregate\":{\"groupBy\":\"subject\",\"groupSortBy\":[{\"name\":{\"order\":\"asc\"}}]},\"filterPillBy\":\"primaryCategory\"},{\"facet\":\"Tv Classes\",\"index\":2,\"searchCriteria\":{\"facets\":[],\"primaryCategories\":[\"Explanation Content\"],\"mode\":\"soft\",\"searchType\":\"search\"},\"aggregate\":{\"groupBy\":\"subject\",\"groupSortBy\":[{\"name\":{\"order\":\"asc\"}}]},\"filterPillBy\":\"primaryCategory\"},{\"facet\":\"Videos\",\"index\":3,\"searchCriteria\":{\"facets\":[],\"mimeType\":[\"video/avi\",\"video/mpeg\",\"video/quicktime\",\"video/3gpp\",\"video/mpeg\",\"video/mp4\",\"video/ogg\",\"video/webm\"],\"mode\":\"soft\",\"searchType\":\"search\"},\"aggregate\":{\"groupBy\":\"subject\",\"groupSortBy\":[{\"name\":{\"order\":\"asc\"}}]},\"filterPillBy\":\"primaryCategory\"},{\"facet\":\"Interactive Content\",\"index\":5,\"searchCriteria\":{\"facets\":[],\"mimeType\":[\"application/vnd.ekstep.ecml-archive\",\"application/vnd.ekstep.h5p-archive\",\"application/vnd.ekstep.html-archive\"],\"mode\":\"soft\",\"searchType\":\"search\"},\"aggregate\":{\"groupBy\":\"subject\",\"groupSortBy\":[{\"name\":{\"order\":\"asc\"}}]},\"filterPillBy\":\"primaryCategory\"},{\"facet\":\"Audio\",\"index\":4,\"searchCriteria\":{\"facets\":[],\"mimeType\":[\"audio/mp3\",\"audio/mp4\",\"audio/mpeg\",\"audio/ogg\",\"audio/webm\",\"audio/x-wav\",\"audio/wav\"],\"mode\":\"soft\",\"searchType\":\"search\"},\"aggregate\":{\"groupBy\":\"subject\",\"groupSortBy\":[{\"name\":{\"order\":\"asc\"}}]},\"filterPillBy\":\"primaryCategory\"}],\"mapping\":[]},\"sections\":[{\"index\":0,\"code\":\"popular_categories\",\"description\":\"{\\\"en\\\":\\\"Explore a wide variety of %category on %appName across different boards and subject\\\"}\",\"landingDetails\":{\"title\":\"{\\\"en\\\":\\\"Explore %category\\\"}\",\"description\":\"{\\\"en\\\":\\\"Explore a wide variety of %category on %appName across different boards and subject\\\"}\"},\"title\":\"{\\\"en\\\":\\\"Popular categories\\\"}\",\"theme\":{\"component\":\"sb-pills-grid\",\"inputs\":{\"pillShape\":\"default\",\"pillBorder\":\"round\",\"pillTextElipsis\":\"one_line\"},\"children\":{\"sb-pill-item\":{\"inputs\":{\"icon\":\"assets/imgs/all_content.svg\",\"theme\":{\"iconBgColor\":\"#FFFFFF\",\"pillBgColor\":\"#FFFFFF\"}},\"inputsMap\":{\"icon\":{\"digitaltextbooks\":\"assets/imgs/textbook.svg\",\"digitaltextbook\":\"assets/imgs/textbook.svg\",\"courses\":\"assets/imgs/course.svg\",\"course\":\"assets/imgs/course.svg\",\"tvprograms\":\"assets/imgs/tv.svg\",\"tvclasses\":\"assets/imgs/tv.svg\",\"documents\":\"assets/imgs/documents.svg\",\"videos\":\"assets/imgs/videos.svg\",\"interactivecontent\":\"assets/imgs/touch.svg\",\"audio\":\"assets/imgs/audio.svg\"}}}}}}]},{\"dataSrc\":{\"type\":\"CONTENT_FACETS\",\"request\":{\"type\":\"POST\",\"path\":\"/api/content/v1/search\",\"withBearerToken\":true,\"body\":{\"request\":{\"limit\":0,\"offset\":0,\"mode\":\"hard\",\"facets\":[],\"filters\":{}}}},\"params\":{\"config\":[{\"type\":\"filter\",\"code\":\"other_boards\",\"values\":[{\"code\":\"subject\",\"translations\":\"{\\\"en\\\":\\\"Subject\\\",\\\"as\\\":\\\"বিষয়\\\",\\\"bn\\\":\\\"বিষয়\\\",\\\"gu\\\":\\\"વિષય\\\",\\\"hi\\\":\\\"विषय\\\",\\\"kn\\\":\\\"ವಿಷಯ\\\",\\\"mr\\\":\\\"विषय\\\",\\\"or\\\":\\\"ବିଷୟ\\\",\\\"pa\\\":\\\"ਵਿਸ਼ਾ\\\",\\\"ta\\\":\\\"பாடம்\\\",\\\"te\\\":\\\"పాఠ్యాంశము\\\",\\\"ur\\\":\\\"مضامین\\\"}\",\"values\":[],\"name\":\"Subject\",\"sort\":true,\"index\":2},{\"code\":\"audience\",\"translations\":\"{\\\"en\\\":\\\"Role\\\"}\",\"values\":[],\"name\":\"Role\",\"index\":4}]}]},\"values\":[{\"code\":\"ekstep_ncert_k-12\",\"index\":0,\"facet\":\"{\\\"en\\\":\\\"CBSE/NCERT\\\"}\",\"searchCriteria\":{\"facets\":[\"board\"],\"board\":[\"CBSE\"]},\"aggregate\":{\"groupBy\":\"subject\"},\"filterPillBy\":\"primaryCategory\"},{\"code\":\"igot_health\",\"index\":1,\"facet\":\"{\\\"en\\\":\\\"IGOT-Health\\\"}\",\"searchCriteria\":{\"facets\":[\"board\"],\"board\":[\"IGOT-Health\"]},\"aggregate\":{\"groupBy\":\"subject\"},\"filterPillBy\":\"primaryCategory\"},{\"code\":\"ar_k-12\",\"index\":2,\"facet\":\"{\\\"en\\\":\\\"State (Arunachal Pradesh)\\\"}\",\"searchCriteria\":{\"facets\":[\"board\"],\"board\":[\"State (Arunachal Pradesh)\"]},\"aggregate\":{\"groupBy\":\"subject\"},\"filterPillBy\":\"primaryCategory\"},{\"code\":\"ap_k-12\",\"index\":3,\"facet\":\"{\\\"en\\\":\\\"State (Andhra Pradesh)\\\"}\",\"searchCriteria\":{\"facets\":[\"board\"],\"board\":[\"State (Andhra Pradesh)\"]},\"aggregate\":{\"groupBy\":\"subject\"},\"filterPillBy\":\"primaryCategory\"},{\"code\":\"as_k-12\",\"index\":4,\"facet\":\"{\\\"en\\\":\\\"State (Assam)\\\"}\",\"searchCriteria\":{\"facets\":[\"board\"],\"board\":[\"State (Assam)\"]},\"aggregate\":{\"groupBy\":\"subject\"},\"filterPillBy\":\"primaryCategory\"},{\"code\":\"br_k-12\",\"index\":5,\"facet\":\"{\\\"en\\\":\\\"State (Bihar)\\\"}\",\"searchCriteria\":{\"facets\":[\"board\"],\"board\":[\"State (Bihar)\"]},\"aggregate\":{\"groupBy\":\"subject\"},\"filterPillBy\":\"primaryCategory\"},{\"code\":\"ch_k-12\",\"index\":6,\"facet\":\"{\\\"en\\\":\\\"State (Chandigarh)\\\"}\",\"searchCriteria\":{\"facets\":[\"board\"],\"board\":[\"State (Chandigarh)\"]},\"aggregate\":{\"groupBy\":\"subject\"},\"filterPillBy\":\"primaryCategory\"},{\"code\":\"cg_k-12\",\"index\":7,\"facet\":\"{\\\"en\\\":\\\"State (Chhattisgarh)\\\"}\",\"searchCriteria\":{\"facets\":[\"board\"],\"board\":[\"State (Chhattisgarh)\"]},\"aggregate\":{\"groupBy\":\"subject\"},\"filterPillBy\":\"primaryCategory\"},{\"code\":\"dl_k-12\",\"index\":8,\"facet\":\"{\\\"en\\\":\\\"State (Delhi)\\\"}\",\"searchCriteria\":{\"facets\":[\"board\"],\"board\":[\"State (Delhi)\"]},\"aggregate\":{\"groupBy\":\"subject\"},\"filterPillBy\":\"primaryCategory\"},{\"code\":\"ga_k-12\",\"index\":9,\"facet\":\"{\\\"en\\\":\\\"State (Goa)\\\"}\",\"searchCriteria\":{\"facets\":[\"board\"],\"board\":[\"State (Goa)\"]},\"aggregate\":{\"groupBy\":\"subject\"},\"filterPillBy\":\"primaryCategory\"},{\"code\":\"gj_k-12\",\"index\":10,\"facet\":\"{\\\"en\\\":\\\"State (Gujarat)\\\"}\",\"searchCriteria\":{\"facets\":[\"board\"],\"board\":[\"State (Gujarat)\"]},\"aggregate\":{\"groupBy\":\"subject\"},\"filterPillBy\":\"primaryCategory\"},{\"code\":\"hr_k-12\",\"index\":11,\"facet\":\"{\\\"en\\\":\\\"State (Haryana)\\\"}\",\"searchCriteria\":{\"facets\":[\"board\"],\"board\":[\"State (Haryana)\"]},\"aggregate\":{\"groupBy\":\"subject\"},\"filterPillBy\":\"primaryCategory\"},{\"code\":\"hp_k-12\",\"index\":12,\"facet\":\"{\\\"en\\\":\\\"State (Himachal Pradesh)\\\"}\",\"searchCriteria\":{\"facets\":[\"board\"],\"board\":[\"State (Himachal Pradesh)\"]},\"aggregate\":{\"groupBy\":\"subject\"},\"filterPillBy\":\"primaryCategory\"},{\"code\":\"jk_k-12\",\"index\":13,\"facet\":\"{\\\"en\\\":\\\"State (Jammu And Kashmir)\\\"}\",\"searchCriteria\":{\"facets\":[\"board\"],\"board\":[\"State (Jammu And Kashmir)\"]},\"aggregate\":{\"groupBy\":\"subject\"},\"filterPillBy\":\"primaryCategory\"},{\"code\":\"jh_k-12\",\"index\":14,\"facet\":\"{\\\"en\\\":\\\"State (Jharkhand)\\\"}\",\"searchCriteria\":{\"facets\":[\"board\"],\"board\":[\"State (Jharkhand)\"]},\"aggregate\":{\"groupBy\":\"subject\"},\"filterPillBy\":\"primaryCategory\"},{\"code\":\"ka_k-12\",\"index\":15,\"facet\":\"{\\\"en\\\":\\\"State (Karnataka)\\\"}\",\"searchCriteria\":{\"facets\":[\"board\"],\"board\":[\"State (Karnataka)\"]},\"aggregate\":{\"groupBy\":\"subject\"},\"filterPillBy\":\"primaryCategory\"},{\"code\":\"kl_k-12\",\"index\":16,\"facet\":\"{\\\"en\\\":\\\"State (Kerala)\\\"}\",\"searchCriteria\":{\"facets\":[\"board\"],\"board\":[\"State (Kerala)\"]},\"aggregate\":{\"groupBy\":\"subject\"},\"filterPillBy\":\"primaryCategory\"},{\"code\":\"mp_k-12\",\"index\":17,\"facet\":\"{\\\"en\\\":\\\"State (Madhya Pradesh)\\\"}\",\"searchCriteria\":{\"facets\":[\"board\"],\"board\":[\"State (Madhya Pradesh)\"]},\"aggregate\":{\"groupBy\":\"subject\"},\"filterPillBy\":\"primaryCategory\"},{\"code\":\"mh_k-12_1\",\"index\":18,\"facet\":\"{\\\"en\\\":\\\"State (Maharashtra)\\\"}\",\"searchCriteria\":{\"facets\":[\"board\"],\"board\":[\"State (Maharashtra)\"]},\"aggregate\":{\"groupBy\":\"subject\"},\"filterPillBy\":\"primaryCategory\"},{\"code\":\"mn_k-12\",\"index\":19,\"facet\":\"{\\\"en\\\":\\\"State (Manipur)\\\"}\",\"searchCriteria\":{\"facets\":[\"board\"],\"board\":[\"State (Manipur)\"]},\"aggregate\":{\"groupBy\":\"subject\"},\"filterPillBy\":\"primaryCategory\"},{\"code\":\"ml_k-12\",\"index\":20,\"facet\":\"{\\\"en\\\":\\\"State (Meghalya)\\\"}\",\"searchCriteria\":{\"facets\":[\"board\"],\"board\":[\"State (Meghalya)\"]},\"aggregate\":{\"groupBy\":\"subject\"},\"filterPillBy\":\"primaryCategory\"},{\"code\":\"mz_k-12\",\"index\":21,\"facet\":\"{\\\"en\\\":\\\"State (Mizoram)\\\"}\",\"searchCriteria\":{\"facets\":[\"board\"],\"board\":[\"State (Mizoram)\"]},\"aggregate\":{\"groupBy\":\"subject\"},\"filterPillBy\":\"primaryCategory\"},{\"code\":\"nl_k-12\",\"index\":22,\"facet\":\"{\\\"en\\\":\\\"State (Nagaland)\\\"}\",\"searchCriteria\":{\"facets\":[\"board\"],\"board\":[\"State (Nagaland)\"]},\"aggregate\":{\"groupBy\":\"subject\"},\"filterPillBy\":\"primaryCategory\"},{\"code\":\"od_k-12\",\"index\":23,\"facet\":\"{\\\"en\\\":\\\"State (Odisha)\\\"}\",\"searchCriteria\":{\"facets\":[\"board\"],\"board\":[\"State (Odisha)\"]},\"aggregate\":{\"groupBy\":\"subject\"},\"filterPillBy\":\"primaryCategory\"},{\"code\":\"pb_k-12\",\"index\":24,\"facet\":\"{\\\"en\\\":\\\"State (Punjab)\\\"}\",\"searchCriteria\":{\"facets\":[\"board\"],\"board\":[\"State (Punjab)\"]},\"aggregate\":{\"groupBy\":\"subject\"},\"filterPillBy\":\"primaryCategory\"},{\"code\":\"rj_k-12\",\"index\":25,\"facet\":\"{\\\"en\\\":\\\"State (Rajasthan)\\\"}\",\"searchCriteria\":{\"facets\":[\"board\"],\"board\":[\"State (Rajasthan)\"]},\"aggregate\":{\"groupBy\":\"subject\"},\"filterPillBy\":\"primaryCategory\"},{\"code\":\"sk_k-12_1\",\"index\":26,\"facet\":\"{\\\"en\\\":\\\"State (Sikkim)\\\"}\",\"searchCriteria\":{\"facets\":[\"board\"],\"board\":[\"State (Sikkim)\"]},\"aggregate\":{\"groupBy\":\"subject\"},\"filterPillBy\":\"primaryCategory\"},{\"code\":\"tn_k-12_5\",\"index\":27,\"facet\":\"{\\\"en\\\":\\\"State (Tamil Nadu)\\\"}\",\"searchCriteria\":{\"facets\":[\"board\"],\"board\":[\"State (Tamil Nadu)\"]},\"aggregate\":{\"groupBy\":\"subject\"},\"filterPillBy\":\"primaryCategory\"},{\"code\":\"ts_k-12\",\"index\":28,\"facet\":\"{\\\"en\\\":\\\"State (Telangana)\\\"}\",\"searchCriteria\":{\"facets\":[\"board\"],\"board\":[\"State (Telangana)\"]},\"aggregate\":{\"groupBy\":\"subject\"},\"filterPillBy\":\"primaryCategory\"},{\"code\":\"tp_k-12\",\"index\":29,\"facet\":\"{\\\"en\\\":\\\"State (Tripura)\\\"}\",\"searchCriteria\":{\"facets\":[\"board\"],\"board\":[\"State (Tripura)\"]},\"aggregate\":{\"groupBy\":\"subject\"},\"filterPillBy\":\"primaryCategory\"},{\"code\":\"up_k-12\",\"index\":30,\"facet\":\"{\\\"en\\\":\\\"State (Uttar Pradesh)\\\"}\",\"searchCriteria\":{\"facets\":[\"board\"],\"board\":[\"State (Uttar Pradesh)\"]},\"aggregate\":{\"groupBy\":\"subject\"},\"filterPillBy\":\"primaryCategory\"},{\"code\":\"uk_k-12\",\"index\":31,\"facet\":\"{\\\"en\\\":\\\"State (Uttarakhand)\\\"}\",\"searchCriteria\":{\"facets\":[\"board\"],\"board\":[\"State (Uttarakhand)\"]},\"aggregate\":{\"groupBy\":\"subject\"},\"filterPillBy\":\"primaryCategory\"},{\"code\":\"an_k-12\",\"index\":32,\"facet\":\"{\\\"en\\\":\\\"UT (Andaman and Nicobar Islands)\\\"}\",\"searchCriteria\":{\"facets\":[\"board\"],\"board\":[\"UT (Andaman and Nicobar Islands)\"]},\"aggregate\":{\"groupBy\":\"subject\"},\"filterPillBy\":\"primaryCategory\"},{\"code\":\"dd_k-12\",\"index\":33,\"facet\":\"{\\\"en\\\":\\\"UT (DNH and DD)\\\"}\",\"searchCriteria\":{\"facets\":[\"board\"],\"board\":[\"UT (DNH and DD)\"]},\"aggregate\":{\"groupBy\":\"subject\"},\"filterPillBy\":\"primaryCategory\"},{\"code\":\"ld_k-12\",\"index\":34,\"facet\":\"{\\\"en\\\":\\\"UT (Ladakh)\\\"}\",\"searchCriteria\":{\"facets\":[\"board\"],\"board\":[\"UT (Ladakh)\"]},\"aggregate\":{\"groupBy\":\"subject\"},\"filterPillBy\":\"primaryCategory\"},{\"code\":\"py_k-12\",\"index\":35,\"facet\":\"{\\\"en\\\":\\\"UT (Puducherry)\\\"}\",\"searchCriteria\":{\"facets\":[\"board\"],\"board\":[\"UT (Puducherry)\"]},\"aggregate\":{\"groupBy\":\"subject\"},\"filterPillBy\":\"primaryCategory\"}],\"mapping\":[]},\"sections\":[{\"index\":1,\"code\":\"other_boards\",\"title\":\"{\\\"en\\\":\\\"Explore content from other boards\\\"}\",\"description\":\"{\\\"en\\\":\\\"Explore content linked to %category across all subjects\\\"}\",\"landingDetails\":{\"title\":\"{\\\"en\\\":\\\"Explore %category\\\"}\",\"description\":\"{\\\"en\\\":\\\"Explore content linked to %category across all subjects\\\"}\"},\"isEnabled\":true,\"component\":\"tag\",\"shape\":\"circle\",\"theme\":{\"component\":\"sb-pills-grid\",\"inputs\":{\"pillShape\":\"default\",\"pillsViewType\":\"scroll\",\"pillBorder\":\"round\",\"pillSize\":\"large\",\"pillTextElipsis\":\"one_line\"},\"children\":{\"sb-pill-item\":{\"inputs\":{\"icon\":\"assets/imgs/default_circle.png\",\"theme\":{\"iconBgColor\":\"#FFFFFF\",\"pillBgColor\":\"#FFFFFF\"}},\"inputsMap\":{\"icon\":{\"ekstep_ncert_k-12\":\"https://diksha.gov.in/cbse/cbse-logo.png\",\"igot_health\":\"https://diksha.gov.in/igot/logo.png\",\"ar_k-12\":\"https://diksha.gov.in/ar/logo.png\",\"ap_k-12\":\"https://diksha.gov.in/ap/logo.png\",\"as_k-12\":\"https://diksha.gov.in/as/logo.png\",\"br_k-12\":\"https://diksha.gov.in/br/logo.png\",\"ch_k-12\":\"https://diksha.gov.in/logo.png\",\"cg_k-12\":\"https://diksha.gov.in/cg/logo.png\",\"dl_k-12\":\"https://diksha.gov.in/dl/logo.png\",\"ga_k-12\":\"https://diksha.gov.in/ga/logo.png\",\"gj_k-12\":\"https://diksha.gov.in/gj/logo.png\",\"hr_k-12\":\"https://diksha.gov.in/hr/logo.png\",\"hp_k-12\":\"https://diksha.gov.in/logo.png\",\"jk_k-12\":\"https://diksha.gov.in/jk/logo.png\",\"jh_k-12\":\"https://diksha.gov.in/jh/logo.png\",\"ka_k-12\":\"https://diksha.gov.in/ka/appLogo.png\",\"kl_k-12\":\"https://diksha.gov.in/logo.png\",\"mp_k-12\":\"https://diksha.gov.in/mp/logo.png\",\"mh_k-12_1\":\"https://diksha.gov.in/mh/logo.png\",\"mn_k-12\":\"https://diksha.gov.in/mn/appLogo.png\",\"ml_k-12\":\"https://diksha.gov.in/ml/logo.png\",\"mz_k-12\":\"https://diksha.gov.in/mz/logo.png\",\"nl_k-12\":\"https://diksha.gov.in/nl/logo.png\",\"od_k-12\":\"https://diksha.gov.in/od/appLogo.png\",\"pb_k-12\":\"https://diksha.gov.in/pb/appLogo.png\",\"rj_k-12\":\"https://diksha.gov.in/rj/appLogo.png\",\"sk_k-12_1\":\"https://diksha.gov.in/sk/logo.png\",\"tn_k-12_5\":\"https://diksha.gov.in/tn/appLogo.png\",\"ts_k-12\":\"https://diksha.gov.in/ts/logo.png\",\"tp_k-12\":\"https://diksha.gov.in/logo.png\",\"up_k-12\":\"https://diksha.gov.in/up/appLogo.png\",\"uk_k-12\":\"https://diksha.gov.in/logo.png\",\"an_k-12\":\"https://diksha.gov.in/an/logo.png\",\"dd_k-12\":\"https://diksha.gov.in/dd/appLogo.png\",\"ld_k-12\":\"https://diksha.gov.in/ld/appLogo.png\",\"py_k-12\":\"https://diksha.gov.in/py/appLogo.png\"}}}}}}]},{\"dataSrc\":{\"type\":\"CONTENT_FACETS\",\"request\":{\"type\":\"POST\",\"path\":\"/api/content/v1/search\",\"withBearerToken\":true,\"body\":{\"request\":{\"limit\":0,\"offset\":0,\"mode\":\"hard\",\"facets\":[],\"filters\":{}}}},\"params\":{\"config\":[{\"type\":\"filter\",\"code\":\"browse_by_audience\",\"values\":[{\"code\":\"subject\",\"translations\":\"{\\\"en\\\":\\\"Subject\\\",\\\"hi\\\":\\\"कक्षा\\\",\\\"te\\\":\\\"క్లాసు\\\",\\\"ta\\\":\\\"வகுப்பு\\\",\\\"mr\\\":\\\"इयत्ता\\\"}\",\"values\":[],\"name\":\"Subject\",\"index\":2,\"sort\":true},{\"code\":\"audience\",\"translations\":\"{\\\"en\\\":\\\"Role\\\",\\\"hi\\\":\\\"माध्यम\\\",\\\"te\\\":\\\"మాధ్యమం\\\",\\\"ta\\\":\\\"மொழி\\\",\\\"mr\\\":\\\"माध्यम\\\"}\",\"values\":[],\"name\":\"Role\",\"index\":4}]}]},\"values\":[{\"code\":\"teacher\",\"facet\":\"Teacher\",\"index\":0,\"searchCriteria\":{\"facets\":[],\"audience\":[\"Teacher\"],\"mode\":\"soft\",\"searchType\":\"search\"},\"aggregate\":{\"groupBy\":\"subject\"},\"filterPillBy\":\"primaryCategory\"},{\"code\":\"student\",\"facet\":\"Student\",\"index\":1,\"searchCriteria\":{\"facets\":[],\"audience\":[\"Student\"],\"mode\":\"soft\",\"searchType\":\"search\"},\"aggregate\":{\"groupBy\":\"subject\"},\"filterPillBy\":\"primaryCategory\"},{\"code\":\"parent\",\"facet\":\"Parent/Guardian\",\"index\":2,\"searchCriteria\":{\"facets\":[],\"audience\":[\"Parent\"],\"mode\":\"soft\",\"searchType\":\"search\"},\"aggregate\":{\"groupBy\":\"subject\"},\"filterPillBy\":\"primaryCategory\"},{\"code\":\"administrator\",\"facet\":\"Head Teacher & Officials\",\"index\":3,\"searchCriteria\":{\"facets\":[],\"audience\":[\"Administrator\"],\"mode\":\"soft\",\"searchType\":\"search\"},\"aggregate\":{\"groupBy\":\"subject\"},\"filterPillBy\":\"primaryCategory\"}],\"mapping\":[]},\"sections\":[{\"index\":2,\"code\":\"browse_by_audience\",\"title\":\"{\\\"en\\\":\\\"Explore content for a variety of audience\\\"}\",\"description\":\"{\\\"en\\\":\\\"Explore a wide variety of content meant for %category on %appName\\\"}\",\"landingDetails\":{\"title\":\"{\\\"en\\\":\\\"Explore Courses\\\"}\",\"description\":\"{\\\"en\\\":\\\"Explore content matching your preferences\\\"}\"},\"isEnabled\":true,\"component\":\"tag\",\"shape\":\"circle\",\"theme\":{\"component\":\"sb-pills-grid\",\"inputs\":{\"pillShape\":\"default\",\"pillsViewType\":\"scroll\",\"pillBorder\":\"round\",\"pillSize\":\"large\",\"pillTextElipsis\":\"one_line\"},\"children\":{\"sb-pill-item\":{\"inputs\":{\"icon\":\"assets/imgs/default_circle.png\",\"theme\":{\"iconBgColor\":\"#FFFFFF\",\"pillBgColor\":\"#FFFFFF\"}},\"inputsMap\":{\"icon\":{\"student\":\"assets/imgs/ic_student.svg\",\"teacher\":\"assets/imgs/ic_teacher.svg\",\"parent\":\"assets/imgs/ic_parent.svg\",\"administrator\":\"assets/imgs/ic_admin.svg\"}}}}}}]}]}",
*,*,content,published,search,*,2025-03-19 10:30:02.778+0000,"{\"templateName\":\"defaultTemplate\",\"action\":\"search\",\"fields\":[{\"code\":\"board\",\"visible\":true,\"editable\":true,\"displayProperty\":\"Editable\",\"dataType\":\"text\",\"renderingHints\":{\"semanticColumnWidth\":\"four\"},\"name\":\"Board\",\"description\":\"Education Board (Like MP Board, NCERT, etc)\",\"index\":1,\"inputType\":\"select\",\"label\":\"Board\",\"required\":false},{\"code\":\"gradeLevel\",\"visible\":true,\"editable\":true,\"displayProperty\":\"Editable\",\"dataType\":\"text\",\"renderingHints\":{\"semanticColumnWidth\":\"four\"},\"name\":\"Class\",\"description\":\"Grade\",\"index\":3,\"inputType\":\"select\",\"label\":\"Grade\",\"required\":false},{\"code\":\"medium\",\"visible\":true,\"editable\":true,\"displayProperty\":\"Editable\",\"dataType\":\"text\",\"renderingHints\":{\"semanticColumnWidth\":\"four\"},\"name\":\"Medium\",\"description\":\"Medium of instruction\",\"index\":2,\"inputType\":\"select\",\"label\":\"Medium\",\"required\":false},{\"code\":\"subject\",\"visible\":true,\"editable\":true,\"displayProperty\":\"Editable\",\"dataType\":\"text\",\"renderingHints\":{\"semanticColumnWidth\":\"four\"},\"name\":\"Subject\",\"description\":\"Subject of the Content to use to teach\",\"index\":4,\"inputType\":\"select\",\"label\":\"Subject\",\"required\":false},{\"code\":\"primaryCategory\",\"dataType\":\"text\",\"name\":\"Content Type\",\"label\":\"Content Type\",\"description\":\"Content Type\",\"editable\":true,\"inputType\":\"select\",\"required\":false,\"displayProperty\":\"Editable\",\"visible\":true,\"range\":[{\"name\":\"Course\"},{\"name\":\"Digital Textbook\"},{\"name\":\"Content Playlist\"},{\"name\":\"Explanation Content\"},{\"name\":\"Learning Resource\"},{\"name\":\"Practice Question Set\"},{\"name\":\"eTextbook\"},{\"name\":\"Teacher Resource\"}],\"renderingHints\":{\"semanticColumnWidth\":\"four\"},\"index\":5}]}",
*,*,filterconfig,default,get,app,2025-03-19 10:29:26.524+0000,"{\"templateName\":\"filterConfig\",\"action\":\"get\",\"fields\":[{\"code\":\"se_mediums\",\"type\":\"dropdown\",\"name\":\"{\\\"en\\\":\\\"Medium\\\",\\\"as\\\":\\\"মাধ্যম\\\",\\\"bn\\\":\\\"মাধ্যাম\\\",\\\"gu\\\":\\\"માધ્યમ\\\",\\\"hi\\\":\\\"माध्यम\\\",\\\"kn\\\":\\\"ಮಾಧ್ಯಮ\\\",\\\"mr\\\":\\\"माध्यम\\\",\\\"or\\\":\\\"ମାଧ୍ୟମ\\\",\\\"pa\\\":\\\"ਮਾਧਿਅਮ\\\",\\\"ta\\\":\\\"மீடியம்\\\",\\\"te\\\":\\\"మాధ్యమం\\\",\\\"ur\\\":\\\"میڈیم\\\"}\",\"placeholder\":\"Select Medium\",\"multiple\":true,\"index\":1},{\"code\":\"se_gradeLevels\",\"type\":\"dropdown\",\"name\":\"{\\\"en\\\":\\\"Class\\\",\\\"as\\\":\\\"শ্ৰেণী\\\",\\\"bn\\\":\\\"শ্রেনী\\\",\\\"gu\\\":\\\"વર્ગ\\\",\\\"hi\\\":\\\"कक्षा\\\",\\\"kn\\\":\\\"ತರಗತಿ\\\",\\\"mr\\\":\\\"इयत्ता\\\",\\\"or\\\":\\\"ଶ୍ରେଣୀ\\\",\\\"pa\\\":\\\"ਜਮਾਤ\\\",\\\"ta\\\":\\\"வகுப்பு\\\",\\\"te\\\":\\\"క్లాసు\\\",\\\"ur\\\":\\\"کلاس\\\"}\",\"placeholder\":\"Select Class\",\"multiple\":true,\"index\":2},{\"code\":\"subject\",\"type\":\"dropdown\",\"name\":\"{\\\"en\\\":\\\"Subject\\\",\\\"as\\\":\\\"বিষয়\\\",\\\"bn\\\":\\\"বিষয়\\\",\\\"gu\\\":\\\"વિષય\\\",\\\"hi\\\":\\\"विषय\\\",\\\"kn\\\":\\\"ವಿಷಯ\\\",\\\"mr\\\":\\\"विषय\\\",\\\"or\\\":\\\"ବିଷୟ\\\",\\\"pa\\\":\\\"ਵਿਸ਼ਾ\\\",\\\"ta\\\":\\\"பாடம்\\\",\\\"te\\\":\\\"పాఠ్యాంశము\\\",\\\"ur\\\":\\\"مضامین\\\"}\",\"placeholder\":\"Select Subject\",\"multiple\":true,\"index\":3},{\"code\":\"channel\",\"type\":\"dropdown\",\"name\":\"{\\\"en\\\":\\\"Publisher\\\",\\\"as\\\":\\\"প্ৰকাশক\\\",\\\"bn\\\":\\\"প্রকাশক\\\",\\\"gu\\\":\\\"પ્રકાશક\\\",\\\"hi\\\":\\\"प्रकाशक\\\",\\\"kn\\\":\\\"ಪ್ರಕಾಶಕರು\\\",\\\"mr\\\":\\\"प्रकाशक\\\",\\\"or\\\":\\\"ପ୍ରକାଶକ\\\",\\\"pa\\\":\\\"ਪ੍ਰਕਾਸ਼ਕ\\\",\\\"ta\\\":\\\"வெளியீட்டாளர்\\\",\\\"te\\\":\\\"ప్రచురణకర్త\\\",\\\"ur\\\":\\\"ناشر\\\"}\",\"placeholder\":\"Select Publisher\",\"multiple\":true,\"index\":4},{\"code\":\"mimeType\",\"type\":\"dropdown\",\"name\":\"Media Type\",\"placeholder\":\"Select Media Type\",\"multiple\":true,\"index\":5},{\"code\":\"primaryCategory\",\"type\":\"dropdown\",\"name\":\"{\\\"en\\\":\\\"Content Type\\\"}\",\"placeholder\":\"Select Content Type\",\"multiple\":true,\"index\":6},{\"code\":\"audience\",\"type\":\"dropdown\",\"name\":\"{\\\"en\\\":\\\"Meant for\\\"}\",\"placeholder\":\"Select Meant For\",\"multiple\":true,\"index\":7},{\"code\":\"additionalCategories\",\"type\":\"dropdown\",\"name\":\"{\\\"en\\\":\\\"Additional Categories\\\"}\",\"placeholder\":\"Select Additional Categories\",\"multiple\":true,\"index\":8}]}",
*,*,config,vendorapps,get,app,2025-03-19 10:29:31.927+0000,"{\"templateName\":\"vendorapps\",\"action\":\"get\",\"fields\":[{\"name\":\"Google Bolo\",\"logo\":\"https://img.icons8.com/doodle/48/000000/league-of-legends.png\",\"provider\":{\"name\":\"Google\",\"copyright\":\"\",\"license\":\"\"},\"android\":{\"packageId\":\"io.ionic.sender\",\"appVersion\":\"54\",\"compatibilityVer\":\"\"},\"ios\":{\"packageId\":\"\",\"appVersion\":\"\",\"urlScheme\":\"\",\"compatibilityVer\":\"\"},\"target\":{\"mimeType\":[\"application/pdf\"],\"primaryCategory\":[\"LearningResource\"]}}]}",
*,*,content,upforreview,search,*,2025-03-19 10:29:54.599+0000,"{\"templateName\":\"defaultTemplate\",\"action\":\"search\",\"fields\":[{\"code\":\"board\",\"visible\":true,\"editable\":true,\"displayProperty\":\"Editable\",\"dataType\":\"text\",\"renderingHints\":{\"semanticColumnWidth\":\"four\"},\"name\":\"Board\",\"description\":\"Education Board (Like MP Board, NCERT, etc)\",\"index\":1,\"inputType\":\"select\",\"label\":\"Board\",\"required\":false},{\"code\":\"medium\",\"visible\":true,\"editable\":true,\"displayProperty\":\"Editable\",\"dataType\":\"text\",\"renderingHints\":{\"semanticColumnWidth\":\"four\"},\"name\":\"Medium\",\"description\":\"Medium of instruction\",\"index\":2,\"inputType\":\"select\",\"label\":\"Medium\",\"required\":false},{\"code\":\"gradeLevel\",\"visible\":true,\"editable\":true,\"displayProperty\":\"Editable\",\"dataType\":\"text\",\"renderingHints\":{\"semanticColumnWidth\":\"four\"},\"name\":\"Class\",\"description\":\"Grade\",\"index\":3,\"inputType\":\"select\",\"label\":\"Grade\",\"required\":false},{\"code\":\"subject\",\"visible\":true,\"editable\":true,\"displayProperty\":\"Editable\",\"dataType\":\"text\",\"renderingHints\":{\"semanticColumnWidth\":\"four\"},\"name\":\"Subject\",\"description\":\"Subject of the Content to use to teach\",\"index\":4,\"inputType\":\"select\",\"label\":\"Subject\",\"required\":false}]}",
*,*,content,explore-course,filter,*,2025-03-19 10:29:55.201+0000,"{\"templateName\":\"defaultTemplate\",\"action\":\"filter\",\"fields\":[{\"code\":\"topic\",\"dataType\":\"text\",\"name\":\"Topics\",\"label\":\"Topics\",\"description\":\"Topics covered in the courses\",\"editable\":true,\"inputType\":\"topic-picker\",\"required\":false,\"displayProperty\":\"Editable\",\"visible\":true,\"renderingHints\":{\"semanticColumnWidth\":\"four\"},\"index\":1},{\"code\":\"purpose\",\"dataType\":\"text\",\"name\":\"Purpose\",\"label\":\"Purpose\",\"description\":\"Purpose of the course\",\"editable\":true,\"inputType\":\"multi-select\",\"required\":false,\"displayProperty\":\"Editable\",\"visible\":true,\"renderingHints\":{\"semanticColumnWidth\":\"four\"},\"index\":2},{\"code\":\"medium\",\"dataType\":\"text\",\"name\":\"Medium\",\"label\":\"Medium\",\"description\":\"Medium of Instruction\",\"editable\":true,\"inputType\":\"multi-select\",\"required\":false,\"displayProperty\":\"Editable\",\"visible\":true,\"renderingHints\":{\"semanticColumnWidth\":\"four\"},\"index\":3},{\"code\":\"gradeLevel\",\"dataType\":\"text\",\"name\":\"Class\",\"label\":\"Class\",\"description\":\"Classes taught\",\"editable\":true,\"inputType\":\"multi-select\",\"required\":false,\"displayProperty\":\"Editable\",\"visible\":true,\"renderingHints\":{\"semanticColumnWidth\":\"four\"},\"index\":4},{\"code\":\"subject\",\"dataType\":\"text\",\"name\":\"Subject\",\"label\":\"Subject\",\"description\":\"Subject of the Content to use to teach\",\"editable\":true,\"inputType\":\"multi-select\",\"required\":false,\"displayProperty\":\"Editable\",\"visible\":true,\"renderingHints\":{\"semanticColumnWidth\":\"four\"},\"index\":5},{\"code\":\"channel\",\"dataType\":\"text\",\"name\":\"Organization\",\"label\":\"Organization\",\"description\":\"Organization of courses\",\"editable\":true,\"inputType\":\"multi-select\",\"required\":false,\"displayProperty\":\"Editable\",\"visible\":true,\"renderingHints\":{\"semanticColumnWidth\":\"four\"},\"index\":6}]}",
*,*,content,allmycontent,search,*,2025-03-19 10:29:56.946+0000,"{\"templateName\":\"defaultTemplate\",\"action\":\"search\",\"fields\":[{\"code\":\"status\",\"visible\":true,\"editable\":true,\"displayProperty\":\"Editable\",\"dataType\":\"text\",\"renderingHints\":{\"semanticColumnWidth\":\"four\"},\"description\":\"Status\",\"range\":[{\"name\":\"Draft\"},{\"name\":\"FlagDraft\"},{\"name\":\"Review\"},{\"name\":\"Processing\"},{\"name\":\"Live\"},{\"name\":\"Unlisted\"},{\"name\":\"FlagReview\"}],\"index\":5,\"label\":\"Status \",\"required\":false,\"name\":\"Status\",\"inputType\":\"select\"},{\"code\":\"primaryCategory\",\"dataType\":\"text\",\"name\":\"Content Type\",\"label\":\"Content Type\",\"description\":\"Content Type\",\"editable\":true,\"inputType\":\"select\",\"required\":false,\"displayProperty\":\"Editable\",\"visible\":true,\"range\":[{\"name\":\"Course\"},{\"name\":\"Digital Textbook\"},{\"name\":\"Content Playlist\"},{\"name\":\"Explanation Content\"},{\"name\":\"Learning Resource\"},{\"name\":\"Practice Question Set\"},{\"name\":\"eTextbook\"},{\"name\":\"Teacher Resource\"}],\"renderingHints\":{\"semanticColumnWidth\":\"four\"},\"index\":6},{\"code\":\"farmingtype\",\"visible\":true,\"editable\":true,\"displayProperty\":\"Editable\",\"dataType\":\"text\",\"renderingHints\":{\"semanticColumnWidth\":\"four\"},\"name\":\"farmingtype\",\"description\":\"Education FarmingType\",\"index\":1,\"inputType\":\"select\",\"label\":\"Farming Type\",\"required\":false},{\"code\":\"croptype\",\"visible\":true,\"editable\":true,\"displayProperty\":\"Editable\",\"dataType\":\"text\",\"renderingHints\":{\"semanticColumnWidth\":\"four\"},\"name\":\"croptype\",\"description\":\"Crop Type\",\"index\":3,\"inputType\":\"select\",\"label\":\"Crop Type\",\"required\":false},{\"code\":\"cropcategory\",\"visible\":true,\"editable\":true,\"displayProperty\":\"Editable\",\"dataType\":\"text\",\"renderingHints\":{\"semanticColumnWidth\":\"four\"},\"name\":\"cropcategory\",\"description\":\"cropcategory instruction\",\"index\":2,\"inputType\":\"select\",\"label\":\"Crop Category\",\"required\":false},{\"code\":\"cropname\",\"visible\":true,\"editable\":true,\"displayProperty\":\"Editable\",\"dataType\":\"text\",\"renderingHints\":{\"semanticColumnWidth\":\"four\"},\"name\":\"cropname\",\"description\":\"cropname \",\"index\":4,\"inputType\":\"select\",\"label\":\"Crop Name\",\"required\":false}]}",
*,*,certificate,course,certificatecreate,portal,2025-03-19 10:29:57.514+0000,{\"enableSVGEditor\":false},
*,*,user,admin_framework,create,*,2025-03-19 10:29:58.099+0000,"{\"templateName\":\"defaultTemplate\",\"action\":\"create\",\"fields\":[{\"code\":\"board\",\"dataType\":\"text\",\"name\":\"Board\",\"label\":\"Board\",\"description\":\"Education Board (Like MP Board, NCERT, etc)\",\"editable\":true,\"inputType\":\"multi-select\",\"required\":true,\"displayProperty\":\"Editable\",\"visible\":true,\"renderingHints\":{\"semanticColumnWidth\":\"four\"},\"index\":1},{\"code\":\"medium\",\"dataType\":\"text\",\"name\":\"Medium\",\"label\":\"Medium\",\"description\":\"Medium of instruction\",\"editable\":true,\"inputType\":\"multi-select\",\"required\":false,\"displayProperty\":\"Editable\",\"visible\":true,\"renderingHints\":{\"semanticColumnWidth\":\"four\"},\"index\":2},{\"code\":\"gradeLevel\",\"dataType\":\"text\",\"name\":\"Class\",\"label\":\"Class\",\"description\":\"Grade\",\"editable\":true,\"inputType\":\"multi-select\",\"required\":false,\"displayProperty\":\"Editable\",\"visible\":true,\"renderingHints\":{\"semanticColumnWidth\":\"four\"},\"index\":3},{\"code\":\"subject\",\"dataType\":\"text\",\"name\":\"Subject\",\"label\":\"Subject\",\"description\":\"Subject of the Content to use to teach\",\"editable\":true,\"inputType\":\"multi-select\",\"required\":false,\"displayProperty\":\"Editable\",\"visible\":false,\"renderingHints\":{\"semanticColumnWidth\":\"four\"},\"index\":4}]}",
0143146729170944000,FMPS,content,questions,question-meta-save,*,2025-03-24 10:15:57.822+0000,"{\"templateName\":\"questionMetaDataTemplate\",\"action\":\"question-meta-save\",\"fields\":[{\"code\":\"name\",\"visible\":true,\"editable\":true,\"dataType\":\"text\",\"renderingHints\":{},\"name\":\"Title\",\"description\":\"Title of the question\",\"index\":0,\"inputType\":\"text\",\"label\":\"Title\",\"placeholder\":\"Enter the Title\",\"required\":true},{\"code\":\"description\",\"visible\":true,\"editable\":true,\"dataType\":\"text\",\"renderingHints\":{},\"name\":\"Description\",\"description\":\"Brief description\",\"index\":1,\"inputType\":\"textarea\",\"label\":\"Description\",\"placeholder\":\"Enter the Description\",\"required\":false},{\"code\":\"organisation\",\"visible\":true,\"depends\":[],\"editable\":true,\"dataType\":\"list\",\"renderingHints\":{},\"description\":\"organisation\",\"index\":2,\"label\":\"Organisation\",\"required\":false,\"name\":\"Organisation\",\"inputType\":\"select\",\"placeholder\":\"Select Organisation\"},{\"code\":\"language\",\"visible\":true,\"depends\":[],\"editable\":true,\"dataType\":\"list\",\"renderingHints\":{},\"description\":\"\",\"index\":3,\"label\":\"Language\",\"required\":false,\"name\":\"Language\",\"inputType\":\"select\",\"placeholder\":\"Select Language\"},{\"code\":\"category\",\"visible\":true,\"depends\":[],\"editable\":true,\"dataType\":\"list\",\"renderingHints\":{},\"description\":\"Class\",\"index\":4,\"label\":\"Category\",\"required\":false,\"name\":\"Class\",\"inputType\":\"select\",\"placeholder\":\"Select category\"},{\"code\":\"qlevel\",\"visible\":true,\"editable\":true,\"dataType\":\"text\",\"renderingHints\":{},\"description\":\"Add Notes\",\"index\":5,\"range\":[\"EASY\",\"MEDIUM\",\"DIFFICULT\"],\"label\":\"Level\",\"required\":true,\"name\":\"qlevel\",\"inputType\":\"select\",\"placeholder\":\"Select Level\"},{\"code\":\"max_score\",\"visible\":true,\"editable\":true,\"dataType\":\"number\",\"renderingHints\":{},\"description\":\"\",\"index\":6,\"label\":\"Max Score\",\"required\":true,\"name\":\"max_score\",\"inputType\":\"number\",\"placeholder\":\"Enter the Max Score\",\"validation\":[{\"type\":\"min\",\"message\":\"\",\"value\":\"1\"}]}]}",2025-03-24 10:26:41.703+0000
*,*,user,externalidverification,onboarding,*,2025-03-19 10:30:07.354+0000,"{\"templateName\":\"defaultTemplate\",\"action\":\"onboarding\",\"fields\":[{\"code\":\"externalIdVerificationLabels\",\"name\":\"externalIdVerification\",\"range\":[{\"headerLabel\":\"Are you a government school teacher ?\",\"fieldLabel\":\"Enter your teacher ID for verification\",\"popupHeaderLabel\":\"User Verification\",\"verificationSuccessfulLabel\":\"Teacher profile verified successfully\",\"incorrectIDLabel\":\"The ID entered is incorrect. Enter the ID again\",\"verficationFailureLabel\":\"Could not verify teacher profile as the ID entered is incorrect\"}]}]}",
*,FMPS-NCF,user,framework,update,*,2025-03-20 06:55:22.795+0000,"{\"templateName\":\"defaultTemplate\",\"action\":\"get\",\"fields\":[{\"code\":\"organisation\",\"dataType\":\"text\",\"name\":\"Organisation\",\"label\":\"Organisation\",\"description\":\"Organisation\",\"editable\":true,\"inputType\":\"multi-select\",\"required\":true,\"displayProperty\":\"Editable\",\"visible\":true,\"renderingHints\":{\"semanticColumnWidth\":\"four\"},\"index\":1,\"translation\":\"frmelmnts.lbl.boards\"},{\"code\":\"language\",\"dataType\":\"text\",\"name\":\"Language\",\"label\":\"Language\",\"description\":\"Language\",\"editable\":true,\"inputType\":\"multi-select\",\"required\":true,\"displayProperty\":\"Editable\",\"visible\":true,\"renderingHints\":{\"semanticColumnWidth\":\"four\"},\"index\":2,\"translation\":\"frmelmnts.lbl.medium\"},{\"code\":\"category\",\"dataType\":\"text\",\"name\":\"Category\",\"label\":\"Category\",\"description\":\"Category\",\"editable\":true,\"inputType\":\"multi-select\",\"required\":false,\"displayProperty\":\"Editable\",\"visible\":true,\"renderingHints\":{\"semanticColumnWidth\":\"four\"},\"index\":3,\"translation\":\"frmelmnts.lbl.class\"}]}",2025-03-20 07:09:35.141+0000
*,*,content,questions,question-meta-save,*,2025-03-18 16:49:40.648+0000,"{\"templateName\":\"questionMetaDataTemplate\",\"action\":\"question-meta-save\",\"fields\":[{\"code\":\"name\",\"visible\":true,\"editable\":true,\"dataType\":\"text\",\"renderingHints\":{},\"name\":\"Title\",\"description\":\"Title of the question\",\"index\":0,\"inputType\":\"text\",\"label\":\"Title\",\"placeholder\":\"Enter the Title\",\"required\":true},{\"code\":\"description\",\"visible\":true,\"editable\":true,\"dataType\":\"text\",\"renderingHints\":{},\"name\":\"Description\",\"description\":\"Brief description\",\"index\":1,\"inputType\":\"textarea\",\"label\":\"Description\",\"placeholder\":\"Enter the Description\",\"required\":false},{\"code\":\"board\",\"visible\":true,\"depends\":[\"medium\",\"gradeLevel\",\"subject\",\"topic\"],\"editable\":true,\"dataType\":\"text\",\"renderingHints\":{},\"description\":\"board\",\"index\":2,\"label\":\"Board/Syllabus\",\"required\":true,\"name\":\"Board/Syllabus\",\"inputType\":\"select\",\"placeholder\":\"Select Board/Syllabus\"},{\"code\":\"medium\",\"visible\":true,\"depends\":[\"gradeLevel\",\"subject\",\"topic\"],\"editable\":true,\"dataType\":\"text\",\"renderingHints\":{},\"description\":\"\",\"index\":3,\"label\":\"Medium\",\"required\":true,\"name\":\"medium\",\"inputType\":\"select\",\"placeholder\":\"Select Medium\"},{\"code\":\"gradeLevel\",\"visible\":true,\"depends\":[\"subject\",\"topic\"],\"editable\":true,\"dataType\":\"list\",\"renderingHints\":{},\"description\":\"Class\",\"index\":4,\"label\":\"Grade Level\",\"required\":true,\"name\":\"Class\",\"inputType\":\"multiselect\",\"placeholder\":\"Select Grade\"},{\"code\":\"subject\",\"visible\":true,\"depends\":[\"topic\"],\"editable\":true,\"dataType\":\"text\",\"renderingHints\":{},\"description\":\"Add subjects\",\"index\":5,\"label\":\"Subject\",\"required\":true,\"name\":\"subject\",\"inputType\":\"select\",\"placeholder\":\"Select Subject\"},{\"code\":\"qlevel\",\"visible\":true,\"editable\":true,\"dataType\":\"text\",\"renderingHints\":{},\"description\":\"Add Notes\",\"index\":7,\"range\":[\"EASY\",\"MEDIUM\",\"DIFFICULT\"],\"label\":\"Level\",\"required\":true,\"name\":\"qlevel\",\"inputType\":\"select\",\"placeholder\":\"Select Level\"},{\"code\":\"max_score\",\"visible\":true,\"editable\":true,\"dataType\":\"number\",\"renderingHints\":{},\"description\":\"\",\"index\":8,\"label\":\"Max Score\",\"required\":true,\"name\":\"max_score\",\"inputType\":\"number\",\"placeholder\":\"Enter the Max Score\",\"validation\":[{\"type\":\"min\",\"message\":\"\",\"value\":\"1\"}]}]}",
*,*,content,alltextbooks,search,*,2025-03-19 10:30:07.930+0000,"{\"templateName\":\"defaultTemplate\",\"action\":\"search\",\"fields\":[{\"code\":\"status\",\"dataType\":\"text\",\"description\":\"Status\",\"displayProperty\":\"Editable\",\"editable\":true,\"index\":5,\"inputType\":\"select\",\"label\":\"Status \",\"name\":\"Status\",\"range\":[{\"name\":\"Draft\"},{\"name\":\"FlagDraft\"},{\"name\":\"Review\"},{\"name\":\"Processing\"},{\"name\":\"Live\"},{\"name\":\"Unlisted\"},{\"name\":\"FlagReview\"}],\"renderingHints\":{\"semanticColumnWidth\":\"four\"},\"required\":false,\"visible\":true},{\"code\":\"board\",\"dataType\":\"text\",\"description\":\"Education Board (Like MP Board, NCERT, etc)\",\"displayProperty\":\"Editable\",\"editable\":true,\"index\":1,\"inputType\":\"select\",\"label\":\"Board\",\"name\":\"Board\",\"renderingHints\":{\"semanticColumnWidth\":\"four\"},\"required\":false,\"visible\":true},{\"code\":\"gradeLevel\",\"dataType\":\"text\",\"description\":\"Grade\",\"displayProperty\":\"Editable\",\"editable\":true,\"index\":3,\"inputType\":\"select\",\"label\":\"Grade\",\"name\":\"Class\",\"renderingHints\":{\"semanticColumnWidth\":\"four\"},\"required\":false,\"visible\":true},{\"code\":\"medium\",\"dataType\":\"text\",\"description\":\"Medium of instruction\",\"displayProperty\":\"Editable\",\"editable\":true,\"index\":2,\"inputType\":\"select\",\"label\":\"Medium\",\"name\":\"Medium\",\"renderingHints\":{\"semanticColumnWidth\":\"four\"},\"required\":false,\"visible\":true},{\"code\":\"subject\",\"dataType\":\"text\",\"description\":\"Subject of the Content to use to teach\",\"displayProperty\":\"Editable\",\"editable\":true,\"index\":4,\"inputType\":\"select\",\"label\":\"Subject\",\"name\":\"Subject\",\"renderingHints\":{\"semanticColumnWidth\":\"four\"},\"required\":false,\"visible\":true}]}",
*,*,workspace,categories,get,*,2025-03-19 10:30:10.230+0000,"{\"templateName\":\"defaultTemplate\",\"action\":\"display\",\"fields\":[{\"code\":\"book\",\"name\":\"Book\",\"visible\":true},{\"code\":\"course\",\"name\":\"Course\",\"visible\":true},{\"code\":\"resource\",\"name\":\"Resource\",\"visible\":true},{\"code\":\"collection\",\"name\":\"Collection\",\"visible\":true},{\"code\":\"lessonPlan\",\"name\":\"Lesson Plan\",\"visible\":true},{\"code\":\"contentupload\",\"name\":\"Upload Content\",\"visible\":true},{\"code\":\"contentuploadlarge\",\"name\":\"Upload Large Videos(>50MB)\",\"visible\":true},{\"code\":\"assessment\",\"name\":\"Cource Assesment\",\"visible\":true},{\"code\":\"questionsets\",\"name\":\"Questionsets\",\"visible\":true}]}",
*,*,content,resourcebundle,search,*,2025-03-19 10:30:10.802+0000,"{\"templateName\":\"defaultTemplate\",\"action\":\"search\",\"fields\":[{\"code\":\"portalLanguage\",\"dataType\":\"text\",\"name\":\"Portal Language\",\"label\":\"Portal Language\",\"description\":\"Language that should be displayed on portal (Like English, Hindi etc)\",\"editable\":true,\"inputType\":\"select\",\"required\":false,\"displayProperty\":\"Editable\",\"visible\":true,\"renderingHints\":{\"semanticColumnWidth\":\"four\"},\"range\":[{\"value\":\"en\",\"label\":\"English\",\"dir\":\"ltr\",\"accessibleText\":\"English\"},{\"label\":\"French\",\"value\":\"fr\",\"dir\":\"ltr\",\"accessibleText\":\"French\"},{\"label\":\"Arabic\",\"value\":\"ar\",\"dir\":\"rtl\",\"accessibleText\":\"Arabic\"}]}]}",2025-04-05 11:21:55.299+0000
*,*,config,debugmode,get,portal,2025-03-19 10:30:11.374+0000,"{\"templateName\":\"debugMode\",\"action\":\"get\",\"fields\":[{\"timeInterval\":\"900000\"}]}",
*,*,config,location,get,*,2025-03-19 10:29:20.694+0000,"{\"templateName\":\"location\",\"action\":\"get\",\"fields\":[{\"code\":\"skip\",\"values\":[],\"name\":\"Skip Location\"}]}",
*,*,content,resource,publish,*,2025-03-19 10:29:53.984+0000,"{\"templateName\":\"defaultTemplate\",\"action\":\"publish\",\"fields\":[{\"contents\":[],\"title\":\"I confirm that I have reviewed the content and approve it as accurate and safe for publication\"}]}",2025-03-24 17:29:15.829+0000
*,*,config,contentframeworkcategory,get,app,2025-03-19 10:29:18.655+0000,"{\"templateName\":\"contentFrameworkCategoryConfig\",\"action\":\"get\",\"fields\":[{\"code\":\"board\",\"label\":\"board\",\"identifier\":\"fwCategory1\",\"index\":0,\"alterNativeCode\":\"se_boards\"},{\"code\":\"medium\",\"label\":\"medium\",\"identifier\":\"fwCategory2\",\"index\":1,\"alterNativeCode\":\"se_mediums\"},{\"code\":\"gradeLevel\",\"label\":\"gradeLevel\",\"identifier\":\"fwCategory3\",\"index\":2,\"alterNativeCode\":\"se_gradeLevels\"},{\"code\":\"subject\",\"label\":\"subject\",\"identifier\":\"fwCategory4\",\"index\":3,\"alterNativeCode\":\"se_subjects\"}]}",
*,*,user,project,createtask,*,2025-03-19 10:29:24.207+0000,"{\"templateName\":\"defaultTemplate\",\"action\":\"create\",\"fields\":[{\"field\":\"name\",\"label\":\"Name\",\"labelTranslations\":\"{\\\"en\\\":\\\"Name\\\",\\\"hi\\\":\\\"नाम\\\"}\",\"value\":\"\",\"visible\":true,\"editable\":true,\"input\":\"text\",\"validation\":{\"required\":true}}]}",
*,*,content,resource,review,*,2025-03-18 16:49:14.970+0000,"{\"templateName\":\"defaultTemplate\",\"action\":\"review\",\"fields\":[{\"code\":\"appicon\",\"visible\":true,\"editable\":true,\"dataType\":\"url\",\"renderingHints\":{},\"name\":\"App Icon\",\"description\":\"App Icon\",\"index\":1,\"inputType\":\"file\",\"label\":\"Icon\",\"placeholder\":\"App Icon\",\"required\":false},{\"code\":\"name\",\"visible\":true,\"editable\":true,\"dataType\":\"text\",\"renderingHints\":{},\"name\":\"Title\",\"description\":\"Title of the content\",\"index\":2,\"inputType\":\"text\",\"label\":\"Title\",\"placeholder\":\"Enter Title For Book\",\"required\":true},{\"code\":\"description\",\"visible\":true,\"editable\":true,\"dataType\":\"text\",\"renderingHints\":{},\"name\":\"Description\",\"description\":\"Brief description\",\"index\":3,\"inputType\":\"textarea\",\"label\":\"Description\",\"placeholder\":\"Brief description about the Book\",\"required\":false},{\"code\":\"organisation\",\"dataType\":\"list\",\"name\":\"Organisation\",\"label\":\"Organisation\",\"description\":\"Organisation\",\"editable\":true,\"placeholder\":\"Organisation\",\"inputType\":\"select\",\"required\":true,\"visible\":true,\"renderingHints\":{},\"index\":4,\"depends\":[]},{\"code\":\"language\",\"dataType\":\"list\",\"name\":\"Language\",\"label\":\"Language\",\"description\":\"Language\",\"editable\":true,\"placeholder\":\"Language\",\"inputType\":\"select\",\"required\":true,\"visible\":true,\"renderingHints\":{},\"index\":5,\"depends\":[]},{\"code\":\"category\",\"dataType\":\"list\",\"name\":\"Category\",\"label\":\"Category\",\"description\":\"Category\",\"editable\":true,\"placeholder\":\"Category\",\"inputType\":\"select\",\"required\":false,\"visible\":true,\"renderingHints\":{},\"index\":6,\"depends\":[]}]}",2025-05-24 09:07:37.378+0000
*,*,user,tenantpersonainfo_v2,get,app,2025-03-19 10:29:28.437+0000,"{\"templateName\":\"tenantPersonaInfo_v2\",\"action\":\"get\",\"fields\":[{\"code\":\"tenant\",\"type\":\"select\",\"templateOptions\":{\"label\":\"I wish to share my data with:\",\"placeHolder\":\"Select State/Institution\",\"options\":[{\"label\":\"State (Punjab)\",\"value\":\"012775810960252928563\",\"index\":1},{\"label\":\"Andra Pradesh\",\"value\":\"0129109366089728000\",\"index\":2},{\"label\":\"Haryana State\",\"value\":\"0127674553846579203\",\"index\":3},{\"label\":\"Karnataka State Org\",\"value\":\"0127236218321879040\",\"index\":4},{\"label\":\"Tamil Nadu\",\"value\":\"01269878797503692810\",\"index\":5},{\"label\":\"NCERT\",\"value\":\"01283607456185548825093\",\"index\":6},{\"label\":\"CBSE\",\"value\":\"0128325322816552960\",\"index\":7},{\"label\":\"Jharkhand State Board\",\"value\":\"012811889750941696475\",\"index\":8},{\"label\":\"Kerala State\",\"value\":\"013051342708842496208\",\"index\":9}],\"validations\":[{\"type\":\"required\",\"value\":true,\"message\":\"Tenant name is required\"}]}}]}",
*,*,user,project,create,*,2025-03-19 10:29:23.618+0000,"{\"templateName\":\"defaultTemplate\",\"action\":\"update\",\"fields\":[{\"field\":\"title\",\"label\":\"Project Title (mandatory)\",\"labelTranslations\":\"{\\\"en\\\":\\\"Project Title (mandatory)\\\",\\\"hi\\\":\\\"शीर्षक\\\"}\",\"value\":\"\",\"visible\":true,\"editable\":true,\"input\":\"text\",\"validation\":{\"required\":true},\"max\":50,\"hint\":\"Name your project\",\"hintTranslations\":\"{\\\"en\\\":\\\"Name your project\\\"}\"},{\"field\":\"description\",\"label\":\"Objective (mandatory)\",\"labelTranslations\":\"{\\\"en\\\":\\\"Objective (mandatory)\\\"}\",\"value\":\"\",\"visible\":true,\"editable\":true,\"input\":\"textarea\",\"validation\":{\"required\":true},\"max\":120,\"hint\":\"What is the objective of your Project?\",\"hintTranslations\":\"{\\\"en\\\":\\\"What is the objective of your Project?\\\"}\"},{\"field\":\"categories\",\"label\":\"Categories (mandatory)\",\"labelTranslations\":\"{\\\"en\\\":\\\"Categories (mandatory)\\\"}\",\"value\":\"\",\"visible\":true,\"editable\":true,\"input\":\"select\",\"options\":[{\"_id\":\"5fcfa9a2457d6055e33843ef\",\"label\":\"Teachers\",\"value\":\"teachers\",\"labelTranslations\":\"{\\\"en\\\":\\\"Teachers\\\",\\\"hi\\\":\\\"शिक्षकों की\\\"}\"},{\"_id\":\"5fcfa9a2457d6055e33843f0\",\"label\":\"Students\",\"value\":\"students\",\"labelTranslations\":\"{\\\"en\\\":\\\"Students\\\"}\"},{\"_id\":\"5fcfa9a2457d6055e33843f1\",\"label\":\"Infrastructure\",\"value\":\"infrastructure\",\"labelTranslations\":\"{\\\"en\\\":\\\"Infrastructure\\\"}\"},{\"_id\":\"5fcfa9a2457d6055e33843f2\",\"label\":\"Community\",\"value\":\"community\",\"labelTranslations\":\"{\\\"en\\\":\\\"Community\\\"}\"},{\"_id\":\"5fcfa9a2457d6055e33843f3\",\"label\":\"Education Leader\",\"value\":\"educationLeader\",\"labelTranslations\":\"{\\\"en\\\":\\\"Education Leader\\\"}\"},{\"_id\":\"5fcfa9a2457d6055e33843f4\",\"label\":\"School Process\",\"value\":\"schoolProcess\",\"labelTranslations\":\"{\\\"en\\\":\\\"School Process\\\"}\"},{\"_id\":\"\",\"label\":\"Others\",\"value\":\"others\",\"labelTranslations\":\"{\\\"en\\\":\\\"Others\\\"}\"}],\"validation\":{\"required\":false},\"hint\":\"What does your project aim to improve?\",\"hintTranslations\":\"{\\\"en\\\":\\\"What does your project aim to improve?\\\"}\"}]}",
*,*,content,library,search,*,,"{\"action\":\"search\",\"fields\":[{\"code\":\"medium\",\"dataType\":\"text\",\"description\":\"Mediumofinstruction\",\"displayProperty\":\"Editable\",\"editable\":true,\"index\":2,\"inputType\":\"select\",\"label\":\"Medium\",\"name\":\"Medium\",\"renderingHints\":{\"semanticColumnWidth\":\"four\"},\"required\":false,\"visible\":true},{\"code\":\"board\",\"dataType\":\"text\",\"description\":\"EducationBoard(LikeMPBoard,NCERT,etc)\",\"displayProperty\":\"Editable\",\"editable\":true,\"index\":1,\"inputType\":\"select\",\"label\":\"Board\",\"name\":\"Board\",\"renderingHints\":{\"semanticColumnWidth\":\"four\"},\"required\":false,\"visible\":true},{\"code\":\"gradeLevel\",\"dataType\":\"text\",\"description\":\"Grade\",\"displayProperty\":\"Editable\",\"editable\":true,\"index\":3,\"inputType\":\"select\",\"label\":\"Class\",\"name\":\"Class\",\"renderingHints\":{\"semanticColumnWidth\":\"four\"},\"required\":false,\"visible\":true},{\"code\":\"subject\",\"dataType\":\"text\",\"description\":\"SubjectoftheContenttousetoteach\",\"displayProperty\":\"Editable\",\"editable\":true,\"index\":4,\"inputType\":\"select\",\"label\":\"Subject\",\"name\":\"Subject\",\"renderingHints\":{\"semanticColumnWidth\":\"four\"},\"required\":false,\"visible\":true}],\"templateName\":\"defaultTemplate\"}",
*,*,content,all,ownership,*,2025-03-19 10:30:04.913+0000,"{\"templateName\":\"defaultTemplate\",\"action\":\"ownership\",\"fields\":[{\"ownershipType\":[\"createdBy\",\"createdFor\"]}]}",
0143146729170944000,FMPS,contentfeedback,ar,get,*,2025-04-17 11:59:38.371+0000,"{\"templateName\":\"contentfeedback\",\"action\":\"get\",\"fields\":[{\"1\":{\"question\":\"هل ترغب في إخبارنا بالمزيد؟\",\"options\":[{\"idx\":1,\"value\":\"المحتوى غير دقيق\",\"key\":\"CONTENT_INACCURATE\"},{\"idx\":2,\"value\":\"المحتوى لا يُعرض بشكل صحيح\",\"key\":\"CONTENT_NOT_DISPLAYED\"},{\"idx\":3,\"value\":\"المحتوى غير ملائم\",\"key\":\"CONTENT_NOT_RELEVANT\"},{\"idx\":4,\"value\":\"لم يساعدني في فهم المفاهيم\",\"key\":\"DIDNT_UNDERSTAND_CONCEPT\"},{\"idx\":6,\"value\":\"هناك مشكلة تقنية\",\"key\":\"TECHNICAL_PROBLEM\"},{\"idx\":6,\"value\":\"المحتوى غير كافٍ أو غير موجود\",\"key\":\"INSUFFICIENT_CONTENT\"},{\"idx\":8,\"value\":\"أخرى\",\"key\":\"OTHER\"}],\"ratingText\":\"سيء جدًا\"},\"2\":{\"question\":\"هل ترغب في إخبارنا بالمزيد؟\",\"options\":[{\"idx\":1,\"value\":\"المحتوى غير دقيق\",\"key\":\"CONTENT_INACCURATE\"},{\"idx\":2,\"value\":\"المحتوى لا يُعرض بشكل صحيح\",\"key\":\"CONTENT_NOT_DISPLAYED\"},{\"idx\":3,\"value\":\"المحتوى غير ملائم\",\"key\":\"CONTENT_NOT_RELEVANT\"},{\"idx\":4,\"value\":\"لم يساعدني في فهم المفاهيم\",\"key\":\"DIDNT_UNDERSTAND_CONCEPT\"},{\"idx\":6,\"value\":\"هناك مشكلة تقنية\",\"key\":\"TECHNICAL_PROBLEM\"},{\"idx\":6,\"value\":\"المحتوى غير كافٍ أو غير موجود\",\"key\":\"INSUFFICIENT_CONTENT\"},{\"idx\":8,\"value\":\"أخرى\",\"key\":\"OTHER\"}],\"ratingText\":\"سيء\"},\"3\":{\"question\":\"هل ترغب في إخبارنا بالمزيد؟\",\"options\":[{\"idx\":1,\"value\":\"المحتوى غير دقيق\",\"key\":\"CONTENT_INACCURATE\"},{\"idx\":2,\"value\":\"المحتوى لا يُعرض بشكل صحيح\",\"key\":\"CONTENT_NOT_DISPLAYED\"},{\"idx\":3,\"value\":\"المحتوى غير ملائم\",\"key\":\"CONTENT_NOT_RELEVANT\"},{\"idx\":4,\"value\":\"لم يساعدني في فهم المفاهيم\",\"key\":\"DIDNT_UNDERSTAND_CONCEPT\"},{\"idx\":6,\"value\":\"هناك مشكلة تقنية\",\"key\":\"TECHNICAL_PROBLEM\"},{\"idx\":6,\"value\":\"المحتوى غير كافٍ أو غير موجود\",\"key\":\"INSUFFICIENT_CONTENT\"},{\"idx\":8,\"value\":\"أخرى\",\"key\":\"OTHER\"}],\"ratingText\":\"متوسط\"},\"4\":{\"question\":\"هل ترغب في إخبارنا بالمزيد؟\",\"options\":[{\"idx\":1,\"value\":\"المحتوى غير دقيق\",\"key\":\"CONTENT_INACCURATE\"},{\"idx\":2,\"value\":\"المحتوى لا يُعرض بشكل صحيح\",\"key\":\"CONTENT_NOT_DISPLAYED\"},{\"idx\":3,\"value\":\"المحتوى غير ملائم\",\"key\":\"CONTENT_NOT_RELEVANT\"},{\"idx\":4,\"value\":\"لم يساعدني في فهم المفاهيم\",\"key\":\"DIDNT_UNDERSTAND_CONCEPT\"},{\"idx\":6,\"value\":\"هناك مشكلة تقنية\",\"key\":\"TECHNICAL_PROBLEM\"},{\"idx\":6,\"value\":\"المحتوى غير كافٍ أو غير موجود\",\"key\":\"INSUFFICIENT_CONTENT\"},{\"idx\":8,\"value\":\"أخرى\",\"key\":\"OTHER\"}],\"ratingText\":\"جيد\"},\"5\":{\"question\":\"هل ترغب في إخبارنا بالمزيد؟\",\"options\":[{\"idx\":1,\"value\":\"فهمت الفكرة جيدًا\",\"key\":\"UNDERSTOOD_CONCEPT\"},{\"idx\":2,\"value\":\"ساعدني في التحضير لامتحاني\",\"key\":\"HELPED_IN_EXAM\"},{\"idx\":3,\"value\":\"تعلمت مفاهيم جديدة\",\"key\":\"LEARNT_SOMETHING\"},{\"idx\":4,\"value\":\"ساعدني في تدريس صفي\",\"key\":\"HELPED_IN_CLASS\"},{\"idx\":6,\"value\":\"المحتوى ممتع ومشوق\",\"key\":\"CONTENT_INTERESTING\"},{\"idx\":7,\"value\":\"أخرى\",\"key\":\"OTHER\"}],\"ratingText\":\"ممتاز\"}}]}",
0143146729170944000,FMPS,content,*,save,*,2025-03-20 16:48:38.646+0000,"{\"templateName\":\"defaultTemplate\",\"action\":\"save\",\"fields\":[{\"code\":\"appicon\",\"visible\":true,\"editable\":true,\"dataType\":\"url\",\"renderingHints\":{},\"name\":\"App Icon\",\"description\":\"App Icon\",\"index\":1,\"inputType\":\"file\",\"label\":\"Icon\",\"placeholder\":\"App Icon\",\"required\":false},{\"code\":\"name\",\"visible\":true,\"editable\":true,\"dataType\":\"text\",\"renderingHints\":{},\"name\":\"Title\",\"description\":\"Title of the content\",\"index\":2,\"inputType\":\"text\",\"label\":\"Title\",\"placeholder\":\"Enter Title For Book\",\"required\":true},{\"code\":\"description\",\"visible\":true,\"editable\":true,\"dataType\":\"text\",\"renderingHints\":{},\"name\":\"Description\",\"description\":\"Brief description\",\"index\":3,\"inputType\":\"textarea\",\"label\":\"Description\",\"placeholder\":\"Brief description about the Book\",\"required\":false},{\"code\":\"organisation\",\"dataType\":\"text\",\"name\":\"Organisation\",\"label\":\"Organisation\",\"description\":\"Organisation\",\"editable\":true,\"placeholder\":\"Organisation\",\"inputType\":\"select\",\"required\":false,\"displayProperty\":\"Editable\",\"visible\":true,\"renderingHints\":{\"semanticColumnWidth\":\"six\"},\"index\":4,\"depends\":[]},{\"code\":\"language\",\"dataType\":\"text\",\"name\":\"Language\",\"label\":\"Language\",\"description\":\"Language\",\"editable\":true,\"placeholder\":\"Language\",\"inputType\":\"multiSelect\",\"required\":false,\"displayProperty\":\"Editable\",\"visible\":true,\"renderingHints\":{\"semanticColumnWidth\":\"six\"},\"index\":5,\"depends\":[]},{\"code\":\"category\",\"dataType\":\"text\",\"name\":\"Category\",\"label\":\"Category\",\"description\":\"Category\",\"editable\":true,\"placeholder\":\"Category\",\"inputType\":\"select\",\"required\":false,\"displayProperty\":\"Editable\",\"visible\":true,\"renderingHints\":{\"semanticColumnWidth\":\"six\"},\"index\":6}]}",2025-03-20 16:54:28.020+0000
*,,content,lessonplan,create,*,,"{\"templateName\":\"defaultTemplate\",\"action\":\"create\",\"fields\":[{\"code\":\"name\",\"dataType\":\"text\",\"name\":\"Name\",\"label\":\"Name\",\"description\":\"Name\",\"editable\":true,\"placeholder\":\"Name\",\"inputType\":\"text\",\"required\":false,\"displayProperty\":\"Editable\",\"visible\":true,\"renderingHints\":{\"semanticColumnWidth\":\"twelve\"},\"index\":1},{\"code\":\"board\",\"dataType\":\"text\",\"name\":\"Board\",\"label\":\"Board\",\"description\":\"Education Board (Like MP Board, NCERT, etc)\",\"editable\":true,\"placeholder\":\"Board\",\"inputType\":\"select\",\"required\":false,\"displayProperty\":\"Editable\",\"visible\":true,\"renderingHints\":{\"semanticColumnWidth\":\"six\"},\"index\":2,\"depends\":[\"gradeLevel\"]},{\"code\":\"gradeLevel\",\"dataType\":\"text\",\"name\":\"Grade\",\"label\":\"Grade\",\"description\":\"Grade\",\"editable\":true,\"placeholder\":\"Grade\",\"inputType\":\"multiSelect\",\"required\":false,\"displayProperty\":\"Editable\",\"visible\":true,\"renderingHints\":{\"semanticColumnWidth\":\"six\"},\"index\":3,\"depends\":[\"subject\"]},{\"code\":\"subject\",\"dataType\":\"text\",\"name\":\"Subject\",\"label\":\"Subject\",\"description\":\"Subject of the Content to use to teach\",\"editable\":true,\"placeholder\":\"Grade\",\"inputType\":\"select\",\"required\":false,\"displayProperty\":\"Editable\",\"visible\":true,\"renderingHints\":{\"semanticColumnWidth\":\"six\"},\"index\":4},{\"code\":\"medium\",\"dataType\":\"text\",\"name\":\"Medium\",\"label\":\"Medium\",\"description\":\"Medium of instruction\",\"editable\":true,\"placeholder\":\"Medium\",\"inputType\":\"select\",\"required\":false,\"displayProperty\":\"Editable\",\"visible\":true,\"renderingHints\":{\"semanticColumnWidth\":\"six\"},\"index\":5}]}",
*,*,content,lessonplan,create,*,2025-03-19 10:30:09.650+0000,"{\"templateName\":\"defaultTemplate\",\"action\":\"create\",\"fields\":[{\"code\":\"name\",\"dataType\":\"text\",\"name\":\"Name\",\"label\":\"Name\",\"description\":\"Name\",\"editable\":true,\"placeholder\":\"Name\",\"inputType\":\"text\",\"required\":false,\"displayProperty\":\"Editable\",\"visible\":true,\"renderingHints\":{\"semanticColumnWidth\":\"twelve\"},\"index\":1},{\"code\":\"board\",\"dataType\":\"text\",\"name\":\"Board\",\"label\":\"Board\",\"description\":\"Education Board (Like MP Board, NCERT, etc)\",\"editable\":true,\"placeholder\":\"Board\",\"inputType\":\"select\",\"required\":false,\"displayProperty\":\"Editable\",\"visible\":true,\"renderingHints\":{\"semanticColumnWidth\":\"six\"},\"index\":2,\"depends\":[\"gradeLevel\"]},{\"code\":\"gradeLevel\",\"dataType\":\"text\",\"name\":\"Grade\",\"label\":\"Grade\",\"description\":\"Grade\",\"editable\":true,\"placeholder\":\"Grade\",\"inputType\":\"multiSelect\",\"required\":false,\"displayProperty\":\"Editable\",\"visible\":true,\"renderingHints\":{\"semanticColumnWidth\":\"six\"},\"index\":3,\"depends\":[\"subject\"]},{\"code\":\"subject\",\"dataType\":\"text\",\"name\":\"Subject\",\"label\":\"Subject\",\"description\":\"Subject of the Content to use to teach\",\"editable\":true,\"placeholder\":\"Grade\",\"inputType\":\"select\",\"required\":false,\"displayProperty\":\"Editable\",\"visible\":true,\"renderingHints\":{\"semanticColumnWidth\":\"six\"},\"index\":4},{\"code\":\"medium\",\"dataType\":\"text\",\"name\":\"Medium\",\"label\":\"Medium\",\"description\":\"Medium of instruction\",\"editable\":true,\"placeholder\":\"Medium\",\"inputType\":\"select\",\"required\":false,\"displayProperty\":\"Editable\",\"visible\":true,\"renderingHints\":{\"semanticColumnWidth\":\"six\"},\"index\":5}]}",
*,*,questionset,editor,display,*,2025-03-19 10:30:03.527+0000,"{\"templateName\":\"defaultTemplate\",\"action\":\"display\",\"fields\":[{\"type\":\"questionset\",\"display\":false}]}",
*,*,forum,batch,create,*,2025-03-19 10:30:06.775+0000,"{\"templateName\":\"batch_create\",\"action\":\"create\",\"fields\":[{\"category\":{\"name\":\"General Discussion\",\"pid\":\"6\",\"uid\":\"1\",\"description\":\"\",\"context\":[{\"type\":\"batch\",\"identifier\":\"_batchId\"}]}}]}",
0143146729170944000,NCF,user,framework,update,*,2025-03-20 10:46:18.687+0000,"{\"templateName\":\"defaultTemplate\",\"action\":\"get\",\"fields\":[{\"code\":\"board\",\"dataType\":\"text\",\"name\":\"Board\",\"label\":\"Board\",\"description\":\"Education Board (Like MP Board, NCERT, etc)\",\"editable\":true,\"inputType\":\"multi-select\",\"required\":true,\"displayProperty\":\"Editable\",\"visible\":true,\"renderingHints\":{\"semanticColumnWidth\":\"four\"},\"index\":1,\"translation\":\"frmelmnts.lbl.boards\"},{\"code\":\"medium\",\"dataType\":\"text\",\"name\":\"Medium\",\"label\":\"Medium\",\"description\":\"Medium of instruction\",\"editable\":true,\"inputType\":\"multi-select\",\"required\":true,\"displayProperty\":\"Editable\",\"visible\":true,\"renderingHints\":{\"semanticColumnWidth\":\"four\"},\"index\":2,\"translation\":\"frmelmnts.lbl.medium\"},{\"code\":\"gradeLevel\",\"dataType\":\"text\",\"name\":\"Class\",\"label\":\"Class\",\"description\":\"Grade\",\"editable\":true,\"inputType\":\"multi-select\",\"required\":true,\"displayProperty\":\"Editable\",\"visible\":true,\"renderingHints\":{\"semanticColumnWidth\":\"four\"},\"index\":3,\"translation\":\"frmelmnts.lbl.class\"},{\"code\":\"subject\",\"dataType\":\"text\",\"name\":\"Subject\",\"label\":\"Subject\",\"description\":\"Subject of the Content to use to teach\",\"editable\":true,\"inputType\":\"multi-select\",\"required\":false,\"displayProperty\":\"Editable\",\"visible\":false,\"renderingHints\":{\"semanticColumnWidth\":\"four\"},\"index\":4,\"translation\":\"frmelmnts.lbl.subject\"}]}",
*,*,content,resource,create,*,2025-03-19 10:29:46.972+0000,"{\"templateName\":\"defaultTemplate\",\"action\":\"create\",\"fields\":[{\"code\":\"name\",\"dataType\":\"text\",\"name\":\"Name\",\"label\":\"Name\",\"description\":\"Name\",\"editable\":true,\"placeholder\":\"Name\",\"inputType\":\"text\",\"required\":false,\"displayProperty\":\"Editable\",\"visible\":true,\"renderingHints\":{\"semanticColumnWidth\":\"twelve\"},\"index\":1},{\"code\":\"board\",\"dataType\":\"text\",\"name\":\"Board\",\"label\":\"Board\",\"description\":\"Education Board (Like MP Board, NCERT, etc)\",\"editable\":true,\"placeholder\":\"Board\",\"inputType\":\"select\",\"required\":false,\"displayProperty\":\"Editable\",\"visible\":true,\"renderingHints\":{\"semanticColumnWidth\":\"six\"},\"index\":2,\"depends\":[\"gradeLevel\"]},{\"code\":\"gradeLevel\",\"dataType\":\"text\",\"name\":\"Grade\",\"label\":\"Grade\",\"description\":\"Grade\",\"editable\":true,\"placeholder\":\"Grade\",\"inputType\":\"multiSelect\",\"required\":false,\"displayProperty\":\"Editable\",\"visible\":true,\"renderingHints\":{\"semanticColumnWidth\":\"six\"},\"index\":3,\"depends\":[\"subject\"]},{\"code\":\"subject\",\"dataType\":\"text\",\"name\":\"Subject\",\"label\":\"Subject\",\"description\":\"Subject of the Content to use to teach\",\"editable\":true,\"placeholder\":\"Grade\",\"inputType\":\"select\",\"required\":false,\"displayProperty\":\"Editable\",\"visible\":true,\"renderingHints\":{\"semanticColumnWidth\":\"six\"},\"index\":4},{\"code\":\"medium\",\"dataType\":\"text\",\"name\":\"Medium\",\"label\":\"Medium\",\"description\":\"Medium of instruction\",\"editable\":true,\"placeholder\":\"Medium\",\"inputType\":\"select\",\"required\":false,\"displayProperty\":\"Editable\",\"visible\":true,\"renderingHints\":{\"semanticColumnWidth\":\"six\"},\"index\":5},{\"code\":\"concept\",\"dataType\":\"text\",\"name\":\"Concept\",\"label\":\"Concepts\",\"description\":\"Concept\",\"editable\":true,\"placeholder\":\"Concept\",\"inputType\":\"Concept\",\"required\":false,\"displayProperty\":\"Editable\",\"visible\":true,\"renderingHints\":{\"semanticColumnWidth\":\"six\"},\"index\":6},{\"code\":\"resourceType\",\"dataType\":\"text\",\"name\":\"Resource Type\",\"label\":\"Resource Type\",\"description\":\"Resourcetype\",\"editable\":true,\"placeholder\":\"Resource Type\",\"inputType\":\"select\",\"required\":false,\"displayProperty\":\"Editable\",\"visible\":true,\"renderingHints\":{\"semanticColumnWidth\":\"six\"},\"index\":7,\"range\":[{\"key\":\"Teach\",\"name\":\"Teach\"},{\"key\":\"Practice\",\"name\":\"Practice\"},{\"key\":\"Learn\",\"name\":\"Learn\"},{\"key\":\"Test\",\"name\":\"Test\"},{\"key\":\"Play\",\"name\":\"Play\"},{\"key\":\"Read\",\"name\":\"Read\"},{\"key\":\"Experiment\",\"name\":\"Experiment\"}]}]}",2025-03-18 16:49:20.033+0000
*,*,form,boardcontactinfo,get,app,2025-03-19 10:29:34.240+0000,"{\"templateName\":\"boardContactInfo\",\"action\":\"get\",\"fields\":[{\"code\":\"board\",\"contactinfo\":{\"number\":\"18001800666\",\"email\":null},\"name\":\"Uttar Pradesh\",\"id\":\"up_k-12\",\"message\":\"(between 9 AM to 6 PM from Monday to Friday)\"},{\"code\":\"board\",\"contactinfo\":{\"number\":\"18005728585\",\"email\":null},\"name\":\"Madhya Pradesh\",\"id\":\"mp_k-12\",\"message\":\"(between 11 AM to 5 PM from Monday to Friday)\"},{\"code\":\"board\",\"contactinfo\":{\"email\":\"support@i-got.freshdesk.com\"},\"name\":\"IGOT-Health\",\"id\":\"igot_health\"}]}",
*,*,content,resource,save,*,2025-03-18 16:49:37.539+0000,"{\"templateName\":\"defaultTemplate\",\"action\":\"save\",\"fields\":[{\"code\":\"appicon\",\"visible\":true,\"editable\":true,\"dataType\":\"url\",\"renderingHints\":{},\"name\":\"App Icon\",\"description\":\"App Icon\",\"index\":1,\"inputType\":\"file\",\"label\":\"Icon\",\"placeholder\":\"App Icon\",\"required\":false},{\"code\":\"name\",\"visible\":true,\"editable\":true,\"dataType\":\"text\",\"renderingHints\":{},\"name\":\"Title\",\"description\":\"Title of the content\",\"index\":2,\"inputType\":\"text\",\"label\":\"Title\",\"placeholder\":\"Enter Title For Book\",\"required\":true},{\"code\":\"description\",\"visible\":true,\"editable\":true,\"dataType\":\"text\",\"renderingHints\":{},\"name\":\"Description\",\"description\":\"Brief description\",\"index\":3,\"inputType\":\"textarea\",\"label\":\"Description\",\"placeholder\":\"Brief description about the Book\",\"required\":false},{\"code\":\"board\",\"visible\":true,\"depends\":[\"medium\",\"gradeLevel\",\"subject\",\"topic\"],\"editable\":true,\"dataType\":\"text\",\"renderingHints\":{},\"description\":\"Board\",\"index\":5,\"label\":\"Board/Syllabus\",\"required\":false,\"name\":\"Board/Syllabus\",\"inputType\":\"select\",\"placeholder\":\"Select Board/Syllabus\"},{\"code\":\"medium\",\"visible\":true,\"depends\":[\"gradeLevel\",\"subject\",\"topic\"],\"editable\":true,\"dataType\":\"list\",\"renderingHints\":{},\"description\":\"\",\"index\":6,\"label\":\"Medium\",\"required\":false,\"name\":\"medium\",\"inputType\":\"multiselect\",\"placeholder\":\"Select Medium\"},{\"code\":\"gradeLevel\",\"visible\":true,\"depends\":[\"subject\",\"topic\"],\"editable\":true,\"dataType\":\"list\",\"renderingHints\":{},\"description\":\"Class\",\"index\":7,\"label\":\"Class\",\"required\":false,\"name\":\"Class\",\"inputType\":\"multiselect\",\"placeholder\":\"Select Class\"},{\"code\":\"subject\",\"visible\":true,\"depends\":[\"topic\"],\"editable\":true,\"dataType\":\"list\",\"renderingHints\":{},\"description\":\"\",\"index\":8,\"label\":\"Subject\",\"required\":false,\"name\":\"Subject\",\"inputType\":\"multiselect\",\"placeholder\":\"Select Subject\"}]}",
*,*,config,pdfplayer_v2,get,*,2025-03-19 10:29:37.207+0000,"{\"templateName\":\"pdfPlayer_v2\",\"action\":\"get\",\"fields\":[{\"name\":\"pdfPlayer\",\"code\":\"pdf\",\"values\":[{\"isEnabled\":true}]},{\"name\":\"epubPlayer\",\"code\":\"epub\",\"values\":[{\"isEnabled\":true}]},{\"name\":\"videoPlayer\",\"code\":\"video\",\"values\":[{\"isEnabled\":true}]},{\"name\":\"qumlPlayer\",\"code\":\"quml\",\"values\":[{\"isEnabled\":true}]}]}",
0143146729170944000,*,content,resource,publish,*,2025-03-24 17:30:42.539+0000,"{\"templateName\":\"defaultTemplate\",\"action\":\"publish\",\"fields\":[{\"contents\":[],\"title\":\"I confirm that I have reviewed the content and approve it as accurate and safe for publication\"}]}",
*,*,user,selfdeclaration,submit,portal,2025-03-19 10:29:51.533+0000,"{\"templateName\":\"selfDeclaration\",\"action\":\"submit\",\"fields\":[{\"code\":\"externalIds\",\"type\":\"nested_group\",\"children\":[{\"code\":\"declared-ext-id\",\"fieldName\":\"Your ID from State/Board/Org\",\"type\":\"input\",\"templateOptions\":{\"labelHtml\":{\"contents\":\"<span>$0</span>\",\"values\":{\"$0\":\"ID as requested by your State/ Board/ Org\"}},\"placeHolder\":\"Enter ID\"},\"validations\":[{\"type\":\"pattern\",\"value\":\"^[^\\\"',\\\\r\\\\n|\\\\r|\\\\n]*$\",\"message\":\"This field does not allow you to enter special characters\"}]},{\"code\":\"declared-phone\",\"fieldName\":\"Mobile Number\",\"type\":\"input\",\"templateOptions\":{\"labelHtml\":{\"contents\":\"<span>$0</span>\",\"values\":{\"$0\":\"Mobile Number for State/ Org\"}},\"placeHolder\":\"Enter Mobile Number\",\"prefix\":\"+91 -\"},\"validations\":[{\"type\":\"pattern\",\"value\":\"^[6-9*][0-9*]{9}$\",\"message\":\"Enter a valid mobile number\"}],\"asyncValidation\":{\"marker\":\"MOBILE_OTP_VALIDATION\",\"message\":\"Validate your mobile number\",\"trigger\":\"validate\"}},{\"code\":\"declared-email\",\"fieldName\":\"Email Address\",\"type\":\"input\",\"templateOptions\":{\"placeHolder\":\"Enter email address\",\"label\":\"Email ID for State/ Org\"},\"validations\":[{\"type\":\"pattern\",\"value\":\"^[A-Za-z0-9._*%+-]+@[A-Za-z0-9.-]+\\\\.[a-z]{2,}$\",\"message\":\"Enter a valid email address\"}],\"asyncValidation\":{\"marker\":\"EMAIL_OTP_VALIDATION\",\"message\":\"Validate your email address\",\"trigger\":\"validate\"}}],\"templateOptions\":{}},{\"code\":\"tnc\",\"type\":\"checkbox\",\"templateOptions\":{\"labelHtml\":{\"contents\":\"<span>$tnc <u><a href=\\\"$url\\\">$0</a></u></span>\",\"values\":{\"$tnc\":\"I consent to provide my Profile Details and the additional details listed above with the administrators of my State / Institution. All administrators on DIKSHA are bound by the Privacy Policy and Administrator Guidelines in their use of my data.\",\"$url\":\"url\",\"$0\":\"Privacy Policy\"}}},\"validations\":[{\"type\":\"required\",\"value\":true,\"message\":\"\"}]},{\"templateOptions\":{\"labelHtml\":{\"contents\":\"<p class=\\\"consent-info\\\">$0</p>\",\"values\":{\"$0\":\"You can edit your details from your Profile Page\"}}},\"code\":\"consentInfo\",\"type\":\"label\"}]}",
*,*,config,boardalias,get,app,2025-03-19 10:29:38.921+0000,"{\"templateName\":\"boardAlias\",\"action\":\"get\",\"fields\":[{\"code\":\"ekstep_ncert_k-12\",\"name\":\"CBSE\",\"alias\":\"CBSE/NCERT\"}]}",
*,*,config,login_v2,get,*,2025-03-19 10:29:30.189+0000,"{\"templateName\":\"login_v2\",\"action\":\"get\",\"fields\":[{\"context\":\"register\",\"target\":{\"host\":\"https://gcp-fmps.sunbirded.org\",\"path\":\"/signup\",\"params\":[{\"key\":\"redirect_uri\",\"value\":\"https://gcp-fmps.sunbirded.org/oauth2callback\"},{\"key\":\"response_type\",\"value\":\"code\"},{\"key\":\"scope\",\"value\":\"offline_access\"},{\"key\":\"client_id\",\"value\":\"android\"},{\"key\":\"version\",\"value\":\"4\"},{\"key\":\"error_callback\",\"value\":\"https://gcp-fmps.sunbirded.org/auth/realms/sunbird/protocol/openid-connect/auth\"}]},\"return\":[{\"type\":\"state-error\",\"when\":{\"host\":\"https://gcp-fmps.sunbirded.org\",\"path\":\"/sso/sign-in/error\",\"params\":[{\"key\":\"error_message\",\"resolveTo\":\"error_message\"}]}},{\"type\":\"password-reset-success\",\"when\":{\"host\":\"https://gcp-fmps.sunbirded.org\",\"path\":\"/auth/realms/sunbird/protocol/openid-connect/auth\",\"params\":[{\"key\":\"client_id\",\"resolveTo\":\"client_id\"}]}},{\"type\":\"reset\",\"when\":{\"host\":\"https://gcp-fmps.sunbirded.org\",\"path\":\"/auth/realms/sunbird/protocol/openid-connect/auth\",\"params\":[{\"key\":\"client_id\",\"resolveTo\":\"client_id\"}]}},{\"type\":\"password\",\"when\":{\"host\":\"https://gcp-fmps.sunbirded.org\",\"path\":\"/oauth2callback\",\"params\":[{\"key\":\"code\",\"resolveTo\":\"code\"}]}},{\"type\":\"google\",\"when\":{\"host\":\"https://gcp-fmps.sunbirded.org\",\"path\":\"/oauth2callback\",\"params\":[{\"key\":\"googleRedirectUrl\",\"resolveTo\":\"googleRedirectUrl\"}]}},{\"type\":\"state\",\"when\":{\"host\":\"https://gcp-fmps.sunbirded.org\",\"path\":\"/sso/sign-in/success\",\"params\":[{\"key\":\"id\",\"resolveTo\":\"id\"}]}}]},{\"context\":\"state\",\"target\":{\"host\":\"https://gcp-fmps.sunbirded.org\",\"path\":\"/sign-in/sso/select-org\",\"params\":[{\"key\":\"client_id\",\"value\":\"android\"},{\"key\":\"version\",\"value\":\"4\"},{\"key\":\"response_type\",\"value\":\"code\"},{\"key\":\"scope\",\"value\":\"offline_access\"}]},\"return\":[{\"type\":\"state-error\",\"when\":{\"host\":\"https://gcp-fmps.sunbirded.org\",\"path\":\"/sso/sign-in/error\",\"params\":[{\"key\":\"error_message\",\"resolveTo\":\"error_message\"}]}},{\"type\":\"state\",\"when\":{\"host\":\"https://gcp-fmps.sunbirded.org\",\"path\":\"/sso/sign-in/success\",\"params\":[{\"key\":\"id\",\"resolveTo\":\"id\"}]}},{\"type\":\"migrate\",\"when\":{\"host\":\"https://gcp-fmps.sunbirded.org\",\"path\":\"/auth/realms/sunbird/protocol/openid-connect/auth\",\"params\":[{\"key\":\"automerge\",\"resolveTo\":\"automerge\"},{\"key\":\"payload\",\"resolveTo\":\"payload\"},{\"key\":\"state\",\"resolveTo\":\"state\"},{\"key\":\"userId\",\"resolveTo\":\"userId\"},{\"key\":\"identifierType\",\"resolveTo\":\"identifierType\"},{\"key\":\"identifierValue\",\"resolveTo\":\"identifierValue\"},{\"key\":\"goBackUrl\",\"resolveTo\":\"goBackUrl\"}]}}]},{\"context\":\"login\",\"target\":{\"host\":\"https://gcp-fmps.sunbirded.org\",\"path\":\"/auth/realms/sunbird/protocol/openid-connect/auth\",\"params\":[{\"key\":\"redirect_uri\",\"value\":\"https://gcp-fmps.sunbirded.org/oauth2callback\"},{\"key\":\"response_type\",\"value\":\"code\"},{\"key\":\"scope\",\"value\":\"offline_access\"},{\"key\":\"client_id\",\"value\":\"android\"},{\"key\":\"version\",\"value\":\"4\"}]},\"return\":[{\"type\":\"state-error\",\"when\":{\"host\":\"https://gcp-fmps.sunbirded.org\",\"path\":\"/sso/sign-in/error\",\"params\":[{\"key\":\"error_message\",\"resolveTo\":\"error_message\"}]}},{\"type\":\"password-reset-success\",\"when\":{\"host\":\"https://gcp-fmps.sunbirded.org\",\"path\":\"/auth/realms/sunbird/protocol/openid-connect/auth\",\"params\":[{\"key\":\"client_id\",\"resolveTo\":\"client_id\"}]}},{\"type\":\"reset\",\"when\":{\"host\":\"https://gcp-fmps.sunbirded.org\",\"path\":\"/auth/realms/sunbird/protocol/openid-connect/auth\",\"params\":[{\"key\":\"client_id\",\"resolveTo\":\"client_id\"}]}},{\"type\":\"password\",\"when\":{\"host\":\"https://gcp-fmps.sunbirded.org\",\"path\":\"/oauth2callback\",\"params\":[{\"key\":\"code\",\"resolveTo\":\"code\"}]}},{\"type\":\"google\",\"when\":{\"host\":\"https://gcp-fmps.sunbirded.org\",\"path\":\"/oauth2callback\",\"params\":[{\"key\":\"googleRedirectUrl\",\"resolveTo\":\"googleRedirectUrl\"}]}},{\"type\":\"state\",\"when\":{\"host\":\"https://gcp-fmps.sunbirded.org\",\"path\":\"/sso/sign-in/success\",\"params\":[{\"key\":\"id\",\"resolveTo\":\"id\"}]}},{\"type\":\"migrate\",\"when\":{\"host\":\"https://gcp-fmps.sunbirded.org\",\"path\":\"/auth/realms/sunbird/protocol/openid-connect/auth\",\"params\":[{\"key\":\"automerge\",\"resolveTo\":\"automerge\"},{\"key\":\"payload\",\"resolveTo\":\"payload\"},{\"key\":\"state\",\"resolveTo\":\"state\"},{\"key\":\"userId\",\"resolveTo\":\"userId\"},{\"key\":\"identifierType\",\"resolveTo\":\"identifierType\"},{\"key\":\"identifierValue\",\"resolveTo\":\"identifierValue\"},{\"key\":\"goBackUrl\",\"resolveTo\":\"goBackUrl\"}]}}]},{\"context\":\"merge\",\"target\":{\"host\":\" https://gcp-fmps.sunbirded.org\",\"path\":\"/auth/realms/sunbird/protocol/openid-connect/auth\",\"params\":[{\"key\":\"redirect_uri\",\"value\":\"https://gcp-fmps.sunbirded.org/oauth2callback\"},{\"key\":\"response_type\",\"value\":\"code\"},{\"key\":\"scope\",\"value\":\"offline_access\"},{\"key\":\"client_id\",\"value\":\"android\"},{\"key\":\"version\",\"value\":\"4\"},{\"key\":\"merge_account_process\",\"value\":\"1\"},{\"key\":\"mergeaccountprocess\",\"value\":\"1\"},{\"key\":\"goBackUrl\",\"value\":\"https://gcp-fmps.sunbirded.org/?exit=1\"}]},\"return\":[{\"type\":\"password\",\"when\":{\"host\":\"https://gcp-fmps.sunbirded.org\",\"path\":\"/oauth2callback\",\"params\":[{\"key\":\"code\",\"resolveTo\":\"code\"}]}},{\"type\":\"google\",\"when\":{\"host\":\"https://gcp-fmps.sunbirded.org\",\"path\":\"/oauth2callback\",\"params\":[{\"key\":\"googleRedirectUrl\",\"resolveTo\":\"googleRedirectUrl\"}]}},{\"type\":\"exit\",\"when\":{\"host\":\"https://gcp-fmps.sunbirded.org\",\"path\":\"/\",\"params\":[{\"key\":\"exit\",\"resolveTo\":\"exit\"}]}}]},{\"context\":\"migrate\",\"target\":{\"host\":\"https://gcp-fmps.sunbirded.org\",\"path\":\"/auth/realms/sunbird/protocol/openid-connect/auth\",\"params\":[{\"key\":\"redirect_uri\",\"value\":\"https://gcp-fmps.sunbirded.org/oauth2callback\"},{\"key\":\"response_type\",\"value\":\"code\"},{\"key\":\"scope\",\"value\":\"offline_access\"},{\"key\":\"client_id\",\"value\":\"android\"},{\"key\":\"version\",\"value\":\"4\"},{\"key\":\"automerge\",\"value\":\"1\"}]},\"return\":[{\"type\":\"password\",\"when\":{\"host\":\"https://gcp-fmps.sunbirded.org\",\"path\":\"/oauth2callback\",\"params\":[{\"key\":\"code\",\"resolveTo\":\"code\"}]}},{\"type\":\"google\",\"when\":{\"host\":\"https://gcp-fmps.sunbirded.org\",\"path\":\"/oauth2callback\",\"params\":[{\"key\":\"googleRedirectUrl\",\"resolveTo\":\"googleRedirectUrl\"}]}},{\"type\":\"state\",\"when\":{\"host\":\"https://gcp-fmps.sunbirded.org\",\"path\":\"/sso/sign-in/success\",\"params\":[{\"key\":\"id\",\"resolveTo\":\"id\"}]}}]}]}",
*,*,profileconfig_v2,default,get,*,2025-03-19 10:29:53.386+0000,"{\"templateName\":\"defaultTemplate\",\"action\":\"get\",\"fields\":[{\"code\":\"name\",\"type\":\"input\",\"templateOptions\":{\"labelHtml\":{\"contents\":\"<span>$0&nbsp;<span class=\\\"required-asterisk\\\">*</span></span>\",\"values\":{\"$0\":\"Name\"}},\"hidden\":true,\"placeHolder\":\"Enter Name\",\"multiple\":false},\"validations\":[{\"type\":\"required\"}]},{\"code\":\"category\",\"type\":\"input\",\"default\":null,\"templateOptions\":{\"labelHtml\":{\"contents\":\"<span>$0&nbsp;<span class=\\\"required-asterisk\\\"></span></span>\",\"values\":{\"$0\":\"Category\"}},\"hidden\":false,\"placeHolder\":\"Enter Category\",\"multiple\":false},\"validations\":[]},{\"code\":\"email\",\"type\":\"input\",\"default\":null,\"readonly\":true,\"templateOptions\":{\"labelHtml\":{\"contents\":\"<span>$0&nbsp;<span class=\\\"required-asterisk\\\">*</span></span>\",\"values\":{\"$0\":\"Email\"}},\"hidden\":false,\"placeHolder\":\"Enter Email\",\"multiple\":false},\"validations\":[]},{\"code\":\"cin\",\"type\":\"input\",\"default\":null,\"templateOptions\":{\"labelHtml\":{\"contents\":\"<span>$0&nbsp;<span class=\\\"required-asterisk\\\"></span></span>\",\"values\":{\"$0\":\"CIN\"}},\"hidden\":false,\"placeHolder\":\"Enter CIN\",\"multiple\":false},\"validations\":[]},{\"code\":\"idFmps\",\"type\":\"input\",\"default\":null,\"templateOptions\":{\"labelHtml\":{\"contents\":\"<span>$0&nbsp;<span class=\\\"required-asterisk\\\"></span></span>\",\"values\":{\"$0\":\"ID FMPS\"}},\"hidden\":false,\"placeHolder\":\"Enter ID FMPS\",\"multiple\":false},\"validations\":[]},{\"code\":\"trainingGroup\",\"type\":\"input\",\"default\":null,\"templateOptions\":{\"labelHtml\":{\"contents\":\"<span>$0&nbsp;<span class=\\\"required-asterisk\\\"></span></span>\",\"values\":{\"$0\":\"Training Group\"}},\"hidden\":false,\"placeHolder\":\"Enter Training Group\",\"multiple\":false},\"validations\":[]},{\"code\":\"province\",\"type\":\"select\",\"templateOptions\":{\"hidden\":false,\"placeHolder\":\"Select Province\",\"multiple\":false,\"themeType\":\"material\",\"options\":[{\"label\":\"Al Hoceïma\",\"value\":\"Al Hoceïma\"},{\"label\":\"Chefchaouen\",\"value\":\"Chefchaouen\"},{\"label\":\"Fahs-Anjra\",\"value\":\"Fahs-Anjra\"},{\"label\":\"Larache\",\"value\":\"Larache\"},{\"label\":\"M’diq-Fnideq\",\"value\":\"M’diq-Fnideq\"},{\"label\":\"Ouezzane\",\"value\":\"Ouezzane\"},{\"label\":\"Tanger-Assilah\",\"value\":\"Tanger-Assilah\"},{\"label\":\"Tétouan\",\"value\":\"Tétouan\"},{\"label\":\"Berkane\",\"value\":\"Berkane\"},{\"label\":\"Driouch\",\"value\":\"Driouch\"},{\"label\":\"Figuig\",\"value\":\"Figuig\"},{\"label\":\"Guercif\",\"value\":\"Guercif\"},{\"label\":\"Jerada\",\"value\":\"Jerada\"},{\"label\":\"Nador\",\"value\":\"Nador\"},{\"label\":\"Oujda-Angad\",\"value\":\"Oujda-Angad\"},{\"label\":\"Taourirt\",\"value\":\"Taourirt\"},{\"label\":\"Boulemane\",\"value\":\"Boulemane\"},{\"label\":\"El Hajeb\",\"value\":\"El Hajeb\"},{\"label\":\"Fès\",\"value\":\"Fès\"},{\"label\":\"Ifrane\",\"value\":\"Ifrane\"},{\"label\":\"Meknès\",\"value\":\"Meknès\"},{\"label\":\"Moulay Yacoub\",\"value\":\"Moulay Yacoub\"},{\"label\":\"Sefrou\",\"value\":\"Sefrou\"},{\"label\":\"Taza\",\"value\":\"Taza\"},{\"label\":\"Kénitra\",\"value\":\"Kénitra\"},{\"label\":\"Khémisset\",\"value\":\"Khémisset\"},{\"label\":\"Rabat\",\"value\":\"Rabat\"},{\"label\":\"Salé\",\"value\":\"Salé\"},{\"label\":\"Sidi Kacem\",\"value\":\"Sidi Kacem\"},{\"label\":\"Sidi Slimane\",\"value\":\"Sidi Slimane\"},{\"label\":\"Azilal\",\"value\":\"Azilal\"},{\"label\":\"Béni Mellal\",\"value\":\"Béni Mellal\"},{\"label\":\"Fquih Ben Salah\",\"value\":\"Fquih Ben Salah\"},{\"label\":\"Khénifra\",\"value\":\"Khénifra\"},{\"label\":\"Khouribga\",\"value\":\"Khouribga\"},{\"label\":\"Benslimane\",\"value\":\"Benslimane\"},{\"label\":\"Berrechid\",\"value\":\"Berrechid\"},{\"label\":\"Casablanca\",\"value\":\"Casablanca\"},{\"label\":\"El Jadida\",\"value\":\"El Jadida\"},{\"label\":\"Médiouna\",\"value\":\"Médiouna\"},{\"label\":\"Mohammedia\",\"value\":\"Mohammedia\"},{\"label\":\"Nouaceur\",\"value\":\"Nouaceur\"},{\"label\":\"Settat\",\"value\":\"Settat\"},{\"label\":\"Sidi Bennour\",\"value\":\"Sidi Bennour\"},{\"label\":\"Al Haouz\",\"value\":\"Al Haouz\"},{\"label\":\"Chichaoua\",\"value\":\"Chichaoua\"},{\"label\":\"El Kelâa des Sraghna\",\"value\":\"El Kelâa des Sraghna\"},{\"label\":\"Essaouira\",\"value\":\"Essaouira\"},{\"label\":\"Marrakech\",\"value\":\"Marrakech\"},{\"label\":\"Rehamna\",\"value\":\"Rehamna\"},{\"label\":\"Safi\",\"value\":\"Safi\"},{\"label\":\"Youssoufia\",\"value\":\"Youssoufia\"},{\"label\":\"Errachidia\",\"value\":\"Errachidia\"},{\"label\":\"Midelt\",\"value\":\"Midelt\"},{\"label\":\"Ouarzazate\",\"value\":\"Ouarzazate\"},{\"label\":\"Tinghir\",\"value\":\"Tinghir\"},{\"label\":\"Zagora\",\"value\":\"Zagora\"},{\"label\":\"Agadir-Ida Ou Tanane\",\"value\":\"Agadir-Ida Ou Tanane\"},{\"label\":\"Chtouka-Aït Baha\",\"value\":\"Chtouka-Aït Baha\"},{\"label\":\"Inezgane-Aït Melloul\",\"value\":\"Inezgane-Aït Melloul\"},{\"label\":\"Taroudannt\",\"value\":\"Taroudannt\"},{\"label\":\"Tata\",\"value\":\"Tata\"},{\"label\":\"Tiznit\",\"value\":\"Tiznit\"},{\"label\":\"Assa-Zag\",\"value\":\"Assa-Zag\"},{\"label\":\"Guelmim\",\"value\":\"Guelmim\"},{\"label\":\"Sidi Ifni\",\"value\":\"Sidi Ifni\"},{\"label\":\"Tan-Tan\",\"value\":\"Tan-Tan\"},{\"label\":\"Boujdour\",\"value\":\"Boujdour\"},{\"label\":\"Es-Semara\",\"value\":\"Es-Semara\"},{\"label\":\"Laâyoune\",\"value\":\"Laâyoune\"},{\"label\":\"Tarfaya\",\"value\":\"Tarfaya\"},{\"label\":\"Aousserd\",\"value\":\"Aousserd\"},{\"label\":\"Oued Ed-Dahab\",\"value\":\"Oued Ed-Dahab\"}],\"labelHtml\":{\"contents\":\"<span>$0&nbsp;<span class=\\\"required-asterisk\\\"></span></span>\",\"values\":{\"$0\":\"Province\"}}}},{\"code\":\"persona\",\"type\":\"nested_select\",\"templateOptions\":{\"hidden\":true,\"labelHtml\":{\"contents\":\"<span>$0&nbsp;<span class=\\\"required-asterisk\\\">*</span></span>\",\"values\":{\"$0\":\"Role\"}},\"placeHolder\":\"Select Role\",\"multiple\":false,\"dataSrc\":{\"marker\":\"SUPPORTED_PERSONA_LIST\"}},\"validations\":[{\"type\":\"required\"}],\"children\":{\"administrator\":[{\"code\":\"state\",\"type\":\"select\",\"templateOptions\":{\"labelHtml\":{\"contents\":\"<span>$0&nbsp;<span class=\\\"required-asterisk\\\">*</span></span>\",\"values\":{\"$0\":\"State\"}},\"placeHolder\":\"Select State\",\"multiple\":false,\"dataSrc\":{\"marker\":\"STATE_LOCATION_LIST\",\"params\":{\"useCase\":\"SIGNEDIN_GUEST\"}}},\"validations\":[{\"type\":\"required\"}]},{\"code\":\"subPersona\",\"type\":\"select\",\"default\":null,\"templateOptions\":{\"labelHtml\":{\"contents\":\"<span>$0&nbsp;<span class=\\\"required-asterisk\\\">*</span></span>\",\"values\":{\"$0\":\"Subrole\"}},\"placeHolder\":\"Select Subrole\",\"multiple\":true,\"dataSrc\":{\"marker\":\"SUBPERSONA_LIST\",\"params\":{\"useCase\":\"SIGNEDIN\"}},\"options\":[{\"value\":\"hm\",\"label\":\"HM\"},{\"value\":\"crp\",\"label\":\"CRP\"},{\"value\":\"chm\",\"label\":\"Complex HM\"},{\"value\":\"meo\",\"label\":\"MEO\"},{\"value\":\"dyeo\",\"label\":\"DyEO\"},{\"value\":\"atwo\",\"label\":\"ATWO\"},{\"value\":\"dtwo\",\"label\":\"DTWO\"},{\"value\":\"gcdo_pmrc\",\"label\":\"GCDO PMRC\"},{\"value\":\"cmo_pmrc\",\"label\":\"CMO PMRC\"},{\"value\":\"amo_pmrc\",\"label\":\"AMO PMRC\"},{\"value\":\"ddtw\",\"label\":\"DDTW\"},{\"value\":\"aso_dpo\",\"label\":\"ASO DPO\"},{\"value\":\"asst_als_coordinator\",\"label\":\"Asst ALS Coordinator\"},{\"value\":\"asst_ie_coordinator\",\"label\":\"Asst IE Coordinator\"},{\"value\":\"als_coordinator\",\"label\":\"ALS Coordinator\"},{\"value\":\"ie_coordinator\",\"label\":\"IE Coordinator\"},{\"value\":\"cmo\",\"label\":\"CMO\"},{\"value\":\"aamo\",\"label\":\"AAMO\"},{\"value\":\"amo\",\"label\":\"AMO\"},{\"value\":\"apc\",\"label\":\"APC\"},{\"value\":\"diet_lecturer\",\"label\":\"DIET Lecturer\"},{\"value\":\"diet_pricipal\",\"label\":\"DIET Principal\"},{\"value\":\"deo\",\"label\":\"DEO\"},{\"value\":\"rjd\",\"label\":\"RJD\"},{\"value\":\"slcc\",\"label\":\"SLCC\"},{\"value\":\"slmo\",\"label\":\"SLMO\"},{\"value\":\"spd\",\"label\":\"SPD\"},{\"value\":\"dir_ad_ed\",\"label\":\"Director Adult Education\"},{\"value\":\"dir_pub_lib\",\"label\":\"Director Public Libraries\"},{\"value\":\"dir_scert\",\"label\":\"Director SCERT\"},{\"value\":\"sec_kgbv\",\"label\":\"Secretary KGBV\"},{\"value\":\"sec_pub_lib\",\"label\":\"Secretary Public Libraries\"},{\"value\":\"dep_dir_ad_ed\",\"label\":\"Deputy director Adult Education\"},{\"value\":\"lib_pub_lib\",\"label\":\"Librarian Public Libraries\"},{\"value\":\"sup_ad_ed\",\"label\":\"Supervisor Adult Education\"},{\"value\":\"lib_bdc\",\"label\":\"Librarian Public Libraries/ Book deposit center\"},{\"value\":\"ins_ad_ed\",\"label\":\"Instructor/ Volunteer Adult Education\"},{\"value\":\"bdc_inch\",\"label\":\"BDC Incharge\"}]},\"validations\":[{\"type\":\"required\"}]},{\"code\":\"district\",\"type\":\"select\",\"context\":\"state\",\"default\":null,\"templateOptions\":{\"labelHtml\":{\"contents\":\"<span>$0&nbsp;<span class=\\\"required-asterisk\\\">*</span></span>\",\"values\":{\"$0\":\"District\"}},\"placeHolder\":\"Select District\",\"multiple\":false,\"dataSrc\":{\"marker\":\"LOCATION_LIST\",\"params\":{\"id\":\"district\",\"useCase\":\"SIGNEDIN_GUEST\"}}},\"validations\":[{\"type\":\"required\"}]},{\"code\":\"block\",\"type\":\"select\",\"context\":\"district\",\"default\":null,\"templateOptions\":{\"label\":\"Block\",\"placeHolder\":\"Select Block\",\"multiple\":false,\"dataSrc\":{\"marker\":\"LOCATION_LIST\",\"params\":{\"id\":\"block\",\"useCase\":\"SIGNEDIN\"}}},\"validations\":[]},{\"code\":\"cluster\",\"type\":\"select\",\"context\":\"block\",\"default\":null,\"templateOptions\":{\"label\":\"Cluster\",\"placeHolder\":\"Select Cluster\",\"multiple\":false,\"dataSrc\":{\"marker\":\"LOCATION_LIST\",\"params\":{\"id\":\"cluster\",\"useCase\":\"SIGNEDIN\"}}},\"validations\":[]},{\"code\":\"school\",\"type\":\"select\",\"context\":\"block\",\"default\":null,\"templateOptions\":{\"label\":\"School\",\"placeHolder\":\"Select School\",\"multiple\":false,\"dataSrc\":{\"marker\":\"LOCATION_LIST\",\"params\":{\"id\":\"school\",\"useCase\":\"SIGNEDIN\"}}}}],\"teacher\":[{\"code\":\"state\",\"type\":\"select\",\"templateOptions\":{\"hidden\":true,\"labelHtml\":{\"contents\":\"<span>$0&nbsp;<span class=\\\"required-asterisk\\\">*</span></span>\",\"values\":{\"$0\":\"Province\"}},\"placeHolder\":\"Select Province\",\"multiple\":false,\"dataSrc\":{\"marker\":\"STATE_LOCATION_LIST\",\"params\":{\"useCase\":\"SIGNEDIN_GUEST\"}}},\"validations\":[]}],\"student\":[{\"code\":\"state\",\"type\":\"select\",\"templateOptions\":{\"labelHtml\":{\"contents\":\"<span>$0&nbsp;<span class=\\\"required-asterisk\\\">*</span></span>\",\"values\":{\"$0\":\"State\"}},\"placeHolder\":\"Select State\",\"multiple\":false,\"dataSrc\":{\"marker\":\"STATE_LOCATION_LIST\",\"params\":{\"useCase\":\"SIGNEDIN_GUEST\"}}},\"validations\":[]}],\"other\":[{\"code\":\"state\",\"type\":\"select\",\"templateOptions\":{\"labelHtml\":{\"contents\":\"<span>$0&nbsp;<span class=\\\"required-asterisk\\\">*</span></span>\",\"values\":{\"$0\":\"State\"}},\"placeHolder\":\"Select State\",\"multiple\":false,\"dataSrc\":{\"marker\":\"STATE_LOCATION_LIST\",\"params\":{\"useCase\":\"SIGNEDIN_GUEST\"}}},\"validations\":[{\"type\":\"required\"}]},{\"code\":\"district\",\"type\":\"select\",\"context\":\"state\",\"default\":null,\"templateOptions\":{\"labelHtml\":{\"contents\":\"<span>$0&nbsp;<span class=\\\"required-asterisk\\\">*</span></span>\",\"values\":{\"$0\":\"District\"}},\"placeHolder\":\"Select District\",\"multiple\":false,\"dataSrc\":{\"marker\":\"LOCATION_LIST\",\"params\":{\"id\":\"district\",\"useCase\":\"SIGNEDIN_GUEST\"}}},\"validations\":[{\"type\":\"required\"}]},{\"code\":\"block\",\"type\":\"select\",\"context\":\"district\",\"default\":null,\"templateOptions\":{\"label\":\"Block\",\"placeHolder\":\"Select Block\",\"multiple\":false,\"dataSrc\":{\"marker\":\"LOCATION_LIST\",\"params\":{\"id\":\"block\",\"useCase\":\"SIGNEDIN\"}}},\"validations\":[]},{\"code\":\"cluster\",\"type\":\"select\",\"context\":\"block\",\"default\":null,\"templateOptions\":{\"label\":\"Cluster\",\"placeHolder\":\"Select Cluster\",\"multiple\":false,\"dataSrc\":{\"marker\":\"LOCATION_LIST\",\"params\":{\"id\":\"cluster\",\"useCase\":\"SIGNEDIN\"}}}},{\"code\":\"school\",\"type\":\"select\",\"context\":\"cluster\",\"default\":null,\"templateOptions\":{\"label\":\"School\",\"placeHolder\":\"Select School\",\"multiple\":false,\"dataSrc\":{\"marker\":\"LOCATION_LIST\",\"params\":{\"id\":\"school\",\"useCase\":\"SIGNEDIN\"}}}}],\"parent\":[{\"code\":\"state\",\"type\":\"select\",\"templateOptions\":{\"labelHtml\":{\"contents\":\"<span>$0&nbsp;<span class=\\\"required-asterisk\\\">*</span></span>\",\"values\":{\"$0\":\"State\"}},\"placeHolder\":\"Select State\",\"multiple\":false,\"dataSrc\":{\"marker\":\"STATE_LOCATION_LIST\",\"params\":{\"useCase\":\"SIGNEDIN_GUEST\"}}},\"validations\":[{\"type\":\"required\"}]},{\"code\":\"district\",\"type\":\"select\",\"context\":\"state\",\"default\":null,\"templateOptions\":{\"labelHtml\":{\"contents\":\"<span>$0&nbsp;<span class=\\\"required-asterisk\\\">*</span></span>\",\"values\":{\"$0\":\"District\"}},\"placeHolder\":\"Select District\",\"multiple\":false,\"dataSrc\":{\"marker\":\"LOCATION_LIST\",\"params\":{\"id\":\"district\",\"useCase\":\"SIGNEDIN_GUEST\"}}},\"validations\":[{\"type\":\"required\"}]},{\"code\":\"block\",\"type\":\"select\",\"context\":\"district\",\"default\":null,\"templateOptions\":{\"label\":\"Block\",\"placeHolder\":\"Select Block\",\"multiple\":false,\"dataSrc\":{\"marker\":\"LOCATION_LIST\",\"params\":{\"id\":\"block\",\"useCase\":\"SIGNEDIN\"}}},\"validations\":[]},{\"code\":\"cluster\",\"type\":\"select\",\"context\":\"block\",\"default\":null,\"templateOptions\":{\"label\":\"Cluster\",\"placeHolder\":\"Select Cluster\",\"multiple\":false,\"dataSrc\":{\"marker\":\"LOCATION_LIST\",\"params\":{\"id\":\"cluster\",\"useCase\":\"SIGNEDIN\"}}}},{\"code\":\"school\",\"type\":\"select\",\"context\":\"cluster\",\"default\":null,\"templateOptions\":{\"label\":\"School\",\"placeHolder\":\"Select School\",\"multiple\":false,\"dataSrc\":{\"marker\":\"LOCATION_LIST\",\"params\":{\"id\":\"school\",\"useCase\":\"SIGNEDIN\"}}}}],\"youth\":[{\"code\":\"state\",\"type\":\"select\",\"templateOptions\":{\"labelHtml\":{\"contents\":\"<span>$0&nbsp;<span class=\\\"required-asterisk\\\">*</span></span>\",\"values\":{\"$0\":\"State\"}},\"placeHolder\":\"Select State\",\"multiple\":false,\"dataSrc\":{\"marker\":\"STATE_LOCATION_LIST\",\"params\":{\"useCase\":\"SIGNEDIN_GUEST\"}}},\"validations\":[{\"type\":\"required\"}]},{\"code\":\"district\",\"type\":\"select\",\"context\":\"state\",\"default\":null,\"templateOptions\":{\"labelHtml\":{\"contents\":\"<span>$0&nbsp;<span class=\\\"required-asterisk\\\">*</span></span>\",\"values\":{\"$0\":\"District\"}},\"placeHolder\":\"Select District\",\"multiple\":false,\"dataSrc\":{\"marker\":\"LOCATION_LIST\",\"params\":{\"id\":\"district\",\"useCase\":\"SIGNEDIN_GUEST\"}}},\"validations\":[{\"type\":\"required\"}]},{\"code\":\"block\",\"type\":\"select\",\"context\":\"district\",\"default\":null,\"templateOptions\":{\"label\":\"Block\",\"placeHolder\":\"Select Block\",\"multiple\":false,\"dataSrc\":{\"marker\":\"LOCATION_LIST\",\"params\":{\"id\":\"block\",\"useCase\":\"SIGNEDIN\"}}},\"validations\":[]},{\"code\":\"cluster\",\"type\":\"select\",\"context\":\"block\",\"default\":null,\"templateOptions\":{\"label\":\"Cluster\",\"placeHolder\":\"Select Cluster\",\"multiple\":false,\"dataSrc\":{\"marker\":\"LOCATION_LIST\",\"params\":{\"id\":\"cluster\",\"useCase\":\"SIGNEDIN\"}}}},{\"code\":\"school\",\"type\":\"select\",\"context\":\"block\",\"default\":null,\"templateOptions\":{\"label\":\"School\",\"placeHolder\":\"Select School\",\"multiple\":false,\"dataSrc\":{\"marker\":\"LOCATION_LIST\",\"params\":{\"id\":\"school\",\"useCase\":\"SIGNEDIN\"}}}}]}}]}",2025-03-25 13:12:43.377+0000
*,*,config,*,get,app,2025-03-19 10:29:22.330+0000,"{\"templateName\":\"adminHome\",\"action\":\"get\",\"fields\":[{\"index\":0,\"title\":\"{\\\"en\\\":\\\"Continue\\\"}\",\"isEnabled\":true,\"dataSrc\":{\"name\":\"TRACKABLE_CONTENTS\"},\"theme\":{}},{\"index\":1,\"title\":\"{\\\"en\\\":\\\"Learn, Manage and Act\\\"}\",\"isEnabled\":true,\"dataSrc\":{\"name\":\"CONTENT_FACETS_ADMIN\",\"values\":[{\"code\":\"program\",\"title\":\"{\\\"en\\\":\\\"Programs\\\"}\",\"search\":{}},{\"code\":\"project\",\"title\":\"{\\\"en\\\":\\\"Projects\\\"}\",\"search\":{}},{\"code\":\"observation\",\"title\":\"{\\\"en\\\":\\\"Observations\\\"}\",\"search\":{}},{\"code\":\"survey\",\"title\":\"{\\\"en\\\":\\\"Surveys\\\"}\",\"search\":{}},{\"code\":\"course\",\"title\":\"{\\\"en\\\":\\\"Courses\\\"}\",\"search\":{\"filters\":{\"primaryCategory\":[\"Course\"],\"audience\":[\"administrator\"],\"batches.enrollmentType\":\"open\",\"batches.status\":1}}},{\"code\":\"report\",\"title\":\"{\\\"en\\\":\\\"Reports\\\"}\",\"search\":{}}]},\"theme\":{\"component\":\"sb-pills-grid\",\"inputs\":{\"pillShape\":\"box\",\"pillsViewType\":\"none\",\"minDisplayCount\":6,\"viewMoreText\":\"{\\\"en\\\":\\\"View All\\\"}\",\"viewLessText\":\"{\\\"en\\\":\\\"View Less\\\"}\"}}}]}",
*,*,user,personas,list,portal,2025-03-19 10:29:59.830+0000,"{\"templateName\":\"defaultTemplate\",\"action\":\"list\",\"fields\":[{\"code\":\"persona\",\"visible\":true,\"editable\":true,\"displayProperty\":\"Editable\",\"dataType\":\"text\",\"renderingHints\":{\"fieldColumnWidth\":\"twelve\"},\"description\":\"Select persona\",\"range\":[{\"index\":1,\"label\":\"Teacher\",\"value\":\"teacher\"},{\"index\":2,\"label\":\"Other\",\"value\":\"other\"}],\"index\":1,\"label\":\"Persona\",\"required\":true,\"name\":\"persona\",\"inputType\":\"select\"}]}",
*,*,newuseronboarding,global,onboarding,portal,2025-03-19 10:30:00.407+0000,{\"fields\":{\"shownewUserOnboarding\":\"true\"}},
*,*,config,supportedurlregex,get,*,2025-03-19 10:29:38.357+0000,"{\"templateName\":\"supportedUrlRegex\",\"action\":\"get\",\"fields\":[{\"code\":\"dialcode\",\"values\":\"(/dial/(?<sunbird>[a-zA-Z0-9]+)|(/QR/\\\\?id=(?<epathshala>[a-zA-Z0-9]+)))\",\"name\":\"Dialcode parser\"},{\"code\":\"identifier\",\"values\":\"(?:/(?:resources/play/content|play/quiz)/(?<quizId>\\\\w+))|(?:/play/(?:content|collection)/(?<contentId>\\\\w+))|(?:/(?:explore-course|learn)/course/(?<courseId>\\\\w+))\",\"name\":\"Identifier parser\"}]}",
*,*,content,player,play,*,2025-03-19 10:30:12.542+0000,"{\"templateName\":\"defaultTemplate\",\"action\":\"play\",\"fields\":[{\"type\":\"video-player\",\"version\":2,\"mimeType\":[\"video/mp4\",\"video/webm\"]},{\"type\":\"pdf-player\",\"version\":2,\"mimeType\":[\"application/pdf\"]},{\"type\":\"epub-player\",\"version\":2,\"mimeType\":[\"application/epub\"]},{\"type\":\"quml-player\",\"version\":2,\"threshold\":3,\"mimeType\":[\"application/vnd.sunbird.questionset\"]}]}",
*,*,config,search,filter_v3,app,2025-03-19 10:29:25.362+0000,"{\"templateName\":\"search_filter_v3\",\"action\":\"search_filter_v3\",\"fields\":[{\"code\":\"se_boards\",\"translations\":\"{\\\"en\\\":\\\"Board/Syllabus\\\",\\\"as\\\":\\\"ব'ৰ্ড\\\",\\\"bn\\\":\\\"পর্ষদ\\\",\\\"gu\\\":\\\"બોર્ડ\\\",\\\"hi\\\":\\\"बोर्ड\\\",\\\"kn\\\":\\\"ಮಂಡಳಿ\\\",\\\"mr\\\":\\\"बोर्ड\\\",\\\"or\\\":\\\"ବୋର୍ଡ\\\",\\\"pa\\\":\\\"ਬੋਰਡ\\\",\\\"ta\\\":\\\"வாரியம்\\\",\\\"te\\\":\\\"బోర్డు\\\",\\\"ur\\\":\\\"بورڈ\\\"}\",\"values\":[],\"name\":\"Board/Syllabus\",\"index\":1},{\"code\":\"se_gradeLevels\",\"translations\":\"{\\\"en\\\":\\\"Class\\\",\\\"as\\\":\\\"শ্ৰেণী\\\",\\\"bn\\\":\\\"শ্রেনী\\\",\\\"gu\\\":\\\"વર્ગ\\\",\\\"hi\\\":\\\"कक्षा\\\",\\\"kn\\\":\\\"ತರಗತಿ\\\",\\\"mr\\\":\\\"इयत्ता\\\",\\\"or\\\":\\\"ଶ୍ରେଣୀ\\\",\\\"pa\\\":\\\"ਜਮਾਤ\\\",\\\"ta\\\":\\\"வகுப்பு\\\",\\\"te\\\":\\\"క్లాసు\\\",\\\"ur\\\":\\\"کلاس\\\"}\",\"values\":[],\"name\":\"Class\",\"index\":2},{\"code\":\"subject\",\"translations\":\"{\\\"en\\\":\\\"Subject\\\",\\\"as\\\":\\\"বিষয়\\\",\\\"bn\\\":\\\"বিষয়\\\",\\\"gu\\\":\\\"વિષય\\\",\\\"hi\\\":\\\"विषय\\\",\\\"kn\\\":\\\"ವಿಷಯ\\\",\\\"mr\\\":\\\"विषय\\\",\\\"or\\\":\\\"ବିଷୟ\\\",\\\"pa\\\":\\\"ਵਿਸ਼ਾ\\\",\\\"ta\\\":\\\"பாடம்\\\",\\\"te\\\":\\\"పాఠ్యాంశము\\\",\\\"ur\\\":\\\"مضامین\\\"}\",\"values\":[],\"name\":\"Subject\",\"index\":3},{\"code\":\"se_mediums\",\"translations\":\"{\\\"en\\\":\\\"Medium\\\",\\\"as\\\":\\\"মাধ্যম\\\",\\\"bn\\\":\\\"মাধ্যাম\\\",\\\"gu\\\":\\\"માધ્યમ\\\",\\\"hi\\\":\\\"माध्यम\\\",\\\"kn\\\":\\\"ಮಾಧ್ಯಮ\\\",\\\"mr\\\":\\\"माध्यम\\\",\\\"or\\\":\\\"ମାଧ୍ୟମ\\\",\\\"pa\\\":\\\"ਮਾਧਿਅਮ\\\",\\\"ta\\\":\\\"மீடியம்\\\",\\\"te\\\":\\\"మాధ్యమం\\\",\\\"ur\\\":\\\"میڈیم\\\"}\",\"values\":[],\"name\":\"Medium\",\"index\":4},{\"code\":\"primaryCategory\",\"translations\":\"{\\\"en\\\":\\\"Content Type\\\"}\",\"values\":[],\"name\":\"Resource Type\",\"index\":5},{\"code\":\"channel\",\"translations\":\"{\\\"en\\\":\\\"Publisher\\\",\\\"as\\\":\\\"প্ৰকাশক\\\",\\\"bn\\\":\\\"প্রকাশক\\\",\\\"gu\\\":\\\"પ્રકાશક\\\",\\\"hi\\\":\\\"प्रकाशक\\\",\\\"kn\\\":\\\"ಪ್ರಕಾಶಕರು\\\",\\\"mr\\\":\\\"प्रकाशक\\\",\\\"or\\\":\\\"ପ୍ରକାଶକ\\\",\\\"pa\\\":\\\"ਪ੍ਰਕਾਸ਼ਕ\\\",\\\"ta\\\":\\\"வெளியீட்டாளர்\\\",\\\"te\\\":\\\"ప్రచురణకర్త\\\",\\\"ur\\\":\\\"ناشر\\\"}\",\"values\":[],\"name\":\"Publisher\",\"index\":6},{\"code\":\"mimeType\",\"translations\":\"{\\\"en\\\":\\\"Media Type\\\",\\\"as\\\":\\\"মাধ্যমৰ ধৰণ\\\",\\\"bn\\\":\\\"মিডিয়ার ধরণ\\\",\\\"gu\\\":\\\"મીડિયાનો પ્રકાર\\\",\\\"hi\\\":\\\"मीडिया प्रकार\\\",\\\"kn\\\":\\\"ಮಾಧ್ಯಮದ ವಿಧ\\\",\\\"mr\\\":\\\"माध्यम प्रकार\\\",\\\"or\\\":\\\"ମିଡ଼ିଆ ପ୍ରକାର\\\",\\\"pa\\\":\\\"ਮੀਡੀਆ ਦੀ ਕਿਸਮ\\\",\\\"ta\\\":\\\"ஊடக வகை\\\",\\\"te\\\":\\\"మీడియా రకం\\\",\\\"ur\\\":\\\"میڈیا کی قسم\\\"}\",\"values\":[],\"name\":\"Publisher\",\"index\":7},{\"code\":\"audience\",\"translations\":\"{\\\"en\\\":\\\"Meant for\\\"}\",\"values\":[],\"name\":\"Meant For\",\"index\":8},{\"code\":\"additionalCategories\",\"translations\":\"{\\\"en\\\":\\\"Additional Categories\\\"}\",\"values\":[],\"name\":\"Additional Categories\",\"index\":9}]}",
*,*,content,explore,search,*,2025-03-19 10:30:11.942+0000,"{\"templateName\":\"defaultTemplate\",\"action\":\"search\",\"fields\":[{\"code\":\"board\",\"dataType\":\"text\",\"name\":\"Board\",\"label\":\"Board\",\"description\":\"Education Board (Like MP Board, NCERT, etc)\",\"editable\":true,\"inputType\":\"select\",\"required\":false,\"displayProperty\":\"Editable\",\"visible\":true,\"renderingHints\":{\"semanticColumnWidth\":\"three\"},\"index\":1},{\"code\":\"medium\",\"dataType\":\"text\",\"name\":\"Medium\",\"label\":\"Medium\",\"description\":\"Medium of instruction\",\"editable\":true,\"inputType\":\"select\",\"required\":false,\"displayProperty\":\"Editable\",\"visible\":true,\"renderingHints\":{\"semanticColumnWidth\":\"three\"},\"index\":2},{\"code\":\"subject\",\"dataType\":\"text\",\"name\":\"Subject\",\"label\":\"Subject\",\"description\":\"Subject of the Content to use to teach\",\"editable\":true,\"inputType\":\"select\",\"required\":false,\"displayProperty\":\"Editable\",\"visible\":true,\"renderingHints\":{\"semanticColumnWidth\":\"three\"},\"index\":4},{\"code\":\"gradeLevel\",\"dataType\":\"text\",\"name\":\"Class\",\"label\":\"Class\",\"description\":\"Grade\",\"editable\":true,\"inputType\":\"select\",\"required\":false,\"displayProperty\":\"Editable\",\"visible\":true,\"renderingHints\":{\"semanticColumnWidth\":\"three\"},\"index\":3}]}",
*,*,config,content_v2,filter,*,2025-03-19 10:29:32.506+0000,"{\"templateName\":\"content_v2\",\"action\":\"filter\",\"fields\":[{\"code\":\"primaryCategory\",\"values\":[\"Course\",\"Learning Resource\",\"Explanation Content\",\"Teacher Resource\",\"Content Playlist\",\"Digital Textbook\",\"Practice Question Set\",\"eTextBook\",\"Course Assessment\"],\"name\":\"library\"},{\"code\":\"primaryCategory\",\"values\":[\"Course\",\"Learning Resource\",\"Explanation Content\",\"Teacher Resource\",\"Content Playlist\",\"Digital Textbook\",\"Practice Question Set\",\"eTextBook\",\"Course Assessment\"],\"name\":\"course\"},{\"code\":\"primaryCategory\",\"values\":[\"Course\",\"Learning Resource\",\"Explanation Content\",\"Teacher Resource\",\"Content Playlist\",\"Digital Textbook\",\"Practice Question Set\",\"eTextBook\",\"Course Assessment\"],\"name\":\"downloads\"},{\"code\":\"contentType\",\"values\":[\"Digital Textbook\",\"Textbook Unit\",\"Course\"],\"name\":\"dialcode\"}]}",
*,*,config,utility,get,app,2025-03-19 10:29:30.765+0000,"{\"templateName\":\"utility\",\"action\":\"get\",\"fields\":[{\"name\":\"Course BatchEnd Config\",\"code\":\"batchEndTimerConfig\",\"config\":{\"batchEndDateTimer\":\"2\"}},{\"name\":\"Experience Switch Popup Config\",\"code\":\"experienceSwitchPopupConfig\",\"config\":{\"isEnabled\":true}},{\"name\":\"Player\",\"code\":\"config\",\"config\":{\"v1\":{\"whitelistUrl\":[\"https://obj.stage.sunbirded.org/**\"]}}}]}",
*,*,content,lessonplan,requestforchanges,*,2025-03-18 16:49:42.498+0000,"{\"templateName\":\"defaultTemplate\",\"action\":\"requestforchanges\",\"fields\":[{\"otherReason\":\"Other Issue(s) (if there are any other issues, tick this and provide details in the comments box)\",\"contents\":[{\"name\":\"Appropriateness\",\"checkList\":[\"Has Hate speech, Abuse, Violence, Profanity\",\"Has Sexual content, Nudity or Vulgarity\",\"Has Discriminatory or Defamatory content\",\"Is not suitable for children\"]},{\"name\":\"Content details\",\"checkList\":[\"Inappropriate Title or Description\",\"Incorrect Board, Grade, Subject or Medium\",\"Inappropriate tags such as Resource Type or Concepts\",\"Irrelevant Keywords\"]},{\"name\":\"Usability\",\"checkList\":[\"Content is NOT playing correctly\",\"CANNOT see the content clearly on Desktop and App\",\"Audio is NOT clear or NOT easy to understand\",\"Spelling mistakes found in text used\",\"Language is NOT simple to understand\"]}],\"title\":\"Please tick the reasons for requesting changes and provide detailed comments:\"}]}",
*,*,content,assessment,create,*,2025-03-19 10:29:43.266+0000,"{\"templateName\":\"defaultTemplate\",\"action\":\"create\",\"fields\":[{\"code\":\"name\",\"visible\":true,\"editable\":true,\"displayProperty\":\"Editable\",\"dataType\":\"text\",\"renderingHints\":{\"semanticColumnWidth\":\"twelve\"},\"description\":\"Name\",\"index\":1,\"label\":\"Name\",\"required\":false,\"name\":\"Name\",\"inputType\":\"text\",\"placeholder\":\"Name\"},{\"code\":\"maxAttempts\",\"dataType\":\"text\",\"name\":\"Max no of attempts\",\"label\":\"Max no of attempts\",\"description\":\"Max no of attempts\",\"editable\":true,\"placeholder\":\"Max no of attempts\",\"inputType\":\"number\",\"required\":false,\"displayProperty\":\"Editable\",\"visible\":true,\"renderingHints\":{\"semanticColumnWidth\":\"six\"},\"index\":6}]}",
*,*,config,notification,get,app,2025-03-19 10:29:35.747+0000,"{\"templateName\":\"notification\",\"action\":\"get\",\"fields\":[{\"code\":\"localNotification\",\"name\":\"LocalNotification\",\"type\":1,\"config\":[{\"msg\":\"{\\\"en\\\":\\\"Learn something new on Diksha today!\\\",\\\"hi\\\":\\\"आज Diksha से कुछ नया सीखे!\\\",\\\"kn\\\":\\\"Diksha ದಲ್ಲಿ ಇಂದು ಹೊಸತೇನಾದರೂ ಕಲಿಯಿರಿ!\\\", \\\"ta\\\": \\\"இன்று Diksha இல் புதியவற்றைக் கற்றுக்கொள்ளுங்கள்!\\\", \\\"te\\\": \\\"నేడు Diksha లో కొత్త విషయాలు నేర్చుకోండి!\\\", \\\"ur\\\": \\\"{{%s}} پر آج کچھ نیا  سیکھیں!\\\" }\",\"isEnabled\":true,\"start\":\"4 19:00\",\"interval\":\"weekday\",\"id\":1004,\"title\":\"{\\\"en\\\":\\\"Diksha\\\",\\\"hi\\\":\\\"Diksha\\\",\\\"kn\\\":\\\"Diksha\\\", \\\"ta\\\": \\\"Diksha\\\", \\\"te\\\": \\\"Diksha\\\", \\\"ur\\\": \\\"Diksha\\\" }\"}]}]}",
0143146729170944000,FMPS,profileconfig_v2,ka,get,*,2025-03-25 02:34:28.763+0000,"{\"templateName\":\"defaultTemplate\",\"action\":\"get\",\"fields\":[{\"code\":\"name\",\"type\":\"input\",\"templateOptions\":{\"labelHtml\":{\"contents\":\"<span>$0&nbsp;<span class=\\\"required-asterisk\\\">*</span></span>\",\"values\":{\"$0\":\"Name\"}},\"hidden\":true,\"placeHolder\":\"Enter Name\",\"multiple\":false},\"validations\":[{\"type\":\"required\"}]},{\"code\":\"email\",\"type\":\"input\",\"templateOptions\":{\"hidden\":true,\"labelHtml\":{\"contents\":\"<span>$0&nbsp;<span class=\\\"required-asterisk\\\">*</span></span>\",\"values\":{\"$0\":\"Email\"}},\"placeHolder\":\"Enter Email\",\"multiple\":false,\"themeType\":\"material\"},\"validations\":[{\"type\":\"required\"}]},{\"code\":\"cin\",\"type\":\"input\",\"templateOptions\":{\"hidden\":true,\"placeHolder\":\"Enter CIN\",\"multiple\":false,\"themeType\":\"material\"}},{\"code\":\"idfmps\",\"type\":\"input\",\"templateOptions\":{\"hidden\":true,\"placeHolder\":\"Enter ID FMPS\",\"multiple\":false,\"themeType\":\"material\"}},{\"code\":\"province\",\"type\":\"select\",\"templateOptions\":{\"hidden\":true,\"placeHolder\":\"Select Province\",\"multiple\":false,\"themeType\":\"material\",\"options\":[{\"label\":\"Al Hoceïma\",\"value\":\"Al Hoceïma\"},{\"label\":\"Chefchaouen\",\"value\":\"Chefchaouen\"},{\"label\":\"Fahs-Anjra\",\"value\":\"Fahs-Anjra\"},{\"label\":\"Larache\",\"value\":\"Larache\"},{\"label\":\"M’diq-Fnideq\",\"value\":\"M’diq-Fnideq\"},{\"label\":\"Ouezzane\",\"value\":\"Ouezzane\"},{\"label\":\"Tanger-Assilah\",\"value\":\"Tanger-Assilah\"},{\"label\":\"Tétouan\",\"value\":\"Tétouan\"},{\"label\":\"Berkane\",\"value\":\"Berkane\"},{\"label\":\"Driouch\",\"value\":\"Driouch\"},{\"label\":\"Figuig\",\"value\":\"Figuig\"},{\"label\":\"Guercif\",\"value\":\"Guercif\"},{\"label\":\"Jerada\",\"value\":\"Jerada\"},{\"label\":\"Nador\",\"value\":\"Nador\"},{\"label\":\"Oujda-Angad\",\"value\":\"Oujda-Angad\"},{\"label\":\"Taourirt\",\"value\":\"Taourirt\"},{\"label\":\"Boulemane\",\"value\":\"Boulemane\"},{\"label\":\"El Hajeb\",\"value\":\"El Hajeb\"},{\"label\":\"Fès\",\"value\":\"Fès\"},{\"label\":\"Ifrane\",\"value\":\"Ifrane\"},{\"label\":\"Meknès\",\"value\":\"Meknès\"},{\"label\":\"Moulay Yacoub\",\"value\":\"Moulay Yacoub\"},{\"label\":\"Sefrou\",\"value\":\"Sefrou\"},{\"label\":\"Taza\",\"value\":\"Taza\"},{\"label\":\"Kénitra\",\"value\":\"Kénitra\"},{\"label\":\"Khémisset\",\"value\":\"Khémisset\"},{\"label\":\"Rabat\",\"value\":\"Rabat\"},{\"label\":\"Salé\",\"value\":\"Salé\"},{\"label\":\"Sidi Kacem\",\"value\":\"Sidi Kacem\"},{\"label\":\"Sidi Slimane\",\"value\":\"Sidi Slimane\"},{\"label\":\"Azilal\",\"value\":\"Azilal\"},{\"label\":\"Béni Mellal\",\"value\":\"Béni Mellal\"},{\"label\":\"Fquih Ben Salah\",\"value\":\"Fquih Ben Salah\"},{\"label\":\"Khénifra\",\"value\":\"Khénifra\"},{\"label\":\"Khouribga\",\"value\":\"Khouribga\"},{\"label\":\"Benslimane\",\"value\":\"Benslimane\"},{\"label\":\"Berrechid\",\"value\":\"Berrechid\"},{\"label\":\"Casablanca\",\"value\":\"Casablanca\"},{\"label\":\"El Jadida\",\"value\":\"El Jadida\"},{\"label\":\"Médiouna\",\"value\":\"Médiouna\"},{\"label\":\"Mohammedia\",\"value\":\"Mohammedia\"},{\"label\":\"Nouaceur\",\"value\":\"Nouaceur\"},{\"label\":\"Settat\",\"value\":\"Settat\"},{\"label\":\"Sidi Bennour\",\"value\":\"Sidi Bennour\"},{\"label\":\"Al Haouz\",\"value\":\"Al Haouz\"},{\"label\":\"Chichaoua\",\"value\":\"Chichaoua\"},{\"label\":\"El Kelâa des Sraghna\",\"value\":\"El Kelâa des Sraghna\"},{\"label\":\"Essaouira\",\"value\":\"Essaouira\"},{\"label\":\"Marrakech\",\"value\":\"Marrakech\"},{\"label\":\"Rehamna\",\"value\":\"Rehamna\"},{\"label\":\"Safi\",\"value\":\"Safi\"},{\"label\":\"Youssoufia\",\"value\":\"Youssoufia\"},{\"label\":\"Errachidia\",\"value\":\"Errachidia\"},{\"label\":\"Midelt\",\"value\":\"Midelt\"},{\"label\":\"Ouarzazate\",\"value\":\"Ouarzazate\"},{\"label\":\"Tinghir\",\"value\":\"Tinghir\"},{\"label\":\"Zagora\",\"value\":\"Zagora\"},{\"label\":\"Agadir-Ida Ou Tanane\",\"value\":\"Agadir-Ida Ou Tanane\"},{\"label\":\"Chtouka-Aït Baha\",\"value\":\"Chtouka-Aït Baha\"},{\"label\":\"Inezgane-Aït Melloul\",\"value\":\"Inezgane-Aït Melloul\"},{\"label\":\"Taroudannt\",\"value\":\"Taroudannt\"},{\"label\":\"Tata\",\"value\":\"Tata\"},{\"label\":\"Tiznit\",\"value\":\"Tiznit\"},{\"label\":\"Assa-Zag\",\"value\":\"Assa-Zag\"},{\"label\":\"Guelmim\",\"value\":\"Guelmim\"},{\"label\":\"Sidi Ifni\",\"value\":\"Sidi Ifni\"},{\"label\":\"Tan-Tan\",\"value\":\"Tan-Tan\"},{\"label\":\"Boujdour\",\"value\":\"Boujdour\"},{\"label\":\"Es-Semara\",\"value\":\"Es-Semara\"},{\"label\":\"Laâyoune\",\"value\":\"Laâyoune\"},{\"label\":\"Tarfaya\",\"value\":\"Tarfaya\"},{\"label\":\"Aousserd\",\"value\":\"Aousserd\"},{\"label\":\"Oued Ed-Dahab\",\"value\":\"Oued Ed-Dahab\"}]}},{\"code\":\"category\",\"type\":\"select\",\"templateOptions\":{\"hidden\":true,\"placeHolder\":\"Select Category\",\"multiple\":false,\"themeType\":\"material\",\"options\":[]}},{\"code\":\"TrainingGroup\",\"type\":\"select\",\"templateOptions\":{\"hidden\":true,\"placeHolder\":\"Select Training \xa0Group\",\"multiple\":false,\"themeType\":\"material\",\"options\":[]}}]}",
*,*,dynamicform,consentdeclaration_v3,submit,app,2025-03-19 10:29:40.059+0000,"{\"templateName\":\"consentdeclaration_v3\",\"action\":\"submit\",\"fields\":[{\"code\":\"name\",\"type\":\"text\",\"templateOptions\":{\"placeHolder\":\"{\\\"en\\\":\\\"User name :\\\"}\",\"dataSrc\":{\"marker\":\"SERVER_PROFILE\",\"params\":{\"categoryCode\":\"firstName\"}}}},{\"code\":\"state\",\"type\":\"text\",\"templateOptions\":{\"placeHolder\":\"{\\\"en\\\":\\\"State:\\\"}\",\"dataSrc\":{\"marker\":\"SERVER_PROFILE_LOCATIONS\",\"params\":{\"categoryCode\":\"name\"}}}},{\"code\":\"userId\",\"type\":\"text\",\"templateOptions\":{\"placeHolder\":\"{\\\"en\\\":\\\"UserId:\\\"}\",\"dataSrc\":{\"marker\":\"SERVER_PROFILE\",\"params\":{\"categoryCode\":\"id\"}}}},{\"code\":\"district\",\"type\":\"text\",\"templateOptions\":{\"placeHolder\":\"{\\\"en\\\":\\\"District:\\\"}\",\"dataSrc\":{\"marker\":\"SERVER_PROFILE_LOCATIONS\",\"params\":{\"categoryCode\":\"name\"}}}},{\"code\":\"block\",\"type\":\"text\",\"templateOptions\":{\"placeHolder\":\"{\\\"en\\\":\\\"Block:\\\"}\",\"dataSrc\":{\"marker\":\"SERVER_PROFILE_LOCATIONS\",\"params\":{\"categoryCode\":\"name\"}}}},{\"code\":\"schoolId\",\"type\":\"text\",\"templateOptions\":{\"placeHolder\":\"{\\\"en\\\":\\\"School ID:\\\"}\",\"dataSrc\":{\"marker\":\"SERVER_PROFILE_LOCATIONS\",\"params\":{\"categoryCode\":\"code\"}}}},{\"code\":\"school\",\"type\":\"text\",\"templateOptions\":{\"placeHolder\":\"{\\\"en\\\":\\\"School name:\\\"}\",\"dataSrc\":{\"marker\":\"SERVER_PROFILE_LOCATIONS\",\"params\":{\"categoryCode\":\"name\"}}}},{\"code\":\"phoneNumber\",\"type\":\"text\",\"templateOptions\":{\"placeHolder\":\"{\\\"en\\\":\\\"Mobile No:\\\"}\",\"dataSrc\":{\"marker\":\"SERVER_PROFILE\",\"params\":{\"categoryCode\":\"phone\"}}}},{\"code\":\"emailId\",\"type\":\"text\",\"templateOptions\":{\"placeHolder\":\"{\\\"en\\\":\\\"Email ID:\\\"}\",\"dataSrc\":{\"marker\":\"SERVER_PROFILE\",\"params\":{\"categoryCode\":\"email\"}}}},{\"code\":\"externalIds\",\"type\":\"text\",\"templateOptions\":{\"placeHolder\":\"{\\\"en\\\":\\\"External ID:\\\"}\",\"dataSrc\":{\"marker\":\"SERVER_PROFILE\",\"params\":{\"categoryCode\":\"externalIds\"}}}}]}",
*,*,content,*,question-meta-save,*,2025-03-19 10:29:14.290+0000,"{\"templateName\":\"questionMetaDataTemplate\",\"action\":\"question-meta-save\",\"fields\":[{\"code\":\"name\",\"visible\":true,\"editable\":true,\"dataType\":\"text\",\"renderingHints\":{},\"name\":\"Title\",\"description\":\"Title of the question\",\"index\":0,\"inputType\":\"text\",\"label\":\"Title\",\"placeholder\":\"Enter the Title\",\"required\":true},{\"code\":\"description\",\"visible\":true,\"editable\":true,\"dataType\":\"text\",\"renderingHints\":{},\"name\":\"Description\",\"description\":\"Brief description\",\"index\":1,\"inputType\":\"textarea\",\"label\":\"Description\",\"placeholder\":\"Enter the Description\",\"required\":false},{\"code\":\"board\",\"visible\":true,\"depends\":[\"medium\",\"gradeLevel\",\"subject\",\"topic\"],\"editable\":true,\"dataType\":\"text\",\"renderingHints\":{},\"description\":\"board\",\"index\":2,\"label\":\"Board/Syllabus\",\"required\":true,\"name\":\"Board/Syllabus\",\"inputType\":\"select\",\"placeholder\":\"Select Board/Syllabus\"},{\"code\":\"medium\",\"visible\":true,\"depends\":[\"gradeLevel\",\"subject\",\"topic\"],\"editable\":true,\"dataType\":\"text\",\"renderingHints\":{},\"description\":\"\",\"index\":3,\"label\":\"Medium\",\"required\":true,\"name\":\"medium\",\"inputType\":\"select\",\"placeholder\":\"Select Medium\"},{\"code\":\"gradeLevel\",\"visible\":true,\"depends\":[\"subject\",\"topic\"],\"editable\":true,\"dataType\":\"list\",\"renderingHints\":{},\"description\":\"Class\",\"index\":4,\"label\":\"Grade Level\",\"required\":true,\"name\":\"Class\",\"inputType\":\"multiselect\",\"placeholder\":\"Select Grade\"},{\"code\":\"subject\",\"visible\":true,\"depends\":[\"topic\"],\"editable\":true,\"dataType\":\"text\",\"renderingHints\":{},\"description\":\"Add subjects\",\"index\":5,\"label\":\"Subject\",\"required\":true,\"name\":\"subject\",\"inputType\":\"select\",\"placeholder\":\"Select Subject\"},{\"code\":\"topic\",\"visible\":true,\"editable\":true,\"dataType\":\"list\",\"renderingHints\":{},\"name\":\"Topic\",\"description\":\"Choose a topics\",\"index\":6,\"inputType\":\"topicselector\",\"label\":\"Topic\",\"placeholder\":\"Choose Topics\",\"required\":false},{\"code\":\"qlevel\",\"visible\":true,\"editable\":true,\"dataType\":\"text\",\"renderingHints\":{},\"description\":\"Add Notes\",\"index\":7,\"range\":[\"EASY\",\"MEDIUM\",\"DIFFICULT\"],\"label\":\"Level\",\"required\":true,\"name\":\"qlevel\",\"inputType\":\"select\",\"placeholder\":\"Select Level\"},{\"code\":\"max_score\",\"visible\":true,\"editable\":true,\"dataType\":\"number\",\"renderingHints\":{},\"description\":\"\",\"index\":8,\"label\":\"Max Score\",\"required\":true,\"name\":\"max_score\",\"inputType\":\"number\",\"placeholder\":\"Enter the Max Score\",\"validation\":[{\"type\":\"min\",\"message\":\"\",\"value\":\"1\"}]}]}",
*,*,batch,report_types,list,*,2025-03-19 10:30:09.075+0000,"{\"templateName\":\"defaultTemplate\",\"action\":\"list\",\"fields\":[{\"lang_key\":\"frmelmnts.lbl.progressExhaustReport\",\"encrypt\":\"false\",\"title\":\"Course Summary Report\",\"dataset\":\"progress-exhaust\"},{\"lang_key\":\"frmelmnts.lbl.responseExhaustReport\",\"encrypt\":\"false\",\"title\":\"Course Detail Report\",\"dataset\":\"response-exhaust\"}]}",2025-06-20 06:02:04.851+0000
*,*,contentcategory,global,menubar,*,2025-03-19 10:29:44.428+0000,"{\"action\":\"list\",\"fields\":[{\"index\":6,\"search\":{\"fields\":[\"name\",\"appIcon\",\"mimeType\",\"identifier\",\"pkgVersion\",\"resourceType\",\"contentType\",\"channel\",\"organisation\",\"trackable\",\"creator\",\"language\"],\"facets\":[\"creator\",\"organisation\"],\"filters\":{\"status\":[\"Live\"],\"contentType\":[\"Course\"],\"primaryCategory\":[\"Course\",\"Course Assessment\"]}},\"contentType\":\"course\",\"title\":\"frmelmnts.tab.courses\",\"isLoginMandatory\":false,\"isEnabled\":true,\"anonumousUserRoute\":{\"route\":\"/explore\",\"queryParam\":\"course\"},\"loggedInUserRoute\":{\"route\":\"/resources\",\"queryParam\":\"course\"},\"theme\":{\"className\":\"courses\",\"baseColor\":\"\",\"textColor\":\"\",\"supportingColor\":\"\",\"imageName\":\"courses-banner-img.svg\"},\"batchEndCounter\":4,\"desc\":\"frmelmnts.tab.courses\",\"isOnlineOnly\":true,\"menuType\":\"Content\",\"metaData\":{\"defaultFilters\":{\"organisation\":[\"FMPS\"]},\"cacheTimeout\":86400000,\"filters\":[\"publisher\",\"audience\",\"channel\",\"creator\",\"organisation\",\"language\",\"category\"],\"searchFilterConfig\":[{\"category\":\"organisation\",\"type\":\"dropdown\",\"labelText\":\"Organisation\",\"defaultLabelText\":\"organisation\",\"placeholderText\":\"Select Organisation\",\"defaultPlaceholderText\":\"select organisation\",\"dataSource\":\"framework\",\"multiple\":false},{\"category\":\"language\",\"type\":\"dropdown\",\"labelText\":\"language\",\"defaultLabelText\":\"language\",\"placeholderText\":\"Select language\",\"defaultPlaceholderText\":\"select language\",\"dataSource\":\"framework\",\"multiple\":true},{\"category\":\"category\",\"type\":\"dropdown\",\"labelText\":\"Category\",\"defaultLabelText\":\"category\",\"placeholderText\":\"Select category\",\"defaultPlaceholderText\":\"select category\",\"dataSource\":\"framework\",\"multiple\":true}]}},{\"index\":8,\"contentType\":\"observation\",\"anonumousUserRoute\":{\"route\":\"/observation\",\"queryParam\":\"observation\"},\"isLoginMandatory\":true,\"isEnabled\":true,\"title\":\"frmelmnts.lbl.observation\",\"loggedInUserRoute\":{\"route\":\"/observation\",\"queryParam\":\"observation\"},\"theme\":{\"className\":\"tests\",\"baseColor\":\"\",\"textColor\":\"\",\"supportingColor\":\"\",\"imageName\":\"observation.svg\"},\"isOnlineOnly\":true,\"menuType\":\"Content\",\"desc\":\"frmelmnts.lbl.observation\"},{\"index\":1,\"search\":{\"fields\":[\"name\",\"appIcon\",\"medium\",\"subject\",\"resourceType\",\"contentType\",\"organisation\",\"topic\",\"mimeType\",\"trackable\",\"gradeLevel\",\"se_boards\",\"se_subjects\",\"se_mediums\",\"se_gradeLevels\"],\"facets\":[\"primaryCategory\",\"se_boards\"],\"filters\":{\"medium\":[],\"gradeLevel\":[],\"audience\":[],\"board\":[],\"primaryCategory\":[\"Digital Textbook\",\"eTextbook\"],\"channel\":[],\"subject\":[]}},\"contentType\":\"explore\",\"title\":\"frmelmnts.lbl.explore\",\"isEnabled\":false,\"anonumousUserRoute\":{\"route\":\"/explore\",\"queryParam\":\"explore\"},\"loggedInUserRoute\":{\"route\":\"/resources\",\"queryParam\":\"explore\"},\"filter\":{\"isEnabled\":false,\"type\":\"facet\"},\"theme\":{\"className\":\"explore\",\"baseColor\":\"\",\"textColor\":\"\",\"supportingColor\":\"\",\"imageName\":\"courses-banner-img.svg\"},\"desc\":\"frmelmnts.lbl.explore\",\"isOnlineOnly\":true,\"sections\":[{\"index\":0,\"apiConfig\":{\"url\":\"\",\"params\":\"\",\"req\":{},\"contextKey\":\"res.facet.primaryCategory\",\"method\":\"\"},\"anonumousUserRoute\":{\"route\":\"/explore-course\",\"queryParam\":\"course\"},\"isEnabled\":true,\"title\":\"frmelmnts.lbl.dscfrmctgries\",\"loggedInUserRoute\":{\"route\":\"/learn\",\"queryParam\":\"course\"},\"landing\":{\"description\":\"frmelmnts.lbl.exploredescription\",\"title\":\"frmelmnts.lbl.exploretitle\"},\"theme\":{\"component\":\"sb-pills-grid\",\"limit\":10,\"colorMapping\":[],\"infiniteCard\":false,\"icons\":{\"digital textbooks\":\"assets/images/textbook.svg\",\"documents\":\"assets/images/documents.svg\",\"tv classes\":\"assets/images/tv.svg\",\"videos\":\"assets/images/videos.svg\",\"default\":\"assets/images/all_content.svg\",\"courses\":\"assets/images/course.svg\"}},\"facetKey\":\"primaryCategory\",\"data\":[{\"index\":0,\"name\":\"Digital Textbook\",\"value\":\"digital textbook\",\"searchCriteria\":{\"facets\":[],\"primaryCategories\":[\"Digital Textbook\"],\"mode\":\"soft\",\"searchType\":\"search\"}},{\"index\":1,\"name\":\"Course\",\"value\":\"course\",\"searchCriteria\":{\"facets\":[],\"primaryCategories\":[\"Course\"],\"mode\":\"soft\",\"searchType\":\"search\"}}],\"desc\":\"Section for category\"},{\"index\":0,\"apiConfig\":{\"url\":\"\",\"params\":\"\",\"req\":{},\"contextKey\":\"res.facet.subject\",\"method\":\"\"},\"anonumousUserRoute\":{\"route\":\"/explore-course\",\"queryParam\":\"course\"},\"isEnabled\":true,\"title\":\"frmelmnts.lbl.board\",\"loggedInUserRoute\":{\"route\":\"/learn\",\"queryParam\":\"course\"},\"landing\":{\"description\":\"frmelmnts.lbl.exploredescription\",\"title\":\"frmelmnts.lbl.exploretitle\"},\"theme\":{\"component\":\"sb-pills-grid\",\"limit\":10,\"colorMapping\":[],\"infiniteCard\":false,\"icons\":{\"state (telangana)\":\"https://diksha.gov.in/ts/logo.png\",\"state (haryana)\":\"https://diksha.gov.in/hr/logo.png\",\"ut (ladakh)\":\"https://diksha.gov.in/ld/appLogo.png\",\"state (kerala)\":\"https://diksha.gov.in/logo.png\",\"state (uttar pradesh)\":\"https://diksha.gov.in/up/appLogo.png\",\"state (andhra pradesh)\":\"https://diksha.gov.in/ap/logo.png\",\"state (nagaland)\":\"https://diksha.gov.in/nl/logo.png\",\"state (tamil nadu)\":\"https://diksha.gov.in/tn/appLogo.png\",\"state (himachal pradesh)\":\"https://diksha.gov.in/logo.png\",\"state (jammu and kashmir)\":\"https://diksha.gov.in/jk/logo.png\",\"state (goa)\":\"https://diksha.gov.in/ga/logo.png\",\"state (punjab)\":\"https://diksha.gov.in/pb/appLogo.png\",\"igot-health\":\"https://diksha.gov.in/igot/logo.png\",\"ut (dnh and dd)\":\"https://diksha.gov.in/dd/appLogo.png\",\"state (jharkhand)\":\"https://diksha.gov.in/jh/logo.png\",\"state (mizoram)\":\"https://diksha.gov.in/mz/logo.png\",\"state (manipur)\":\"https://diksha.gov.in/mn/appLogo.png\",\"state (uttarakhand)\":\"https://diksha.gov.in/logo.png\",\"state (rajasthan)\":\"https://diksha.gov.in/rj/appLogo.png\",\"state (odisha)\":\"https://diksha.gov.in/od/appLogo.png\",\"state (delhi)\":\"https://diksha.gov.in/dl/logo.png\",\"ut (puducherry)\":\"https://diksha.gov.in/py/appLogo.png\",\"state (chandigarh)\":\"https://diksha.gov.in/logo.png\",\"state (meghalya)\":\"https://diksha.gov.in/ml/logo.png\",\"cbse\":\"https://diksha.gov.in/cbse/cbse-logo.png\",\"state (sikkim)\":\"https://diksha.gov.in/sk/logo.png\",\"state (karnataka)\":\"https://diksha.gov.in/ka/appLogo.png\",\"state (gujarat)\":\"https://diksha.gov.in/gj/logo.png\",\"state (madhya pradesh)\":\"https://diksha.gov.in/mp/logo.png\",\"state (arunachal pradesh)\":\"https://diksha.gov.in/ar/logo.png\",\"state (maharashtra)\":\"https://diksha.gov.in/mh/logo.png\",\"state (assam)\":\"https://diksha.gov.in/as/logo.png\",\"state (tripura)\":\"https://diksha.gov.in/logo.png\",\"state (bihar)\":\"https://diksha.gov.in/br/logo.png\",\"ut (andaman and nicobar islands)\":\"https://diksha.gov.in/an/logo.png\",\"state (chhattisgarh)\":\"https://diksha.gov.in/cg/logo.png\"}},\"facetKey\":\"se_boards\",\"data\":[{\"index\":0,\"name\":\"CBSE/NCERT\",\"value\":\"cbse\",\"searchCriteria\":{\"facets\":[\"board\"],\"board\":[\"CBSE\"]}},{\"index\":1,\"name\":\"IGOT-Health\",\"value\":\"igot-health\",\"searchCriteria\":{\"facets\":[\"board\"],\"board\":[\"IGOT-Health\"]}},{\"index\":2,\"name\":\"State (Arunachal Pradesh)\",\"value\":\"state (arunachal pradesh)\",\"searchCriteria\":{\"facets\":[\"board\"],\"board\":[\"State (Arunachal Pradesh)\"]}},{\"index\":3,\"name\":\"State (Andhra Pradesh)\",\"value\":\"state (andhra pradesh)\",\"searchCriteria\":{\"facets\":[\"board\"],\"board\":[\"State (Andhra Pradesh)\"]}},{\"index\":4,\"name\":\"State (Assam)\",\"value\":\"state (assam)\",\"searchCriteria\":{\"facets\":[\"board\"],\"board\":[\"State (Assam)\"]}},{\"index\":5,\"name\":\"State (Bihar)\",\"value\":\"state (bihar)\",\"searchCriteria\":{\"facets\":[\"board\"],\"board\":[\"State (Bihar)\"]}},{\"index\":6,\"name\":\"State (Chandigarh)\",\"value\":\"state (chandigarh)\",\"searchCriteria\":{\"facets\":[\"board\"],\"board\":[\"State (Chandigarh)\"]}},{\"index\":7,\"name\":\"State (Chhattisgarh)\",\"value\":\"state (chhattisgarh)\",\"searchCriteria\":{\"facets\":[\"board\"],\"board\":[\"State (Chhattisgarh)\"]}},{\"index\":8,\"name\":\"State (Delhi)\",\"value\":\"state (delhi)\",\"searchCriteria\":{\"facets\":[\"board\"],\"board\":[\"State (Delhi)\"]}},{\"index\":9,\"name\":\"State (Goa)\",\"value\":\"state (goa)\",\"searchCriteria\":{\"facets\":[\"board\"],\"board\":[\"State (Goa)\"]}},{\"index\":10,\"name\":\"State (Gujarat)\",\"value\":\"state (gujarat)\",\"searchCriteria\":{\"facets\":[\"board\"],\"board\":[\"State (Gujarat)\"]}},{\"index\":11,\"name\":\"State (Haryana)\",\"value\":\"state (haryana)\",\"searchCriteria\":{\"facets\":[\"board\"],\"board\":[\"State (Haryana)\"]}},{\"index\":12,\"name\":\"State (Himachal Pradesh)\",\"value\":\"state (himachal pradesh)\",\"searchCriteria\":{\"facets\":[\"board\"],\"board\":[\"State (Himachal Pradesh)\"]}},{\"index\":13,\"name\":\"State (Jammu And Kashmir)\",\"value\":\"state (jammu and kashmir)\",\"searchCriteria\":{\"facets\":[\"board\"],\"board\":[\"State (Jammu And Kashmir)\"]}},{\"index\":14,\"name\":\"State (Jharkhand)\",\"value\":\"state (jharkhand)\",\"searchCriteria\":{\"facets\":[\"board\"],\"board\":[\"State (Jharkhand)\"]}},{\"index\":15,\"name\":\"State (Karnataka)\",\"value\":\"state (karnataka)\",\"searchCriteria\":{\"facets\":[\"board\"],\"board\":[\"State (Karnataka)\"]}},{\"index\":16,\"name\":\"State (Kerala)\",\"value\":\"state (kerala)\",\"searchCriteria\":{\"facets\":[\"board\"],\"board\":[\"State (Kerala)\"]}},{\"index\":17,\"name\":\"State (Madhya Pradesh)\",\"value\":\"state (madhya pradesh)\",\"searchCriteria\":{\"facets\":[\"board\"],\"board\":[\"State (Madhya Pradesh)\"]}},{\"index\":18,\"name\":\"State (Maharashtra)\",\"value\":\"state (maharashtra)\",\"searchCriteria\":{\"facets\":[\"board\"],\"board\":[\"State (Maharashtra)\"]}},{\"index\":19,\"name\":\"State (Manipur)\",\"value\":\"state (manipur)\",\"searchCriteria\":{\"facets\":[\"board\"],\"board\":[\"State (Manipur)\"]}},{\"index\":20,\"name\":\"State (Meghalya)\",\"value\":\"state (meghalya)\",\"searchCriteria\":{\"facets\":[\"board\"],\"board\":[\"State (Meghalya)\"]}},{\"index\":21,\"name\":\"State (Mizoram)\",\"value\":\"state (mizoram)\",\"searchCriteria\":{\"facets\":[\"board\"],\"board\":[\"State (Mizoram)\"]}},{\"index\":22,\"name\":\"State (Nagaland)\",\"value\":\"state (nagaland)\",\"searchCriteria\":{\"facets\":[\"board\"],\"board\":[\"State (Nagaland)\"]}},{\"index\":23,\"name\":\"State (Odisha)\",\"value\":\"state (odisha)\",\"searchCriteria\":{\"facets\":[\"board\"],\"board\":[\"State (Odisha)\"]}},{\"index\":24,\"name\":\"State (Punjab)\",\"value\":\"state (punjab)\",\"searchCriteria\":{\"facets\":[\"board\"],\"board\":[\"State (Punjab)\"]}},{\"index\":25,\"name\":\"State (Rajasthan)\",\"value\":\"state (rajasthan)\",\"searchCriteria\":{\"facets\":[\"board\"],\"board\":[\"State (Rajasthan)\"]}},{\"index\":26,\"name\":\"State (Sikkim)\",\"value\":\"state (sikkim)\",\"searchCriteria\":{\"facets\":[\"board\"],\"board\":[\"State (Sikkim)\"]}},{\"index\":27,\"name\":\"State (Tamil Nadu)\",\"value\":\"state (tamil nadu)\",\"searchCriteria\":{\"facets\":[\"board\"],\"board\":[\"State (Tamil Nadu)\"]}},{\"index\":28,\"name\":\"State (Telangana)\",\"value\":\"state (telangana)\",\"searchCriteria\":{\"facets\":[\"board\"],\"board\":[\"State (Telangana)\"]}},{\"index\":29,\"name\":\"State (Tripura)\",\"value\":\"state (tripura)\",\"searchCriteria\":{\"facets\":[\"board\"],\"board\":[\"State (Tripura)\"]}},{\"index\":30,\"name\":\"State (Uttar Pradesh)\",\"value\":\"state (uttar pradesh)\",\"searchCriteria\":{\"facets\":[\"board\"],\"board\":[\"State (Uttar Pradesh)\"]}},{\"index\":31,\"name\":\"State (Uttarakhand)\",\"value\":\"state (uttarakhand)\",\"searchCriteria\":{\"facets\":[\"board\"],\"board\":[\"State (Uttarakhand)\"]}},{\"index\":32,\"name\":\"UT (Andaman and Nicobar Islands)\",\"value\":\"ut (andaman and nicobar islands)\",\"searchCriteria\":{\"facets\":[\"board\"],\"board\":[\"UT (Andaman and Nicobar Islands)\"]}},{\"index\":33,\"name\":\"UT (DNH and DD)\",\"value\":\"ut (dnh and dd)\",\"searchCriteria\":{\"facets\":[\"board\"],\"board\":[\"UT (DNH and DD)\"]}},{\"index\":34,\"name\":\"UT (Ladakh)\",\"value\":\"ut (ladakh)\",\"searchCriteria\":{\"facets\":[\"board\"],\"board\":[\"UT (Ladakh)\"]}},{\"index\":35,\"name\":\"UT (Puducherry)\",\"value\":\"ut (puducherry)\",\"searchCriteria\":{\"facets\":[\"board\"],\"board\":[\"UT (Puducherry)\"]}}],\"desc\":\"Section for explore\"},{\"index\":2,\"apiConfig\":{\"url\":\"\",\"params\":\"\",\"req\":{},\"contextKey\":\"res.facet.audience\",\"method\":\"\"},\"anonumousUserRoute\":{\"route\":\"/explore-course\",\"queryParam\":\"course\"},\"isEnabled\":true,\"title\":\"frmelmnts.lbl.audience\",\"loggedInUserRoute\":{\"route\":\"/learn\",\"queryParam\":\"course\"},\"landing\":{\"description\":\"frmelmnts.lbl.exploredescription\",\"title\":\"frmelmnts.lbl.exploretitle\"},\"theme\":{\"component\":\"sb-pills-grid\",\"limit\":10,\"colorMapping\":[],\"infiniteCard\":false,\"icons\":{\"default\":\"assets/images/guest-img3.svg\",\"administrator\":\"assets/images/guest-img5.svg\",\"teacher\":\"assets/images/guest-img1.svg\",\"parent\":\"assets/images/guest-img4.svg\",\"student\":\"assets/images/guest-img2.svg\"}},\"facetKey\":\"audience\",\"data\":[{\"index\":0,\"name\":\"School head OR Officials\",\"value\":\"administrator\",\"searchCriteria\":{\"facets\":[],\"audience\":[\"Administrator\"],\"searchType\":\"search\",\"mode\":\"soft\"}},{\"index\":1,\"name\":\"Other\",\"value\":\"other\",\"searchCriteria\":{\"facets\":[],\"audience\":[\"Other\"],\"searchType\":\"search\",\"mode\":\"soft\"}},{\"index\":2,\"name\":\"Parent/Guardian\",\"value\":\"parent\",\"searchCriteria\":{\"facets\":[],\"audience\":[\"Parent\"],\"searchType\":\"search\",\"mode\":\"soft\"}},{\"index\":4,\"name\":\"Teacher\",\"value\":\"teacher\",\"searchCriteria\":{\"facets\":[],\"audience\":[\"Teacher\"],\"searchType\":\"search\",\"mode\":\"soft\"}},{\"index\":3,\"name\":\"Student\",\"value\":\"student\",\"searchCriteria\":{\"facets\":[],\"audience\":[\"Student\"],\"searchType\":\"search\",\"mode\":\"soft\"}}],\"desc\":\"Section for audience\"}],\"menuType\":\"Content\",\"metaData\":{\"defaultFilters\":{\"medium\":[],\"board\":[\"CBSE\"],\"gradeLevel\":[\"Class 10\"]},\"groupByKey\":\"subject\",\"filters\":[\"board\",\"gradeLevel\",\"subject\",\"medium\",\"publisher\",\"audience\",\"channel\"]}},{\"index\":0,\"search\":{\"fields\":[\"name\",\"appIcon\",\"medium\",\"subject\",\"resourceType\",\"contentType\",\"organisation\",\"topic\",\"mimeType\",\"trackable\",\"gradeLevel\",\"se_boards\",\"se_subjects\",\"se_mediums\",\"se_gradeLevels\"],\"facets\":[\"subject\",\"primaryCategory\",\"medium\",\"banner\",\"additionalCategories\",\"search\",\"ContinueLearning\"],\"filters\":{\"medium\":[],\"gradeLevel\":[],\"audience\":[],\"board\":[],\"primaryCategory\":[\"Digital Textbook\",\"eTextbook\",\"Course\"],\"channel\":[],\"subject\":[]}},\"contentType\":\"home\",\"title\":\"frmelmnts.lbl.home\",\"default\":true,\"isEnabled\":true,\"anonumousUserRoute\":{\"route\":\"/explore\",\"queryParam\":\"home\"},\"loggedInUserRoute\":{\"route\":\"/resources\",\"queryParam\":\"home\"},\"filter\":{\"isEnabled\":false,\"type\":\"facet\"},\"theme\":{\"className\":\"home\",\"baseColor\":\"\",\"textColor\":\"\",\"supportingColor\":\"\",\"imageName\":\"courses-banner-img.svg\"},\"desc\":\"frmelmnts.lbl.home\",\"isOnlineOnly\":true,\"sections\":[{\"index\":4,\"apiConfig\":{\"url\":\"\",\"req\":{\"request\":{\"fields\":[\"name\",\"appIcon\",\"mimeType\",\"gradeLevel\",\"identifier\",\"medium\",\"pkgVersion\",\"board\",\"subject\",\"resourceType\",\"contentType\",\"channel\",\"organisation\",\"trackable\",\"se_boards\",\"se_subjects\",\"se_mediums\",\"se_gradeLevels\",\"lastPublishedOn\"],\"facets\":[\"se_subjects\"],\"limit\":100,\"filters\":{\"status\":[\"Live\"],\"contentType\":[\"Course\"],\"batches.status\":[1],\"se_gradeLevels\":[\"Class 1\",\"Class 2\",\"Class 5\"],\"batches.enrollmentType\":\"open\",\"se_mediums\":[\"English\",\"Tamil\"],\"se_boards\":[\"State (Tamil Nadu)\"],\"primaryCategory\":[\"Course\"]},\"sort_by\":{\"lastPublishedOn\":\"desc\"}}},\"params\":\"\",\"sortBy\":\"lastPublishedOn\",\"contextKey\":\"res.facet.search\",\"method\":\"\"},\"title\":\"frmelmnts.lbl.recentlyPublishedCourses\",\"isEnabled\":true,\"facetKey\":\"search\",\"desc\":\"Section for Searched contents\"},{\"index\":0,\"facetKey\":\"ContinueLearning\",\"title\":\"Continue Learning\",\"isEnabled\":true,\"desc\":\"Continue Learning\"},{\"index\":5,\"apiConfig\":{\"url\":\"\",\"req\":{\"request\":{\"fields\":[\"name\",\"appIcon\",\"mimeType\",\"gradeLevel\",\"identifier\",\"medium\",\"pkgVersion\",\"board\",\"subject\",\"resourceType\",\"contentType\",\"channel\",\"organisation\",\"trackable\",\"se_boards\",\"se_subjects\",\"se_mediums\",\"se_gradeLevels\",\"lastPublishedOn\"],\"facets\":[\"se_subjects\"],\"limit\":100,\"filters\":{\"status\":[\"Live\"],\"primaryCategory\":[\"Course\",\"Digital Textbook\"],\"channel\":\"01329314824202649627\"},\"sort_by\":{\"lastPublishedOn\":\"desc\"}}},\"params\":\"\",\"sortBy\":\"lastPublishedOn\",\"contextKey\":\"res.facet.search\",\"method\":\"\"},\"title\":\"frmelmnts.lbl.fromncert\",\"isEnabled\":true,\"defaultTitle\":\"From NCERT\",\"facetKey\":\"search\",\"desc\":\"Section for Searched contents\"},{\"index\":3,\"apiConfig\":{\"url\":\"\",\"params\":\"\",\"req\":{\"request\":{\"fields\":[\"name\",\"appIcon\",\"mimeType\",\"gradeLevel\",\"identifier\",\"medium\",\"pkgVersion\",\"board\",\"subject\",\"resourceType\",\"primaryCategory\",\"contentType\",\"channel\",\"organisation\",\"trackable\",\"se_boards\",\"se_subjects\",\"se_mediums\",\"se_gradeLevels\"],\"facets\":[\"se_subjects\"],\"limit\":100,\"filters\":{\"se_gradeLevels\":[\"Class 4\"],\"audience\":[],\"se_mediums\":[\"English\"],\"se_boards\":[\"State (Tamil Nadu)\"],\"primaryCategory\":[\"Digital Textbook\"],\"channel\":[],\"subject\":[]}}},\"contextKey\":\"res.facet.search\",\"method\":\"\"},\"title\":\"frmelmnts.lbl.search\",\"isEnabled\":true,\"facetKey\":\"search\",\"desc\":\"Section for Searched contents\"},{\"index\":2,\"facetKey\":\"banner\",\"title\":\"frmelmnts.lbl.bannerTitle\",\"isEnabled\":true,\"desc\":\"Section for Banner\"},{\"index\":1,\"apiConfig\":{\"url\":\"\",\"params\":\"\",\"req\":{},\"contextKey\":\"res.facet.subject\",\"method\":\"\"},\"anonumousUserRoute\":{\"route\":\"/explore-course\",\"queryParam\":\"course\"},\"isEnabled\":true,\"title\":\"frmelmnts.lbl.subjects\",\"loggedInUserRoute\":{\"route\":\"/learn\",\"queryParam\":\"course\"},\"landing\":{\"description\":\"frmelmnts.lbl.exploredescription\",\"title\":\"frmelmnts.lbl.exploretitle\"},\"theme\":{\"component\":\"sb-pills-grid\",\"limit\":10,\"colorMapping\":[{\"primary\":\"rgba(255,139,46,1)\",\"secondary\":\"rgba(255,139,46,0.3)\"},{\"primary\":\"rgba(163,99,255,1)\",\"secondary\":\"rgba(163,99,255,0.3)\"},{\"primary\":\"rgba(34,139,255,1)\",\"secondary\":\"rgba(34,139,255,0.3)\"},{\"primary\":\"rgba(95,192,32,1)\",\"secondary\":\"rgba(95,192,32,0.3)\"},{\"primary\":\"rgba(255,128,47,1)\",\"secondary\":\"rgba(255,128,47,0.3)\"},{\"primary\":\"rgba(251,70,70,1)\",\"secondary\":\"rgba(251,70,70,0.3)\"},{\"primary\":\"rgba(83,109,252,1)\",\"secondary\":\"rgba(83,109,252,0.3)\"},{\"primary\":\"rgba(15,186,208,1)\",\"secondary\":\"rgba(15,186,208,0.3)\"}],\"infiniteCard\":false,\"icons\":{\"default\":\"assets/images/book_default.svg\",\"science\":\"assets/images/globe.svg\",\"english\":\"assets/images/book_english.svg\",\"mathematics\":\"assets/images/calculator.svg\"}},\"facetKey\":\"subject\",\"desc\":\"Section for subjects\"},{\"index\":6,\"apiConfig\":{\"url\":\"\",\"params\":\"\",\"req\":{},\"contextKey\":\"res.facet.primaryCategory\",\"method\":\"\"},\"anonumousUserRoute\":{\"route\":\"/explore-course\",\"queryParam\":\"course\"},\"isEnabled\":true,\"search\":{\"facets\":[\"se_boards\",\"se_gradeLevels\",\"se_subjects\",\"se_mediums\",\"primaryCategory\",\"additionalCategories\"]},\"title\":\"frmelmnts.lbl.dscfrmctgries\",\"loggedInUserRoute\":{\"route\":\"/learn\",\"queryParam\":\"course\"},\"landing\":{\"description\":\"frmelmnts.lbl.exploredescription\",\"title\":\"frmelmnts.lbl.exploretitle\"},\"filter\":{\"additionalCategories\":[\"tv lesson\"],\"primaryCategory\":[\"course\",\"digital textbook\",\"etextbook\"]},\"merge\":{\"source\":\"primaryCategory\",\"destination\":\"additionalCategories\"},\"theme\":{\"component\":\"sb-pills-grid\",\"limit\":10,\"colorMapping\":[{\"primary\":\"rgba(255,255,255,1)\",\"secondary\":\"rgba(255,255,255,1)\"}],\"infiniteCard\":false,\"icons\":{\"digital textbooks\":\"assets/images/textbook.svg\",\"documents\":\"assets/images/documents.svg\",\"videos\":\"assets/images/videos.svg\",\"default\":\"assets/images/all_content.svg\",\"courses\":\"assets/images/course.svg\",\"tv programs\":\"assets/images/tv.svg\"}},\"facetKey\":\"primaryCategory\",\"desc\":\"Section for category\"},{\"index\":7,\"apiConfig\":{\"url\":\"\",\"params\":\"\",\"req\":{},\"contextKey\":\"res.facet.medium\",\"method\":\"\"},\"anonumousUserRoute\":{\"route\":\"/home\",\"queryParam\":\"course\"},\"isEnabled\":false,\"title\":\"frmelmnts.lbl.medium\",\"loggedInUserRoute\":{\"route\":\"/learn\",\"queryParam\":\"course\"},\"theme\":{\"component\":\"sb-pills-grid\",\"limit\":10,\"colorMapping\":[{\"primary\":\"rgba(255,139,46,1)\",\"secondary\":\"rgba(255,139,46,0.3)\"},{\"primary\":\"rgba(163,99,255,1)\",\"secondary\":\"rgba(163,99,255,0.3)\"},{\"primary\":\"rgba(34,139,255,1)\",\"secondary\":\"rgba(34,139,255,0.3)\"},{\"primary\":\"rgba(95,192,32,1)\",\"secondary\":\"rgba(95,192,32,0.3)\"},{\"primary\":\"rgba(255,128,47,1)\",\"secondary\":\"rgba(255,128,47,0.3)\"},{\"primary\":\"rgba(251,70,70,1)\",\"secondary\":\"rgba(251,70,70,0.3)\"},{\"primary\":\"rgba(83,109,252,1)\",\"secondary\":\"rgba(83,109,252,0.3)\"},{\"primary\":\"rgba(15,186,208,1)\",\"secondary\":\"rgba(15,186,208,0.3)\"}],\"infiniteCard\":false},\"facetKey\":\"medium\",\"desc\":\"Section for medium\"}],\"menuType\":\"Content\",\"metaData\":{\"defaultFilters\":{\"medium\":[],\"board\":[\"CBSE\"],\"gradeLevel\":[\"Class 10\"]},\"groupByKey\":\"subject\",\"filters\":[\"board\",\"gradeLevel\",\"subject\",\"medium\",\"publisher\",\"audience\",\"channel\"]}},{\"index\":10,\"search\":{\"fields\":[\"name\",\"appIcon\",\"mimeType\",\"gradeLevel\",\"identifier\",\"medium\",\"pkgVersion\",\"board\",\"subject\",\"resourceType\",\"primaryCategory\",\"contentType\",\"channel\",\"organisation\",\"trackable\",\"language\",\"category\"],\"facets\":[\"organisation\",\"language\",\"category\"],\"filters\":{\"primaryCategory\":[\"Collection\",\"Resource\",\"Content Playlist\",\"Course\",\"Course Assessment\",\"Digital Textbook\",\"eTextbook\",\"Explanation Content\",\"Learning Resource\",\"Practice Question Set\",\"Teacher Resource\",\"ExplanationResource\",\"ExperientialResource\",\"Exam Question\",\"Question paper\"],\"visibility\":[\"Default\",\"Parent\"]}},\"contentType\":\"all\",\"title\":\"frmelmnts.tab.all\",\"isLoginMandatory\":false,\"isEnabled\":true,\"anonumousUserRoute\":{\"route\":\"/explore/1\",\"queryParam\":\"all\"},\"loggedInUserRoute\":{\"route\":\"/search/Library/1\",\"queryParam\":\"all\"},\"theme\":{\"className\":\"all\",\"baseColor\":\"\",\"textColor\":\"\",\"supportingColor\":\"\",\"imageName\":\"all-banner-img.svg\"},\"desc\":\"frmelmnts.tab.all\",\"isOnlineOnly\":true,\"menuType\":\"Content\",\"metaData\":{\"globalFilterConfig\":[{\"index\":1,\"code\":\"organisation\",\"alterNativeCode\":\"\",\"label\":\"Organisation\",\"placeHolder\":\"selectOrganisation\",\"type\":\"framework\"},{\"index\":2,\"code\":\"language\",\"alterNativeCode\":\"\",\"label\":\"Language\",\"placeHolder\":\"selectLanguage\",\"type\":\"framework\"},{\"index\":3,\"code\":\"gradeLevel\",\"alternativeCode\":\"\",\"label\":\"Grade\",\"placeHolder\":\"selectClass\",\"type\":\"framework\"},{\"index\":4,\"code\":\"category\",\"alterNativeCode\":\"\",\"label\":\"Category\",\"placeHolder\":\"selectCategory\",\"type\":\"framework\"},{\"index\":5,\"code\":\"primaryCategory\",\"alterNativeCode\":\"\",\"label\":\"contentType\",\"placeHolder\":\"selectContentType\",\"type\":\"filter\"}]}}],\"templateName\":\"menuConfig\"}",2025-03-24 11:10:17.067+0000
*,*,user,tenantpersonainfo,get,portal,2025-03-19 10:29:47.544+0000,"{\"templateName\":\"tenantPersonaInfo\",\"action\":\"get\",\"fields\":[{\"code\":\"tenant\",\"type\":\"select\",\"templateOptions\":{\"label\":\"I wish to share my data with:\",\"placeHolder\":\"Select State/Institution\",\"options\":[{\"label\":\"State (Punjab)\",\"value\":\"012775810960252928563\",\"index\":1},{\"label\":\"Andra Pradesh\",\"value\":\"0129109366089728000\",\"index\":2},{\"label\":\"Haryana State\",\"value\":\"0127674553846579203\",\"index\":3},{\"label\":\"Karnataka State Org\",\"value\":\"0127236218321879040\",\"index\":4},{\"label\":\"Tamil Nadu\",\"value\":\"01269878797503692810\",\"index\":5},{\"label\":\"NCERT\",\"value\":\"01283607456185548825093\",\"index\":6},{\"label\":\"CBSE\",\"value\":\"0128325322816552960\",\"index\":7},{\"label\":\"Jharkhand State Board\",\"value\":\"012811889750941696475\",\"index\":8},{\"label\":\"Kerala State\",\"value\":\"013051342708842496208\",\"index\":9}],\"validations\":[{\"type\":\"required\",\"value\":true,\"message\":\"Tenant name is required\"}]}}]}",
0143146729170944000,*,user,*,update,*,2025-03-20 10:49:22.755+0000,"{\"templateName\":\"defaultTemplate\",\"action\":\"get\",\"fields\":[{\"code\":\"board\",\"dataType\":\"text\",\"name\":\"Board\",\"label\":\"Board\",\"description\":\"Education Board (Like MP Board, NCERT, etc)\",\"editable\":true,\"inputType\":\"multi-select\",\"required\":true,\"displayProperty\":\"Editable\",\"visible\":true,\"renderingHints\":{\"semanticColumnWidth\":\"four\"},\"index\":1,\"translation\":\"frmelmnts.lbl.boards\"},{\"code\":\"medium\",\"dataType\":\"text\",\"name\":\"Medium\",\"label\":\"Medium\",\"description\":\"Medium of instruction\",\"editable\":true,\"inputType\":\"multi-select\",\"required\":true,\"displayProperty\":\"Editable\",\"visible\":true,\"renderingHints\":{\"semanticColumnWidth\":\"four\"},\"index\":2,\"translation\":\"frmelmnts.lbl.medium\"},{\"code\":\"gradeLevel\",\"dataType\":\"text\",\"name\":\"Class\",\"label\":\"Class\",\"description\":\"Grade\",\"editable\":true,\"inputType\":\"multi-select\",\"required\":true,\"displayProperty\":\"Editable\",\"visible\":true,\"renderingHints\":{\"semanticColumnWidth\":\"four\"},\"index\":3,\"translation\":\"frmelmnts.lbl.class\"},{\"code\":\"subject\",\"dataType\":\"text\",\"name\":\"Subject\",\"label\":\"Subject\",\"description\":\"Subject of the Content to use to teach\",\"editable\":true,\"inputType\":\"multi-select\",\"required\":false,\"displayProperty\":\"Editable\",\"visible\":false,\"renderingHints\":{\"semanticColumnWidth\":\"four\"},\"index\":4,\"translation\":\"frmelmnts.lbl.subject\"}]}",
*,*,config,search,facet_filter,app,2025-03-19 10:29:25.942+0000,"{\"templateName\":\"search_facet_filter\",\"action\":\"get\",\"fields\":[{\"code\":\"se_mediums\",\"type\":\"dropdown\",\"name\":\"{\\\"en\\\":\\\"Medium\\\",\\\"as\\\":\\\"মাধ্যম\\\",\\\"bn\\\":\\\"মাধ্যাম\\\",\\\"gu\\\":\\\"માધ્યમ\\\",\\\"hi\\\":\\\"माध्यम\\\",\\\"kn\\\":\\\"ಮಾಧ್ಯಮ\\\",\\\"mr\\\":\\\"माध्यम\\\",\\\"or\\\":\\\"ମାଧ୍ୟମ\\\",\\\"pa\\\":\\\"ਮਾਧਿਅਮ\\\",\\\"ta\\\":\\\"மீடியம்\\\",\\\"te\\\":\\\"మాధ్యమం\\\",\\\"ur\\\":\\\"میڈیم\\\"}\",\"placeholder\":\"Select Medium\",\"multiple\":true,\"index\":1},{\"code\":\"se_gradeLevels\",\"type\":\"dropdown\",\"name\":\"{\\\"en\\\":\\\"Class\\\",\\\"as\\\":\\\"শ্ৰেণী\\\",\\\"bn\\\":\\\"শ্রেনী\\\",\\\"gu\\\":\\\"વર્ગ\\\",\\\"hi\\\":\\\"कक्षा\\\",\\\"kn\\\":\\\"ತರಗತಿ\\\",\\\"mr\\\":\\\"इयत्ता\\\",\\\"or\\\":\\\"ଶ୍ରେଣୀ\\\",\\\"pa\\\":\\\"ਜਮਾਤ\\\",\\\"ta\\\":\\\"வகுப்பு\\\",\\\"te\\\":\\\"క్లాసు\\\",\\\"ur\\\":\\\"کلاس\\\"}\",\"placeholder\":\"Select Class\",\"multiple\":true,\"index\":2},{\"code\":\"subject\",\"type\":\"dropdown\",\"name\":\"{\\\"en\\\":\\\"Subject\\\",\\\"as\\\":\\\"বিষয়\\\",\\\"bn\\\":\\\"বিষয়\\\",\\\"gu\\\":\\\"વિષય\\\",\\\"hi\\\":\\\"विषय\\\",\\\"kn\\\":\\\"ವಿಷಯ\\\",\\\"mr\\\":\\\"विषय\\\",\\\"or\\\":\\\"ବିଷୟ\\\",\\\"pa\\\":\\\"ਵਿਸ਼ਾ\\\",\\\"ta\\\":\\\"பாடம்\\\",\\\"te\\\":\\\"పాఠ్యాంశము\\\",\\\"ur\\\":\\\"مضامین\\\"}\",\"placeholder\":\"Select Subject\",\"multiple\":true,\"index\":3},{\"code\":\"channel\",\"type\":\"dropdown\",\"name\":\"{\\\"en\\\":\\\"Publisher\\\",\\\"as\\\":\\\"প্ৰকাশক\\\",\\\"bn\\\":\\\"প্রকাশক\\\",\\\"gu\\\":\\\"પ્રકાશક\\\",\\\"hi\\\":\\\"प्रकाशक\\\",\\\"kn\\\":\\\"ಪ್ರಕಾಶಕರು\\\",\\\"mr\\\":\\\"प्रकाशक\\\",\\\"or\\\":\\\"ପ୍ରକାଶକ\\\",\\\"pa\\\":\\\"ਪ੍ਰਕਾਸ਼ਕ\\\",\\\"ta\\\":\\\"வெளியீட்டாளர்\\\",\\\"te\\\":\\\"ప్రచురణకర్త\\\",\\\"ur\\\":\\\"ناشر\\\"}\",\"placeholder\":\"Select Publisher\",\"multiple\":true,\"index\":4},{\"code\":\"mimeType\",\"type\":\"dropdown\",\"name\":\"Media Type\",\"placeholder\":\"Select Media Type\",\"multiple\":true,\"index\":5},{\"code\":\"primaryCategory\",\"type\":\"dropdown\",\"name\":\"{\\\"en\\\":\\\"Content Type\\\"}\",\"placeholder\":\"Select Content Type\",\"multiple\":true,\"index\":6},{\"code\":\"audience\",\"type\":\"dropdown\",\"name\":\"{\\\"en\\\":\\\"Meant for\\\"}\",\"placeholder\":\"Select Meant For\",\"multiple\":true,\"index\":7},{\"code\":\"additionalCategories\",\"type\":\"dropdown\",\"name\":\"{\\\"en\\\":\\\"Additional Categories\\\"}\",\"placeholder\":\"Select Additional Categories\",\"multiple\":true,\"index\":8}]}",
*,*,schemas,search,get,*,2025-03-19 10:30:06.191+0000,"{\"templateName\":\"defaultTemplate\",\"action\":\"get\",\"fields\":[{\"id\":\"content\",\"schema\":{\"properties\":[\"name\",\"code\",\"createdOn\",\"lastUpdatedOn\",\"status\",\"channel\",\"mimeType\",\"osId\",\"contentEncoding\",\"contentDisposition\",\"mediaType\",\"os\",\"minOsVersion\",\"compatibilityLevel\",\"minGenieVersion\",\"minSupportedVersion\",\"filter\",\"variants\",\"config\",\"visibility\",\"audience\",\"posterImage\",\"badgeAssertions\",\"targets\",\"contentCredits\",\"appIcon\",\"grayScaleAppIcon\",\"thumbnail\",\"screenshots\",\"format\",\"duration\",\"size\",\"idealScreenSize\",\"idealScreenDensity\",\"releaseNotes\",\"pkgVersion\",\"semanticVersion\",\"versionKey\",\"resources\",\"downloadUrl\",\"artifactUrl\",\"previewUrl\",\"streamingUrl\",\"objects\",\"organization\",\"createdFor\",\"developer\",\"source\",\"notes\",\"pageNumber\",\"publication\",\"edition\",\"publisher\",\"author\",\"owner\",\"attributions\",\"collaborators\",\"creators\",\"contributors\",\"voiceCredits\",\"soundCredits\",\"imageCredits\",\"copyright\",\"license\",\"language\",\"words\",\"text\",\"forkable\",\"translatable\",\"ageGroup\",\"interactivityLevel\",\"contentType\",\"resourceType\",\"category\",\"templateType\",\"genre\",\"theme\",\"themes\",\"rating\",\"rating_a\",\"quality\",\"genieScore\",\"authoringScore\",\"popularity\",\"downloads\",\"launchUrl\",\"activity_class\",\"draftImage\",\"scaffolding\",\"feedback\",\"feedbackType\",\"teachingMode\",\"skills\",\"keywords\",\"domain\",\"dialcodes\",\"optStatus\",\"description\",\"instructions\",\"body\",\"oldBody\",\"stageIcons\",\"editorState\",\"data\",\"loadingMessage\",\"checksum\",\"learningObjective\",\"createdBy\",\"creator\",\"reviewer\",\"lastUpdatedBy\",\"lastSubmittedBy\",\"lastSubmittedOn\",\"lastPublishedBy\",\"lastPublishedOn\",\"versionDate\",\"origin\",\"originData\",\"versionCreatedBy\",\"me_totalSessionsCount\",\"me_creationSessions\",\"me_creationTimespent\",\"me_totalTimespent\",\"me_totalInteractions\",\"me_averageInteractionsPerMin\",\"me_averageSessionsPerDevice\",\"me_totalDevices\",\"me_averageTimespentPerSession\",\"me_averageRating\",\"me_totalDownloads\",\"me_totalSideloads\",\"me_totalRatings\",\"me_totalComments\",\"me_totalUsage\",\"me_totalLiveContentUsage\",\"me_usageLastWeek\",\"me_deletionsLastWeek\",\"me_lastUsedOn\",\"me_lastRemovedOn\",\"me_hierarchyLevel\",\"me_totalDialcodeAttached\",\"me_totalDialcodeLinkedToContent\",\"me_totalDialcode\",\"flagReasons\",\"flaggedBy\",\"flags\",\"lastFlaggedOn\",\"tempData\",\"copyType\",\"pragma\",\"publishChecklist\",\"publishComment\",\"rejectReasons\",\"rejectComment\",\"totalQuestions\",\"totalScore\",\"ownershipType\",\"reservedDialcodes\",\"dialcodeRequired\",\"lockKey\",\"badgeAssociations\",\"framework\",\"lastStatusChangedOn\",\"uploadError\",\"appId\",\"s3Key\",\"consumerId\",\"organisation\",\"nodeType\",\"prevState\",\"publishError\",\"publish_type\",\"ownedBy\",\"purpose\",\"toc_url\",\"reviewError\",\"mimeTypesCount\",\"contentTypesCount\",\"childNodes\",\"leafNodesCount\",\"depth\",\"SYS_INTERNAL_LAST_UPDATED_ON\",\"assets\",\"version\",\"qrCodeProcessId\",\"migratedUrl\",\"totalCompressedSize\",\"programId\",\"leafNodes\",\"editorVersion\",\"unitIdentifiers\",\"questionCategories\",\"certTemplate\",\"subject\",\"medium\",\"gradeLevel\",\"topic\",\"subDomains\",\"subjectCodes\",\"difficultyLevel\",\"board\",\"licenseterms\",\"copyrightYear\",\"organisationId\",\"itemSetPreviewUrl\",\"textbook_name\",\"level1Name\",\"level1Concept\",\"level2Name\",\"level2Concept\",\"level3Name\",\"level3Concept\",\"sourceURL\",\"me_totalTimeSpentInSec\",\"me_totalPlaySessionCount\",\"me_totalRatingsCount\",\"monitorable\",\"userConsent\",\"trackable\",\"credentials\",\"processId\",\"primaryCategory\",\"additionalCategories\",\"prevStatus\",\"cloudStorageKey\",\"batches\",\"year\",\"plugins\",\"showNotification\",\"collectionId\",\"learningOutcome\",\"displayScore\",\"boardIds\",\"gradeLevelIds\",\"subjectIds\",\"mediumIds\",\"topicsIds\",\"targetFWIds\",\"targetBoardIds\",\"targetGradeLevelIds\",\"targetSubjectIds\",\"targetMediumIds\",\"targetTopicIds\",\"maxAttempts\",\"se_frameworkIds\",\"se_boardIds\",\"se_subjectIds\",\"se_mediumIds\",\"se_topicIds\",\"se_gradeLevelIds\",\"se_boards\",\"se_subjects\",\"se_mediums\",\"se_topics\",\"se_gradeLevels\",\"farmingtype\",\"farmingtypeIds\",\"cropcategory\",\"cropcategoryIds\",\"croptype\",\"croptypeIds\",\"cropnameIds\",\"cropname\"]}}]}",
*,*,profileconfig_v2,*,get,*,2025-03-18 16:49:46.115+0000,"{\"templateName\":\"profileconfig_v2\",\"action\":\"get\",\"fields\":[{\"code\":\"name\",\"type\":\"input\",\"templateOptions\":{\"labelHtml\":{\"contents\":\"<span>$0&nbsp;<span class=\\\"required-asterisk\\\">*</span></span>\",\"values\":{\"$0\":\"Name\"}},\"hidden\":true,\"placeHolder\":\"Enter Name\",\"multiple\":false},\"validations\":[{\"type\":\"required\"}]},{\"code\":\"persona\",\"type\":\"nested_select\",\"templateOptions\":{\"hidden\":true,\"labelHtml\":{\"contents\":\"<span>$0&nbsp;<span class=\\\"required-asterisk\\\">*</span></span>\",\"values\":{\"$0\":\"Role\"}},\"placeHolder\":\"Select Role\",\"multiple\":false,\"themeType\":\"material\",\"dataSrc\":{\"marker\":\"SUPPORTED_PERSONA_LIST\"}},\"validations\":[{\"type\":\"required\"}],\"children\":{\"administrator\":[{\"code\":\"state\",\"type\":\"select\",\"templateOptions\":{\"labelHtml\":{\"contents\":\"<span>$0&nbsp;<span class=\\\"required-asterisk\\\">*</span></span>\",\"values\":{\"$0\":\"State\"}},\"placeHolder\":\"Select State\",\"multiple\":false,\"dataSrc\":{\"marker\":\"STATE_LOCATION_LIST\",\"params\":{\"useCase\":\"SIGNEDIN_GUEST\"}}},\"validations\":[{\"type\":\"required\"}]},{\"code\":\"district\",\"type\":\"select\",\"context\":\"state\",\"default\":null,\"templateOptions\":{\"labelHtml\":{\"contents\":\"<span>$0&nbsp;<span class=\\\"required-asterisk\\\">*</span></span>\",\"values\":{\"$0\":\"District\"}},\"placeHolder\":\"Select District\",\"multiple\":false,\"dataSrc\":{\"marker\":\"LOCATION_LIST\",\"params\":{\"id\":\"district\",\"useCase\":\"SIGNEDIN_GUEST\"}}},\"validations\":[{\"type\":\"required\"}]},{\"code\":\"block\",\"type\":\"select\",\"context\":\"district\",\"default\":null,\"templateOptions\":{\"label\":\"Block\",\"placeHolder\":\"Select Block\",\"multiple\":false,\"dataSrc\":{\"marker\":\"LOCATION_LIST\",\"params\":{\"id\":\"block\",\"useCase\":\"SIGNEDIN\"}}},\"validations\":[]},{\"code\":\"cluster\",\"type\":\"select\",\"context\":\"block\",\"default\":null,\"templateOptions\":{\"label\":\"Cluster\",\"placeHolder\":\"Select Cluster\",\"multiple\":false,\"dataSrc\":{\"marker\":\"LOCATION_LIST\",\"params\":{\"id\":\"cluster\",\"useCase\":\"SIGNEDIN\"}}}},{\"code\":\"school\",\"type\":\"select\",\"context\":\"cluster\",\"default\":null,\"templateOptions\":{\"label\":\"School\",\"placeHolder\":\"Select School\",\"multiple\":false,\"dataSrc\":{\"marker\":\"LOCATION_LIST\",\"params\":{\"id\":\"school\",\"useCase\":\"SIGNEDIN\"}}}}],\"teacher\":[{\"code\":\"state\",\"type\":\"select\",\"templateOptions\":{\"labelHtml\":{\"contents\":\"<span>$0&nbsp;<span class=\\\"required-asterisk\\\">*</span></span>\",\"values\":{\"$0\":\"State\"}},\"placeHolder\":\"Select State\",\"multiple\":false,\"themeType\":\"material\",\"dataSrc\":{\"marker\":\"STATE_LOCATION_LIST\",\"params\":{\"useCase\":\"SIGNEDIN_GUEST\"}}},\"validations\":[{\"type\":\"required\"}]},{\"code\":\"district\",\"type\":\"select\",\"context\":\"state\",\"default\":null,\"templateOptions\":{\"labelHtml\":{\"contents\":\"<span>$0&nbsp;<span class=\\\"required-asterisk\\\">*</span></span>\",\"values\":{\"$0\":\"District\"}},\"placeHolder\":\"Select District\",\"multiple\":false,\"themeType\":\"material\",\"dataSrc\":{\"marker\":\"LOCATION_LIST\",\"params\":{\"id\":\"district\",\"useCase\":\"SIGNEDIN_GUEST\"}}},\"validations\":[{\"type\":\"required\"}]},{\"code\":\"block\",\"type\":\"select\",\"context\":\"district\",\"default\":null,\"templateOptions\":{\"label\":\"Block\",\"placeHolder\":\"Select Block\",\"multiple\":false,\"themeType\":\"material\",\"dataSrc\":{\"marker\":\"LOCATION_LIST\",\"params\":{\"id\":\"block\",\"useCase\":\"SIGNEDIN\"}}},\"validations\":[]},{\"code\":\"cluster\",\"type\":\"select\",\"context\":\"block\",\"default\":null,\"templateOptions\":{\"label\":\"Cluster\",\"placeHolder\":\"Select Cluster\",\"multiple\":false,\"themeType\":\"material\",\"dataSrc\":{\"marker\":\"LOCATION_LIST\",\"params\":{\"id\":\"cluster\",\"useCase\":\"SIGNEDIN\"}}}},{\"code\":\"school\",\"type\":\"select\",\"context\":\"cluster\",\"default\":null,\"templateOptions\":{\"label\":\"School\",\"placeHolder\":\"Select School\",\"multiple\":false,\"themeType\":\"material\",\"dataSrc\":{\"marker\":\"LOCATION_LIST\",\"params\":{\"id\":\"school\",\"useCase\":\"SIGNEDIN\"}}}}],\"student\":[{\"code\":\"state\",\"type\":\"select\",\"templateOptions\":{\"labelHtml\":{\"contents\":\"<span>$0&nbsp;<span class=\\\"required-asterisk\\\">*</span></span>\",\"values\":{\"$0\":\"State\"}},\"placeHolder\":\"Select State\",\"multiple\":false,\"themeType\":\"material\",\"dataSrc\":{\"marker\":\"STATE_LOCATION_LIST\",\"params\":{\"useCase\":\"SIGNEDIN_GUEST\"}}},\"validations\":[{\"type\":\"required\"}]},{\"code\":\"district\",\"type\":\"select\",\"context\":\"state\",\"default\":null,\"templateOptions\":{\"labelHtml\":{\"contents\":\"<span>$0&nbsp;<span class=\\\"required-asterisk\\\">*</span></span>\",\"values\":{\"$0\":\"District\"}},\"placeHolder\":\"Select District\",\"multiple\":false,\"themeType\":\"material\",\"dataSrc\":{\"marker\":\"LOCATION_LIST\",\"params\":{\"id\":\"district\",\"useCase\":\"SIGNEDIN_GUEST\"}}},\"validations\":[{\"type\":\"required\"}]},{\"code\":\"block\",\"type\":\"select\",\"context\":\"district\",\"default\":null,\"templateOptions\":{\"label\":\"Block\",\"placeHolder\":\"Select Block\",\"multiple\":false,\"themeType\":\"material\",\"dataSrc\":{\"marker\":\"LOCATION_LIST\",\"params\":{\"id\":\"block\",\"useCase\":\"SIGNEDIN\"}}},\"validations\":[]},{\"code\":\"cluster\",\"type\":\"select\",\"context\":\"block\",\"default\":null,\"templateOptions\":{\"label\":\"Cluster\",\"placeHolder\":\"Select Cluster\",\"multiple\":false,\"themeType\":\"material\",\"dataSrc\":{\"marker\":\"LOCATION_LIST\",\"params\":{\"id\":\"cluster\",\"useCase\":\"SIGNEDIN\"}}}},{\"code\":\"school\",\"type\":\"select\",\"context\":\"cluster\",\"default\":null,\"templateOptions\":{\"label\":\"School\",\"placeHolder\":\"Select School\",\"multiple\":false,\"themeType\":\"material\",\"dataSrc\":{\"marker\":\"LOCATION_LIST\",\"params\":{\"id\":\"school\",\"useCase\":\"SIGNEDIN\"}}}}],\"other\":[{\"code\":\"state\",\"type\":\"select\",\"templateOptions\":{\"placeHolder\":\"Select State\",\"multiple\":false,\"themeType\":\"material\",\"dataSrc\":{\"marker\":\"STATE_LOCATION_LIST\",\"params\":{\"useCase\":\"SIGNEDIN_GUEST\"}}},\"validations\":[{\"type\":\"required\"}]},{\"code\":\"district\",\"type\":\"select\",\"context\":\"state\",\"default\":null,\"templateOptions\":{\"labelHtml\":{\"contents\":\"<span>$0&nbsp;<span class=\\\"required-asterisk\\\">*</span></span>\",\"values\":{\"$0\":\"District\"}},\"placeHolder\":\"Select District\",\"multiple\":false,\"themeType\":\"material\",\"dataSrc\":{\"marker\":\"LOCATION_LIST\",\"params\":{\"id\":\"district\",\"useCase\":\"SIGNEDIN_GUEST\"}}},\"validations\":[{\"type\":\"required\"}]},{\"code\":\"block\",\"type\":\"select\",\"context\":\"district\",\"default\":null,\"templateOptions\":{\"label\":\"Block\",\"placeHolder\":\"Select Block\",\"multiple\":false,\"themeType\":\"material\",\"dataSrc\":{\"marker\":\"LOCATION_LIST\",\"params\":{\"id\":\"block\",\"useCase\":\"SIGNEDIN\"}}},\"validations\":[]},{\"code\":\"cluster\",\"type\":\"select\",\"context\":\"block\",\"default\":null,\"templateOptions\":{\"label\":\"Cluster\",\"placeHolder\":\"Select Cluster\",\"multiple\":false,\"themeType\":\"material\",\"dataSrc\":{\"marker\":\"LOCATION_LIST\",\"params\":{\"id\":\"cluster\",\"useCase\":\"SIGNEDIN\"}}}},{\"code\":\"school\",\"type\":\"select\",\"context\":\"cluster\",\"default\":null,\"templateOptions\":{\"label\":\"School\",\"placeHolder\":\"Select School\",\"multiple\":false,\"themeType\":\"material\",\"dataSrc\":{\"marker\":\"LOCATION_LIST\",\"params\":{\"id\":\"school\",\"useCase\":\"SIGNEDIN\"}}}}],\"parent\":[{\"code\":\"state\",\"type\":\"select\",\"templateOptions\":{\"labelHtml\":{\"contents\":\"<span>$0&nbsp;<span class=\\\"required-asterisk\\\">*</span></span>\",\"values\":{\"$0\":\"State\"}},\"placeHolder\":\"Select State\",\"multiple\":false,\"themeType\":\"material\",\"dataSrc\":{\"marker\":\"STATE_LOCATION_LIST\",\"params\":{\"useCase\":\"SIGNEDIN_GUEST\"}}},\"validations\":[{\"type\":\"required\"}]},{\"code\":\"district\",\"type\":\"select\",\"context\":\"state\",\"default\":null,\"templateOptions\":{\"labelHtml\":{\"contents\":\"<span>$0&nbsp;<span class=\\\"required-asterisk\\\">*</span></span>\",\"values\":{\"$0\":\"District\"}},\"placeHolder\":\"Select District\",\"multiple\":false,\"themeType\":\"material\",\"dataSrc\":{\"marker\":\"LOCATION_LIST\",\"params\":{\"id\":\"district\",\"useCase\":\"SIGNEDIN_GUEST\"}}},\"validations\":[{\"type\":\"required\"}]},{\"code\":\"block\",\"type\":\"select\",\"context\":\"district\",\"default\":null,\"templateOptions\":{\"label\":\"Block\",\"placeHolder\":\"Select Block\",\"multiple\":false,\"themeType\":\"material\",\"dataSrc\":{\"marker\":\"LOCATION_LIST\",\"params\":{\"id\":\"block\",\"useCase\":\"SIGNEDIN\"}}},\"validations\":[]},{\"code\":\"cluster\",\"type\":\"select\",\"context\":\"block\",\"default\":null,\"templateOptions\":{\"label\":\"Cluster\",\"placeHolder\":\"Select Cluster\",\"multiple\":false,\"themeType\":\"material\",\"dataSrc\":{\"marker\":\"LOCATION_LIST\",\"params\":{\"id\":\"cluster\",\"useCase\":\"SIGNEDIN\"}}}},{\"code\":\"school\",\"type\":\"select\",\"context\":\"cluster\",\"default\":null,\"templateOptions\":{\"label\":\"School\",\"placeHolder\":\"Select School\",\"multiple\":false,\"themeType\":\"material\",\"dataSrc\":{\"marker\":\"LOCATION_LIST\",\"params\":{\"id\":\"school\",\"useCase\":\"SIGNEDIN\"}}}}]}}]}",
*,*,user,selfdeclaration_v3,submit,app,2025-03-19 10:29:29.009+0000,"{\"templateName\":\"selfdeclaration_v3\",\"action\":\"submit\",\"fields\":[{\"code\":\"externalIds\",\"type\":\"nested_group\",\"children\":[{\"code\":\"declared-ext-id\",\"fieldName\":\"Your ID from State/Board/Org\",\"type\":\"input\",\"templateOptions\":{\"labelHtml\":{\"contents\":\"<span>$0</span>\",\"values\":{\"$0\":\"ENTER_ID_AS_REQUESTED_BY_STATE_BOARD_ORG\"}},\"placeHolder\":\"ENTER_ID\"},\"validations\":[{\"type\":\"pattern\",\"value\":\"^[^\\\"',(\\\\r\\\\n|\\\\r|\\\\n)]*$\",\"message\":\"SPECIAL_CHARACTERS_NOT_SUPPORTED\"}]},{\"code\":\"declared-phone\",\"fieldName\":\"Mobile Number\",\"type\":\"input\",\"templateOptions\":{\"labelHtml\":{\"contents\":\"<span>$0</span>\",\"values\":{\"$0\":\"FRMELEMNTS_LBL_MOBILE_NUMBER_PLACEHOLDER\"}},\"placeHolder\":\"ENTER_PHONE_POPUP_TITLE\",\"prefix\":\"+91 -\"},\"validations\":[{\"type\":\"pattern\",\"value\":\"^[6-9*][0-9*]{9}$\",\"message\":\"ERROR_PHONE_INVALID\"}],\"asyncValidation\":{\"marker\":\"MOBILE_OTP_VALIDATION\",\"message\":\"PLEASE_VALIDATE_YOUR_MOBILE_NUMBER\",\"trigger\":\"validate\"}},{\"code\":\"declared-email\",\"fieldName\":\"Email Address\",\"type\":\"input\",\"templateOptions\":{\"placeHolder\":\"EMAIL_PLACEHOLDER\",\"label\":\"FRMELEMNTS_LBL_EMAIL_ID_PLACEHOLDER\"},\"validations\":[{\"type\":\"pattern\",\"value\":\"^[A-Za-z0-9._*%+-]+@[A-Za-z0-9.-]+\\\\.[a-z]{2,}$\",\"message\":\"ERROR_EMAIL_INVALID\"}],\"asyncValidation\":{\"marker\":\"EMAIL_OTP_VALIDATION\",\"message\":\"PLEASE_VALIDATE_YOUR_EMAIL_ADDRESS\",\"trigger\":\"validate\"}}],\"templateOptions\":{}},{\"code\":\"tnc\",\"type\":\"checkbox\",\"templateOptions\":{\"labelHtml\":{\"contents\":\"<span>$tnc <u><a href=\\\"$url\\\">$0</a></u></span>\",\"values\":{\"$tnc\":\"SELF_DECLARE_TEACHER_TNC\",\"$url\":\"url\",\"$0\":\"PRIVACY_POLICY\"}}},\"validations\":[{\"type\":\"required\",\"value\":true,\"message\":\"\"}]},{\"templateOptions\":{\"labelHtml\":{\"contents\":\"<p class=\\\"consent-info\\\">$0</p>\",\"values\":{\"$0\":\"FRMELEMNTS_MSG_CONSENT_DECLARATION_INFO\"}}},\"code\":\"consentInfo\",\"type\":\"label\"}]}",
*,*,user,manageduser,create,app,2025-03-19 10:29:29.589+0000,"{\"templateName\":\"manageduser\",\"action\":\"create\",\"fields\":[{\"templateOptions\":{\"label\":\"FULL_NAME\",\"placeholder\":\"ENTER_USER_NAME\"},\"code\":\"name\",\"validations\":[{\"type\":\"required\",\"message\":\"NAME_IS_REQUIRED\",\"value\":true}],\"type\":\"input\"},{\"templateOptions\":{\"label\":\"PREFERENCES_CAN_BE_UPDATED\"},\"code\":\"updatePreference\",\"type\":\"label\"}]}",
*,*,user,*,update,*,2025-03-20 06:52:50.578+0000,"{\"templateName\":\"defaultTemplate\",\"action\":\"get\",\"fields\":[{\"code\":\"board\",\"dataType\":\"text\",\"name\":\"Board\",\"label\":\"Board\",\"description\":\"Education Board (Like MP Board, NCERT, etc)\",\"editable\":true,\"inputType\":\"multi-select\",\"required\":true,\"displayProperty\":\"Editable\",\"visible\":true,\"renderingHints\":{\"semanticColumnWidth\":\"four\"},\"index\":1,\"translation\":\"frmelmnts.lbl.boards\"},{\"code\":\"medium\",\"dataType\":\"text\",\"name\":\"Medium\",\"label\":\"Medium\",\"description\":\"Medium of instruction\",\"editable\":true,\"inputType\":\"multi-select\",\"required\":true,\"displayProperty\":\"Editable\",\"visible\":true,\"renderingHints\":{\"semanticColumnWidth\":\"four\"},\"index\":2,\"translation\":\"frmelmnts.lbl.medium\"},{\"code\":\"gradeLevel\",\"dataType\":\"text\",\"name\":\"Class\",\"label\":\"Class\",\"description\":\"Grade\",\"editable\":true,\"inputType\":\"multi-select\",\"required\":true,\"displayProperty\":\"Editable\",\"visible\":true,\"renderingHints\":{\"semanticColumnWidth\":\"four\"},\"index\":3,\"translation\":\"frmelmnts.lbl.class\"},{\"code\":\"subject\",\"dataType\":\"text\",\"name\":\"Subject\",\"label\":\"Subject\",\"description\":\"Subject of the Content to use to teach\",\"editable\":true,\"inputType\":\"multi-select\",\"required\":false,\"displayProperty\":\"Editable\",\"visible\":false,\"renderingHints\":{\"semanticColumnWidth\":\"four\"},\"index\":4,\"translation\":\"frmelmnts.lbl.subject\"}]}",2025-03-20 10:38:45.128+0000
*,*,dynamicform,contentrequest,submit,app,2025-03-19 10:29:33.661+0000,"{\"templateName\":\"contentrequest\",\"action\":\"get\",\"fields\":[{\"code\":\"board\",\"type\":\"select\",\"templateOptions\":{\"placeHolder\":\"Select Board\",\"multiple\":false,\"dataSrc\":{\"marker\":\"ACTIVE_CHANNEL.SUGGESTED_FRAMEWORK_LIST.MAPPED_TO_FRAMEWORKCATEGORIES\",\"params\":{\"relevantTerms\":[\"CBSE\"]}}},\"validations\":[{\"type\":\"required\"}]},{\"code\":\"medium\",\"type\":\"nested_select\",\"context\":\"board\",\"default\":null,\"templateOptions\":{\"placeHolder\":\"Select Medium\",\"multiple\":false,\"dataSrc\":{\"marker\":\"FRAMEWORK_CATEGORY_TERMS\",\"params\":{\"categoryCode\":\"medium\"}}},\"validations\":[{\"type\":\"required\"}]},{\"code\":\"grade\",\"type\":\"nested_select\",\"context\":\"medium\",\"templateOptions\":{\"placeHolder\":\"Select Grade\",\"multiple\":false,\"dataSrc\":{\"marker\":\"FRAMEWORK_CATEGORY_TERMS\",\"params\":{\"categoryCode\":\"gradeLevel\"}}},\"validations\":[{\"type\":\"required\"}]},{\"code\":\"subject\",\"type\":\"nested_select\",\"context\":\"grade\",\"templateOptions\":{\"placeHolder\":\"Select Subject\",\"multiple\":false,\"dataSrc\":{\"marker\":\"FRAMEWORK_CATEGORY_TERMS\",\"params\":{\"categoryCode\":\"subject\"}}},\"children\":{\"other\":[{\"code\":\"other\",\"type\":\"input\",\"templateOptions\":{\"placeHolder\":\"Specify Subject\"},\"validations\":[{\"type\":\"required\"}]}]},\"validations\":[{\"type\":\"required\"}]},{\"code\":\"primaryCategory\",\"type\":\"select\",\"templateOptions\":{\"placeHolder\":\"Select Content Type\",\"multiple\":false,\"options\":[{\"value\":\"Digital Textbook\",\"label\":\"Digital Textbook\"},{\"value\":\"Course\",\"label\":\"Course\"},{\"value\":\"TV Lesson\",\"label\":\"TV Lesson\"},{\"value\":\"Explanation Content\",\"label\":\"Explanation content\"},{\"value\":\"Practice Question Set\",\"label\":\"Practice Questions\"}]},\"validations\":[{\"type\":\"required\"}]}]}",
*,*,user,child,create,portal,2025-03-19 10:29:45.060+0000,"{\"templateName\":\"defaultTemplate\",\"action\":\"create\",\"fields\":[{\"code\":\"name\",\"visible\":true,\"editable\":true,\"displayProperty\":\"Editable\",\"dataType\":\"text\",\"renderingHints\":{\"fieldColumnWidth\":\"twelve\"},\"name\":\"Name\",\"description\":\"Enter your name\",\"index\":1,\"inputType\":\"input\",\"label\":\"Name\",\"required\":true}]}",
*,*,dynamicform,support_v2,get,app,2025-03-19 10:29:35.039+0000,"{\"templateName\":\"support_v2\",\"action\":\"get\",\"fields\":[{\"code\":\"category\",\"type\":\"nested_select\",\"templateOptions\":{\"placeHolder\":\"Select Category\",\"multiple\":false,\"hidden\":false,\"options\":[{\"value\":\"content\",\"label\":\"Content\"},{\"value\":\"loginRegistration\",\"label\":\"Login/Registration\"},{\"value\":\"teacherTraining\",\"label\":\"Teacher Training\"},{\"value\":\"otherissues\",\"label\":\"Other Issues\",\"dataSrc\":{\"action\":\"telemetry\"}}]},\"validations\":[{\"type\":\"required\"}],\"children\":{\"otherissues\":[{\"code\":\"details\",\"type\":\"textarea\",\"context\":null,\"templateOptions\":{\"label\":\"Tell us more\",\"placeHolder\":\"Enter Details\"},\"validations\":[{\"type\":\"maxLength\",\"value\":1000}]}]}},{\"code\":\"subcategory\",\"context\":\"category\",\"type\":\"nested_select\",\"children\":{\"contentquality\":[{\"code\":\"board\",\"type\":\"select\",\"templateOptions\":{\"placeHolder\":\"Select Board\",\"multiple\":false,\"dataSrc\":{\"marker\":\"ACTIVE_CHANNEL.SUGGESTED_FRAMEWORK_LIST.MAPPED_TO_FRAMEWORKCATEGORIES\"}},\"validations\":[{\"type\":\"required\"}]},{\"code\":\"medium\",\"type\":\"nested_select\",\"context\":\"board\",\"default\":null,\"templateOptions\":{\"placeHolder\":\"Select Medium\",\"multiple\":false,\"dataSrc\":{\"marker\":\"FRAMEWORK_CATEGORY_TERMS\",\"params\":{\"categoryCode\":\"medium\"}}},\"validations\":[{\"type\":\"required\"}]},{\"code\":\"grade\",\"type\":\"nested_select\",\"context\":\"medium\",\"templateOptions\":{\"placeHolder\":\"Select Grade\",\"multiple\":false,\"dataSrc\":{\"marker\":\"FRAMEWORK_CATEGORY_TERMS\",\"params\":{\"categoryCode\":\"grade\"}}},\"validations\":[{\"type\":\"required\"}]},{\"code\":\"subject\",\"type\":\"nested_select\",\"context\":\"grade\",\"templateOptions\":{\"placeHolder\":\"Select Subject\",\"multiple\":false,\"dataSrc\":{\"marker\":\"FRAMEWORK_CATEGORY_TERMS\",\"params\":{\"categoryCode\":\"subject\"}}},\"validations\":[{\"type\":\"required\"}]},{\"code\":\"contentname\",\"type\":\"input\",\"context\":null,\"templateOptions\":{\"placeHolder\":\"Enter Content Name\"},\"validations\":[{\"type\":\"required\"}]},{\"code\":\"details\",\"type\":\"textarea\",\"context\":null,\"templateOptions\":{\"label\":\"Tell us more\",\"placeHolder\":\"Enter Details\"},\"validations\":[{\"type\":\"maxLength\",\"value\":1000}]}],\"contentnotplaying\":[{\"code\":\"board\",\"type\":\"select\",\"templateOptions\":{\"placeHolder\":\"Select Board\",\"multiple\":false,\"dataSrc\":{\"marker\":\"ACTIVE_CHANNEL.SUGGESTED_FRAMEWORK_LIST.MAPPED_TO_FRAMEWORKCATEGORIES\"}},\"validations\":[{\"type\":\"required\"}]},{\"code\":\"medium\",\"type\":\"nested_select\",\"context\":\"board\",\"default\":null,\"templateOptions\":{\"placeHolder\":\"Select Medium\",\"multiple\":false,\"dataSrc\":{\"marker\":\"FRAMEWORK_CATEGORY_TERMS\",\"params\":{\"categoryCode\":\"medium\"}}},\"validations\":[{\"type\":\"required\"}]},{\"code\":\"grade\",\"type\":\"nested_select\",\"context\":\"medium\",\"templateOptions\":{\"placeHolder\":\"Select Grade\",\"multiple\":false,\"dataSrc\":{\"marker\":\"FRAMEWORK_CATEGORY_TERMS\",\"params\":{\"categoryCode\":\"grade\"}}},\"validations\":[{\"type\":\"required\"}]},{\"code\":\"subject\",\"type\":\"nested_select\",\"context\":\"grade\",\"templateOptions\":{\"placeHolder\":\"Select Subject\",\"multiple\":false,\"dataSrc\":{\"marker\":\"FRAMEWORK_CATEGORY_TERMS\",\"params\":{\"categoryCode\":\"subject\"}}},\"validations\":[{\"type\":\"required\"}]},{\"code\":\"contentname\",\"type\":\"input\",\"context\":null,\"templateOptions\":{\"placeHolder\":\"Enter Content Name\"},\"validations\":[{\"type\":\"required\"}]},{\"code\":\"details\",\"type\":\"textarea\",\"context\":null,\"templateOptions\":{\"label\":\"Tell us more\",\"placeHolder\":\"Enter Details\"},\"validations\":[{\"type\":\"maxLength\",\"value\":1000}]}],\"contentavailability\":[{\"code\":\"board\",\"type\":\"select\",\"templateOptions\":{\"placeHolder\":\"Select Board\",\"multiple\":false,\"dataSrc\":{\"marker\":\"ACTIVE_CHANNEL.SUGGESTED_FRAMEWORK_LIST.MAPPED_TO_FRAMEWORKCATEGORIES\",\"params\":{\"relevantTerms\":[\"CBSE\"]}}},\"validations\":[{\"type\":\"required\"}]},{\"code\":\"medium\",\"type\":\"nested_select\",\"context\":\"board\",\"default\":null,\"templateOptions\":{\"placeHolder\":\"Select Medium\",\"multiple\":false,\"dataSrc\":{\"marker\":\"FRAMEWORK_CATEGORY_TERMS\",\"params\":{\"categoryCode\":\"medium\"}}},\"validations\":[{\"type\":\"required\"}]},{\"code\":\"grade\",\"type\":\"nested_select\",\"context\":\"medium\",\"templateOptions\":{\"placeHolder\":\"Select Grade\",\"multiple\":false,\"dataSrc\":{\"marker\":\"FRAMEWORK_CATEGORY_TERMS\",\"params\":{\"categoryCode\":\"grade\"}}},\"validations\":[{\"type\":\"required\"}]},{\"code\":\"subject\",\"type\":\"nested_select\",\"context\":\"grade\",\"templateOptions\":{\"placeHolder\":\"Select Subject\",\"multiple\":true,\"dataSrc\":{\"marker\":\"FRAMEWORK_CATEGORY_TERMS\",\"params\":{\"categoryCode\":\"subject\"}}},\"validations\":[{\"type\":\"required\"}]},{\"code\":\"contenttype\",\"type\":\"select\",\"templateOptions\":{\"placeHolder\":\"Select Content Type\",\"multiple\":false,\"options\":[{\"value\":\"digitextbbok\",\"label\":\"Digital Textbook\"},{\"value\":\"course\",\"label\":\"Course\"},{\"value\":\"tvlesson\",\"label\":\"TV Lesson\"},{\"value\":\"explaincontent\",\"label\":\"Explanation content\"},{\"value\":\"practiceques\",\"label\":\"Practice Questions\"},{\"value\":\"quiz\",\"label\":\"Quiz\"}]},\"validations\":[{\"type\":\"required\"}]},{\"code\":\"details\",\"type\":\"textarea\",\"context\":null,\"templateOptions\":{\"label\":\"Tell us more\",\"placeHolder\":\"Enter Details\"},\"validations\":[{\"type\":\"maxLength\",\"value\":1000}]},{\"code\":\"notify\",\"type\":\"checkbox\",\"templateOptions\":{\"label\":\"Notify me on availability\"}}],\"contentotherissues\":[{\"code\":\"board\",\"type\":\"select\",\"templateOptions\":{\"placeHolder\":\"Select Board\",\"multiple\":false,\"dataSrc\":{\"marker\":\"ACTIVE_CHANNEL.SUGGESTED_FRAMEWORK_LIST.MAPPED_TO_FRAMEWORKCATEGORIES\"}},\"validations\":[{\"type\":\"required\"}]},{\"code\":\"medium\",\"type\":\"nested_select\",\"context\":\"board\",\"default\":null,\"templateOptions\":{\"placeHolder\":\"Select Medium\",\"multiple\":false,\"dataSrc\":{\"marker\":\"FRAMEWORK_CATEGORY_TERMS\",\"params\":{\"categoryCode\":\"medium\"}}},\"validations\":[{\"type\":\"required\"}]},{\"code\":\"grade\",\"type\":\"nested_select\",\"context\":\"medium\",\"templateOptions\":{\"placeHolder\":\"Select Grade\",\"multiple\":false,\"dataSrc\":{\"marker\":\"FRAMEWORK_CATEGORY_TERMS\",\"params\":{\"categoryCode\":\"grade\"}}},\"validations\":[{\"type\":\"required\"}]},{\"code\":\"subject\",\"type\":\"nested_select\",\"context\":\"grade\",\"templateOptions\":{\"placeHolder\":\"Select Subject\",\"multiple\":true,\"dataSrc\":{\"marker\":\"FRAMEWORK_CATEGORY_TERMS\",\"params\":{\"categoryCode\":\"subject\"}}},\"validations\":[{\"type\":\"required\"}]},{\"code\":\"contentname\",\"type\":\"input\",\"context\":null,\"templateOptions\":{\"placeHolder\":\"Enter Content Name\"},\"validations\":[{\"type\":\"required\"}]},{\"code\":\"details\",\"type\":\"textarea\",\"context\":null,\"templateOptions\":{\"label\":\"Tell us more\",\"placeHolder\":\"Enter Details\"},\"validations\":[{\"type\":\"maxLength\",\"value\":1000}]}],\"otpissue\":[{\"code\":\"details\",\"type\":\"textarea\",\"context\":null,\"templateOptions\":{\"label\":\"Tell us more\",\"placeHolder\":\"Enter Details\"},\"validations\":[{\"type\":\"maxLength\",\"value\":1000}]}],\"profilevalidation\":[{\"code\":\"details\",\"type\":\"textarea\",\"context\":null,\"templateOptions\":{\"label\":\"Tell us more\",\"placeHolder\":\"Enter Details\"},\"validations\":[{\"type\":\"maxLength\",\"value\":1000}]}],\"profiledetails\":[{\"code\":\"details\",\"type\":\"textarea\",\"context\":null,\"templateOptions\":{\"label\":\"Tell us more\",\"placeHolder\":\"Enter Details\"},\"validations\":[{\"type\":\"maxLength\",\"value\":1000}]}],\"certificate\":[{\"code\":\"details\",\"type\":\"textarea\",\"context\":null,\"templateOptions\":{\"label\":\"Tell us more\",\"placeHolder\":\"Enter Details\"},\"validations\":[{\"type\":\"maxLength\",\"value\":1000}]}],\"teacherid\":[{\"code\":\"details\",\"type\":\"textarea\",\"context\":null,\"templateOptions\":{\"label\":\"Tell us more\",\"placeHolder\":\"Enter Details\"},\"validations\":[{\"type\":\"maxLength\",\"value\":1000}]}],\"profileotherissues\":[{\"code\":\"details\",\"type\":\"textarea\",\"context\":null,\"templateOptions\":{\"label\":\"Tell us more\",\"placeHolder\":\"Enter Details\"},\"validations\":[{\"type\":\"maxLength\",\"value\":1000}]}],\"teacherotherissues\":[{\"code\":\"details\",\"type\":\"textarea\",\"context\":null,\"templateOptions\":{\"label\":\"Tell us more\",\"placeHolder\":\"Enter Details\"},\"validations\":[{\"type\":\"maxLength\",\"value\":1000}]}]},\"templateOptions\":{\"placeHolder\":\"Select Subcategory\",\"multiple\":false,\"hidden\":false,\"options\":{\"loginRegistration\":[{\"value\":\"otpissue\",\"label\":\"OTP Issue\",\"dataSrc\":{\"action\":\"telemetry\"}},{\"value\":\"profilevalidation\",\"label\":\"Profile validation/No green tick on my profile\",\"dataSrc\":{\"action\":\"contactBoard\"}},{\"value\":\"profiledetails\",\"label\":\"Profile details incorrect\",\"dataSrc\":{\"action\":\"contactBoard\"}},{\"value\":\"certificate\",\"label\":\"Certificate related\",\"dataSrc\":{\"action\":\"contactBoard\"}},{\"value\":\"teacherid\",\"label\":\"Teacher id\",\"dataSrc\":{\"action\":\"contactBoard\"}},{\"value\":\"profileotherissues\",\"label\":\"Other issues\",\"dataSrc\":{\"action\":\"contactBoard\"}}],\"content\":[{\"value\":\"contentquality\",\"label\":\"Content Quality\",\"dataSrc\":{\"action\":\"telemetry\"}},{\"value\":\"contentnotplaying\",\"label\":\"Content not playing/downloading\",\"dataSrc\":{\"action\":\"telemetry\"}},{\"value\":\"contentavailability\",\"label\":\"Content availability\",\"dataSrc\":{\"action\":\"telemetry\"}},{\"value\":\"contentotherissues\",\"label\":\"Other Issues\",\"dataSrc\":{\"action\":\"telemetry\"}}],\"teacherTraining\":[{\"value\":\"profilevalidation\",\"label\":\"Profile validation/No green tick on my profile\",\"dataSrc\":{\"action\":\"contactBoard\"}},{\"value\":\"profiledetails\",\"label\":\"Profile details incorrect\",\"dataSrc\":{\"action\":\"contactBoard\"}},{\"value\":\"certificate\",\"label\":\"Certificate related\",\"dataSrc\":{\"action\":\"contactBoard\"}},{\"value\":\"teacherotherissues\",\"label\":\"Other issues\",\"dataSrc\":{\"action\":\"contactBoard\"}}]}}}]}",
*,*,user,exclusion,onboarding,portal,2025-03-19 10:29:56.375+0000,"{\"templateName\":\"defaultTemplate\",\"action\":\"get\",\"fields\":[\"/certs/\",\"/signup/\",\"/recover/\",\"/sign-in/\",\"/get/dial/\",\"/profile/delete-user\"]}",
0143146729170944000,NCF,user,*,update,*,2025-03-20 10:45:07.576+0000,"{\"templateName\":\"defaultTemplate\",\"action\":\"get\",\"fields\":[{\"code\":\"board\",\"dataType\":\"text\",\"name\":\"Board\",\"label\":\"Board\",\"description\":\"Education Board (Like MP Board, NCERT, etc)\",\"editable\":true,\"inputType\":\"multi-select\",\"required\":true,\"displayProperty\":\"Editable\",\"visible\":true,\"renderingHints\":{\"semanticColumnWidth\":\"four\"},\"index\":1,\"translation\":\"frmelmnts.lbl.boards\"},{\"code\":\"medium\",\"dataType\":\"text\",\"name\":\"Medium\",\"label\":\"Medium\",\"description\":\"Medium of instruction\",\"editable\":true,\"inputType\":\"multi-select\",\"required\":true,\"displayProperty\":\"Editable\",\"visible\":true,\"renderingHints\":{\"semanticColumnWidth\":\"four\"},\"index\":2,\"translation\":\"frmelmnts.lbl.medium\"},{\"code\":\"gradeLevel\",\"dataType\":\"text\",\"name\":\"Class\",\"label\":\"Class\",\"description\":\"Grade\",\"editable\":true,\"inputType\":\"multi-select\",\"required\":true,\"displayProperty\":\"Editable\",\"visible\":true,\"renderingHints\":{\"semanticColumnWidth\":\"four\"},\"index\":3,\"translation\":\"frmelmnts.lbl.class\"},{\"code\":\"subject\",\"dataType\":\"text\",\"name\":\"Subject\",\"label\":\"Subject\",\"description\":\"Subject of the Content to use to teach\",\"editable\":true,\"inputType\":\"multi-select\",\"required\":false,\"displayProperty\":\"Editable\",\"visible\":false,\"renderingHints\":{\"semanticColumnWidth\":\"four\"},\"index\":4,\"translation\":\"frmelmnts.lbl.subject\"}]}",
*,*,organization,organization,sign-in,*,2025-03-19 10:29:50.825+0000,"{\"fields\":[{\"name\":\"TN Staging SSO\",\"loginUrl\":\"https://gcp-fmps.sunbirded.org/\"}]}",
*,*,content,resource,requestforchanges,*,2025-03-19 10:29:58.675+0000,"{\"templateName\":\"defaultTemplate\",\"action\":\"requestforchanges\",\"fields\":[{\"otherReason\":\"Other Issue(s) (if there are any other issues, tick this and provide details in the comments box)\",\"contents\":[{\"name\":\"Appropriateness\",\"checkList\":[\"Has Hate speech, Abuse, Violence, Profanity\",\"Has Sexual content, Nudity or Vulgarity\",\"Has Discriminatory or Defamatory content\",\"Is not suitable for children\"]},{\"name\":\"Content details\",\"checkList\":[\"Inappropriate Title or Description\",\"Incorrect Board, Grade, Subject or Medium\",\"Inappropriate tags such as Resource Type or Concepts\",\"Irrelevant Keywords\"]},{\"name\":\"Usability\",\"checkList\":[\"Content is NOT playing correctly\",\"CANNOT see the content clearly on Desktop and App\",\"Audio is NOT clear or NOT easy to understand\",\"Spelling mistakes found in text used\",\"Language is NOT simple to understand\"]}],\"title\":\"Please tick the reasons for requesting changes and provide detailed comments:\"}]}",
*,*,category,targetedcategory,homelisting,*,2025-03-19 10:29:59.250+0000,"{\"templateName\":\"defaultTemplate\",\"action\":\"homeListing\",\"fields\":{\"cbse\":{\"teacher\":[{\"name\":\"observations\",\"icon\":{\"web\":\"assets/images/mask-image/observation_category.png\",\"app\":\"assets/imgs/ic_observation_category.png\"}},{\"name\":\"project\",\"icon\":{\"web\":\"\",\"app\":\"assets/imgs/ic_project.svg\"}}]},\"ekstep_ncert_k-12\":{\"teacher\":[{\"name\":\"observations\",\"icon\":{\"web\":\"assets/images/mask-image/observation_category.png\",\"app\":\"assets/imgs/ic_observation_category.png\"}}]},\"tn_k-12_5\":{\"teacher\":[{\"name\":\"observations\",\"icon\":{\"web\":\"assets/images/mask-image/observation_category.png\",\"app\":\"assets/imgs/ic_observation_category.png\"}}]},\"cg_k-12\":{\"teacher\":[{\"name\":\"observations\",\"icon\":{\"web\":\"assets/images/mask-image/observation_category.png\",\"app\":\"assets/imgs/ic_observation_category.png\"}}]},\"pb_k-12\":{\"teacher\":[{\"name\":\"observations\",\"icon\":{\"web\":\"assets/images/mask-image/observation_category.png\",\"app\":\"assets/imgs/ic_observation_category.png\"}}]}}}",
*,*,config,frameworkcategory,get,app,2025-03-19 10:29:19.227+0000,"{\"templateName\":\"frameworkCategory\",\"action\":\"get\",\"fields\":[{\"code\":\"board\",\"label\":\"{\\\"en\\\":\\\"Board\\\",\\\"as\\\":\\\"ব'ৰ্ড\\\",\\\"bn\\\":\\\"পর্ষদ\\\",\\\"gu\\\":\\\"બોર્ડ\\\",\\\"hi\\\":\\\"बोर्ड\\\",\\\"kn\\\":\\\"ಮಂಡಳಿ\\\",\\\"mr\\\":\\\"बोर्ड\\\",\\\"or\\\":\\\"ବୋର୍ଡ\\\",\\\"pa\\\":\\\"ਬੋਰਡ\\\",\\\"ta\\\":\\\"வாரியம்\\\",\\\"te\\\":\\\"బోర్డు\\\",\\\"ur\\\":\\\"بورڈ\\\"}\",\"identifier\":\"fwCategory1\",\"index\":0,\"placeHolder\":\"Select board\",\"required\":true,\"alterNativeCode\":\"se_boards\"},{\"code\":\"medium\",\"label\":\"{\\\"en\\\":\\\"Medium\\\",\\\"as\\\":\\\"মাধ্যম\\\",\\\"bn\\\":\\\"মাধ্যাম\\\",\\\"gu\\\":\\\"માધ્યમ\\\",\\\"hi\\\":\\\"माध्यम\\\",\\\"kn\\\":\\\"ಮಾಧ್ಯಮ\\\",\\\"mr\\\":\\\"माध्यम\\\",\\\"or\\\":\\\"ମାଧ୍ୟମ\\\",\\\"pa\\\":\\\"ਮਾਧਿਅਮ\\\",\\\"ta\\\":\\\"மீடியம்\\\",\\\"te\\\":\\\"మాధ్యమం\\\",\\\"ur\\\":\\\"میڈیم\\\"}\",\"identifier\":\"fwCategory2\",\"index\":1,\"placeHolder\":\"Select medium\",\"required\":true,\"alterNativeCode\":\"se_mediums\"},{\"code\":\"gradeLevel\",\"label\":\"{\\\"en\\\":\\\"Class\\\",\\\"as\\\":\\\"শ্ৰেণী\\\",\\\"bn\\\":\\\"শ্রেনী\\\",\\\"gu\\\":\\\"વર્ગ\\\",\\\"hi\\\":\\\"कक्षा\\\",\\\"kn\\\":\\\"ತರಗತಿ\\\",\\\"mr\\\":\\\"इयत्ता\\\",\\\"or\\\":\\\"ଶ୍ରେଣୀ\\\",\\\"pa\\\":\\\"ਜਮਾਤ\\\",\\\"ta\\\":\\\"வகுப்பு\\\",\\\"te\\\":\\\"క్లాసు\\\",\\\"ur\\\":\\\"کلاس\\\"}\",\"identifier\":\"fwCategory3\",\"index\":2,\"placeHolder\":\"Select gradeLevel\",\"required\":false,\"alterNativeCode\":\"se_gradeLevels\"},{\"code\":\"subject\",\"label\":\"{\\\"en\\\":\\\"Subject\\\",\\\"as\\\":\\\"বিষয়\\\",\\\"bn\\\":\\\"বিষয়\\\",\\\"gu\\\":\\\"વિષય\\\",\\\"hi\\\":\\\"विषय\\\",\\\"kn\\\":\\\"ವಿಷಯ\\\",\\\"mr\\\":\\\"विषय\\\",\\\"or\\\":\\\"ବିଷୟ\\\",\\\"pa\\\":\\\"ਵਿਸ਼ਾ\\\",\\\"ta\\\":\\\"பாடம்\\\",\\\"te\\\":\\\"పాఠ్యాంశము\\\",\\\"ur\\\":\\\"مضامین\\\"}\",\"placeHolder\":\"Select Subject\",\"identifier\":\"fwCategory4\",\"index\":3,\"required\":false,\"alterNativeCode\":\"se_subjects\",\"multiple\":true}]}",
*,,content,resource,create,*,,"{\"templateName\":\"defaultTemplate\",\"action\":\"create\",\"fields\":[{\"code\":\"name\",\"dataType\":\"text\",\"name\":\"Name\",\"label\":\"Name\",\"description\":\"Name\",\"editable\":true,\"placeholder\":\"Name\",\"inputType\":\"text\",\"required\":false,\"displayProperty\":\"Editable\",\"visible\":true,\"renderingHints\":{\"semanticColumnWidth\":\"twelve\"},\"index\":1},{\"code\":\"board\",\"dataType\":\"text\",\"name\":\"Board\",\"label\":\"Board\",\"description\":\"Education Board (Like MP Board, NCERT, etc)\",\"editable\":true,\"placeholder\":\"Board\",\"inputType\":\"select\",\"required\":false,\"displayProperty\":\"Editable\",\"visible\":true,\"renderingHints\":{\"semanticColumnWidth\":\"six\"},\"index\":2,\"depends\":[\"gradeLevel\"]},{\"code\":\"gradeLevel\",\"dataType\":\"text\",\"name\":\"Grade\",\"label\":\"Grade\",\"description\":\"Grade\",\"editable\":true,\"placeholder\":\"Grade\",\"inputType\":\"multiSelect\",\"required\":false,\"displayProperty\":\"Editable\",\"visible\":true,\"renderingHints\":{\"semanticColumnWidth\":\"six\"},\"index\":3,\"depends\":[\"subject\"]},{\"code\":\"subject\",\"dataType\":\"text\",\"name\":\"Subject\",\"label\":\"Subject\",\"description\":\"Subject of the Content to use to teach\",\"editable\":true,\"placeholder\":\"Grade\",\"inputType\":\"select\",\"required\":false,\"displayProperty\":\"Editable\",\"visible\":true,\"renderingHints\":{\"semanticColumnWidth\":\"six\"},\"index\":4},{\"code\":\"medium\",\"dataType\":\"text\",\"name\":\"Medium\",\"label\":\"Medium\",\"description\":\"Medium of instruction\",\"editable\":true,\"placeholder\":\"Medium\",\"inputType\":\"select\",\"required\":false,\"displayProperty\":\"Editable\",\"visible\":true,\"renderingHints\":{\"semanticColumnWidth\":\"six\"},\"index\":5},{\"code\":\"concept\",\"dataType\":\"text\",\"name\":\"Concept\",\"label\":\"Concepts\",\"description\":\"Concept\",\"editable\":true,\"placeholder\":\"Concept\",\"inputType\":\"Concept\",\"required\":false,\"displayProperty\":\"Editable\",\"visible\":true,\"renderingHints\":{\"semanticColumnWidth\":\"six\"},\"index\":6},{\"code\":\"resourceType\",\"dataType\":\"text\",\"name\":\"Resource Type\",\"label\":\"Resource Type\",\"description\":\"Resourcetype\",\"editable\":true,\"placeholder\":\"Resource Type\",\"inputType\":\"select\",\"required\":false,\"displayProperty\":\"Editable\",\"visible\":true,\"renderingHints\":{\"semanticColumnWidth\":\"six\"},\"index\":7,\"range\":[{\"key\":\"Teach\",\"name\":\"Teach\"},{\"key\":\"Practice\",\"name\":\"Practice\"},{\"key\":\"Learn\",\"name\":\"Learn\"},{\"key\":\"Test\",\"name\":\"Test\"},{\"key\":\"Play\",\"name\":\"Play\"},{\"key\":\"Read\",\"name\":\"Read\"},{\"key\":\"Experiment\",\"name\":\"Experiment\"}]}]}",
*,*,content,lessonplan,publish,*,2025-03-18 16:49:41.874+0000,"{\"templateName\":\"defaultTemplate\",\"action\":\"publish\",\"fields\":[[{\"contents\":[{\"name\":\"Appropriateness\",\"checkList\":[\"No Hate speech, Abuse, Violence, Profanity\",\"No Sexual content, Nudity or Vulgarity\",\"No Discrimination or Defamation\",\"Is suitable for children\"]},{\"name\":\"Content details\",\"checkList\":[\"Appropriate Title, Description\",\"Correct Board, Grade, Subject, Medium\",\"Appropriate tags such as Resource Type, Concepts\",\"Relevant Keywords\"]},{\"name\":\"Usability\",\"checkList\":[\"Content plays correctly\",\"Can see the content clearly on Desktop and App\",\"Audio (if any) is clear and easy to understand\",\"No Spelling mistakes in the text\",\"Language is simple to understand\"]}],\"title\":\"Please confirm that ALL the following items are verified (by ticking the check-boxes) before you can publish:\"}]]}",
*,*,program-dashboard,csv-dataset,reportdata,*,2025-03-19 10:29:42.113+0000,"{\"templateName\":\"program-dataset\",\"action\":\"create\",\"fields\":{\"improvementProject\":[{\"name\":\"Task Report\",\"encrypt\":true,\"dataset\":\"druid-dataset\",\"datasetId\":\"ml-task-detail-exhaust\",\"roles\":[\"PROGRAM_MANAGER\"],\"filters\":[{\"type\":\"equals\",\"dimension\":\"private_program\",\"value\":\"false\"},{\"type\":\"equals\",\"dimension\":\"status_of_project\",\"value\":\"submitted\"},{\"type\":\"equals\",\"dimension\":\"sub_task_deleted_flag\",\"value\":\"false\"},{\"type\":\"equals\",\"dimension\":\"task_deleted_flag\",\"value\":\"false\"},{\"type\":\"equals\",\"dimension\":\"project_deleted_flag\",\"value\":\"false\"},{\"type\":\"equals\",\"dimension\":\"program_id\",\"value\":\"$programId\"},{\"type\":\"equals\",\"dimension\":\"solution_id\",\"value\":\"$solutionId\"},{\"type\":\"equals\",\"dimension\":\"district_externalId\",\"value\":\"$district_externalId\"},{\"type\":\"equals\",\"dimension\":\"organisation_id\",\"value\":\"$organisation_id\"}]},{\"name\":\"Status Report\",\"encrypt\":false,\"dataset\":\"druid-dataset\",\"datasetId\":\"ml-project-status-exhaust\",\"roles\":[\"PROGRAM_MANAGER\",\"PROGRAM_DESIGNER\"],\"configurableFilters\":true,\"filters\":[{\"type\":\"in\",\"dimension\":\"status_of_project\",\"values\":\"$status_of_project\"},{\"type\":\"equals\",\"dimension\":\"private_program\",\"value\":\"false\"},{\"type\":\"equals\",\"dimension\":\"sub_task_deleted_flag\",\"value\":\"false\"},{\"type\":\"equals\",\"dimension\":\"task_deleted_flag\",\"value\":\"false\"},{\"type\":\"equals\",\"dimension\":\"project_deleted_flag\",\"value\":\"false\"},{\"type\":\"equals\",\"dimension\":\"program_id\",\"value\":\"$programId\"},{\"type\":\"equals\",\"dimension\":\"solution_id\",\"value\":\"$solutionId\"},{\"type\":\"equals\",\"dimension\":\"district_externalId\",\"value\":\"$district_externalId\"},{\"type\":\"equals\",\"dimension\":\"organisation_id\",\"value\":\"$organisation_id\"}],\"uiFilters\":[{\"label\":\"Status\",\"controlType\":\"multi-select\",\"reference\":\"status_of_project\",\"placeholder\":\"Select status\",\"options\":[\"started\",\"submitted\",\"inProgress\"]}]},{\"name\":\"Filtered task detail report\",\"encrypt\":true,\"dataset\":\"druid-dataset\",\"datasetId\":\"ml-filtered-task-detail-exhaust\",\"roles\":[\"PROGRAM_MANAGER\"],\"configurableFilters\":true,\"filters\":[{\"type\":\"equals\",\"dimension\":\"status_of_project\",\"value\":\"submitted\"},{\"type\":\"equals\",\"dimension\":\"private_program\",\"value\":\"false\"},{\"type\":\"equals\",\"dimension\":\"sub_task_deleted_flag\",\"value\":\"false\"},{\"type\":\"equals\",\"dimension\":\"task_deleted_flag\",\"value\":\"false\"},{\"type\":\"equals\",\"dimension\":\"project_deleted_flag\",\"value\":\"false\"},{\"type\":\"equals\",\"dimension\":\"program_id\",\"value\":\"$programId\"},{\"type\":\"equals\",\"dimension\":\"solution_id\",\"value\":\"$solutionId\"},{\"type\":\"equals\",\"dimension\":\"district_externalId\",\"value\":\"$district_externalId\"},{\"type\":\"equals\",\"dimension\":\"organisation_id\",\"value\":\"$organisation_id\"},{\"type\":\"greaterthan\",\"dimension\":\"task_count\",\"value\":\"$task_count\"},{\"type\":\"greaterthan\",\"dimension\":\"task_evidence_count\",\"value\":\"$task_evidence_count\"},{\"type\":\"greaterthan\",\"dimension\":\"project_evidence_count\",\"value\":\"$project_evidence_count\"}],\"uiFilters\":[{\"label\":\"Minimum no. of tasks in the project\",\"controlType\":\"number\",\"reference\":\"task_count\",\"defaultValue\":5},{\"label\":\"Minimum no. of task evidence\",\"controlType\":\"number\",\"reference\":\"task_evidence_count\",\"defaultValue\":2},{\"label\":\"Minimum no. of project evidence\",\"controlType\":\"number\",\"reference\":\"project_evidence_count\",\"defaultValue\":1}]}],\"observation\":[{\"name\":\"Question Report\",\"encrypt\":true,\"dataset\":\"druid-dataset\",\"datasetId\":\"ml-obs-question-detail-exhaust\",\"roles\":[\"PROGRAM_MANAGER\"],\"filters\":[{\"type\":\"equals\",\"dimension\":\"isAPrivateProgram\",\"value\":\"false\"},{\"type\":\"equals\",\"dimension\":\"programId\",\"value\":\"$programId\"},{\"type\":\"equals\",\"dimension\":\"solutionId\",\"value\":\"$solutionId\"},{\"type\":\"equals\",\"dimension\":\"district_externalId\",\"value\":\"$district_externalId\"},{\"type\":\"equals\",\"dimension\":\"organisation_id\",\"value\":\"$organisation_id\"},{\"type\":\"notequals\",\"dimension\":\"isSubmissionDeleted\",\"value\":\"true\"}]},{\"name\":\"Status Report\",\"encrypt\":false,\"dataset\":\"druid-dataset\",\"datasetId\":\"ml-obs-status-detail-exhaust\",\"roles\":[\"PROGRAM_MANAGER\",\"PROGRAM_DESIGNER\"],\"configurableFilters\":true,\"filters\":[{\"type\":\"in\",\"dimension\":\"status\",\"values\":\"$status\"},{\"type\":\"equals\",\"dimension\":\"private_program\",\"value\":\"false\"},{\"type\":\"equals\",\"dimension\":\"program_id\",\"value\":\"$programId\"},{\"type\":\"equals\",\"dimension\":\"solution_id\",\"value\":\"$solutionId\"},{\"type\":\"equals\",\"dimension\":\"district_externalId\",\"value\":\"$district_externalId\"},{\"type\":\"equals\",\"dimension\":\"organisation_id\",\"value\":\"$organisation_id\"}],\"uiFilters\":[{\"label\":\"Status\",\"controlType\":\"multi-select\",\"reference\":\"status\",\"placeholder\":\"Select status\",\"options\":[\"started\",\"completed\"]}]}],\"observation_with_rubric\":[{\"name\":\"Question Report\",\"encrypt\":true,\"dataset\":\"druid-dataset\",\"datasetId\":\"ml-observation-with-rubric-question-detail-exhaust\",\"roles\":[\"PROGRAM_MANAGER\"],\"filters\":[{\"type\":\"equals\",\"dimension\":\"isAPrivateProgram\",\"value\":\"false\"},{\"type\":\"equals\",\"dimension\":\"programId\",\"value\":\"$programId\"},{\"type\":\"equals\",\"dimension\":\"solutionId\",\"value\":\"$solutionId\"},{\"type\":\"equals\",\"dimension\":\"district_externalId\",\"value\":\"$district_externalId\"},{\"type\":\"equals\",\"dimension\":\"organisation_id\",\"value\":\"$organisation_id\"},{\"type\":\"notequals\",\"dimension\":\"isSubmissionDeleted\",\"value\":\"true\"}]},{\"name\":\"Status Report\",\"encrypt\":false,\"dataset\":\"druid-dataset\",\"datasetId\":\"ml-observation-with-rubric-status-detail-exhaust\",\"roles\":[\"PROGRAM_MANAGER\",\"PROGRAM_DESIGNER\"],\"configurableFilters\":true,\"filters\":[{\"type\":\"in\",\"dimension\":\"status\",\"values\":\"$status\"},{\"type\":\"equals\",\"dimension\":\"private_program\",\"value\":\"false\"},{\"type\":\"equals\",\"dimension\":\"program_id\",\"value\":\"$programId\"},{\"type\":\"equals\",\"dimension\":\"solution_id\",\"value\":\"$solutionId\"},{\"type\":\"equals\",\"dimension\":\"district_externalId\",\"value\":\"$district_externalId\"},{\"type\":\"equals\",\"dimension\":\"organisation_id\",\"value\":\"$organisation_id\"}],\"uiFilters\":[{\"label\":\"Status\",\"controlType\":\"multi-select\",\"reference\":\"status\",\"placeholder\":\"Select status\",\"options\":[\"started\",\"completed\",\"inprogress\"]}]},{\"name\":\"Domain Criteria Report\",\"encrypt\":false,\"dataset\":\"druid-dataset\",\"datasetId\":\"ml-observation-with-rubric-domain-criteria-detail-exhaust\",\"roles\":[\"PROGRAM_MANAGER\"],\"filters\":[{\"type\":\"equals\",\"dimension\":\"isAPrivateProgram\",\"value\":\"false\"},{\"type\":\"equals\",\"dimension\":\"programId\",\"value\":\"$programId\"},{\"type\":\"equals\",\"dimension\":\"solutionId\",\"value\":\"$solutionId\"},{\"type\":\"equals\",\"dimension\":\"district_externalId\",\"value\":\"$district_externalId\"},{\"type\":\"equals\",\"dimension\":\"organisation_id\",\"value\":\"$organisation_id\"},{\"type\":\"notequals\",\"dimension\":\"isSubmissionDeleted\",\"value\":\"true\"}]}],\"observation_with_rubric_no_criteria_level_report\":[{\"name\":\"Question Report\",\"encrypt\":true,\"dataset\":\"druid-dataset\",\"datasetId\":\"ml-observation-with-rubric-question-detail-exhaust\",\"roles\":[\"PROGRAM_MANAGER\"],\"filters\":[{\"type\":\"equals\",\"dimension\":\"isAPrivateProgram\",\"value\":\"false\"},{\"type\":\"equals\",\"dimension\":\"programId\",\"value\":\"$programId\"},{\"type\":\"equals\",\"dimension\":\"solutionId\",\"value\":\"$solutionId\"},{\"type\":\"equals\",\"dimension\":\"district_externalId\",\"value\":\"$district_externalId\"},{\"type\":\"equals\",\"dimension\":\"organisation_id\",\"value\":\"$organisation_id\"},{\"type\":\"notequals\",\"dimension\":\"isSubmissionDeleted\",\"value\":\"true\"}]},{\"name\":\"Status Report\",\"encrypt\":false,\"dataset\":\"druid-dataset\",\"datasetId\":\"ml-observation-with-rubric-status-detail-exhaust\",\"roles\":[\"PROGRAM_MANAGER\",\"PROGRAM_DESIGNER\"],\"configurableFilters\":true,\"filters\":[{\"type\":\"in\",\"dimension\":\"status\",\"values\":\"$status\"},{\"type\":\"equals\",\"dimension\":\"private_program\",\"value\":\"false\"},{\"type\":\"equals\",\"dimension\":\"program_id\",\"value\":\"$programId\"},{\"type\":\"equals\",\"dimension\":\"solution_id\",\"value\":\"$solutionId\"},{\"type\":\"equals\",\"dimension\":\"district_externalId\",\"value\":\"$district_externalId\"},{\"type\":\"equals\",\"dimension\":\"organisation_id\",\"value\":\"$organisation_id\"}],\"uiFilters\":[{\"label\":\"Status\",\"controlType\":\"multi-select\",\"reference\":\"status\",\"placeholder\":\"Select status\",\"options\":[\"started\",\"completed\",\"inprogress\"]}]}],\"survey\":[{\"name\":\"Question Report\",\"encrypt\":true,\"dataset\":\"druid-dataset\",\"datasetId\":\"ml-survey-question-detail-exhaust\",\"roles\":[\"PROGRAM_MANAGER\"],\"filters\":[{\"type\":\"equals\",\"dimension\":\"isAPrivateProgram\",\"value\":\"false\"},{\"type\":\"equals\",\"dimension\":\"programId\",\"value\":\"$programId\"},{\"type\":\"equals\",\"dimension\":\"solutionId\",\"value\":\"$solutionId\"},{\"type\":\"equals\",\"dimension\":\"district_externalId\",\"value\":\"$district_externalId\"},{\"type\":\"equals\",\"dimension\":\"organisation_id\",\"value\":\"$organisation_id\"},{\"type\":\"notequals\",\"dimension\":\"isSubmissionDeleted\",\"value\":\"true\"}]},{\"name\":\"Status Report\",\"encrypt\":false,\"dataset\":\"druid-dataset\",\"datasetId\":\"ml-survey-status-detail-exhaust\",\"roles\":[\"PROGRAM_MANAGER\",\"PROGRAM_DESIGNER\"],\"configurableFilters\":true,\"filters\":[{\"type\":\"in\",\"dimension\":\"submission_status\",\"values\":\"$submission_status\"},{\"type\":\"equals\",\"dimension\":\"private_program\",\"value\":\"false\"},{\"type\":\"equals\",\"dimension\":\"program_id\",\"value\":\"$program_id\"},{\"type\":\"equals\",\"dimension\":\"solution_id\",\"value\":\"$solution_id\"},{\"type\":\"equals\",\"dimension\":\"district_externalId\",\"value\":\"$district_externalId\"},{\"type\":\"equals\",\"dimension\":\"organisation_id\",\"value\":\"$organisation_id\"}],\"uiFilters\":[{\"label\":\"Status\",\"controlType\":\"multi-select\",\"reference\":\"submission_status\",\"placeholder\":\"Select status\",\"options\":[\"started\",\"completed\"]}]}],\"user_detail_report\":[{\"name\":\"User Detail Report\",\"encrypt\":true,\"dataset\":\"program-user-exhaust\",\"datasetId\":\"ml-program-user-exhaust\",\"roles\":[\"PROGRAM_MANAGER\"],\"queryType\":\"cassandra\",\"filters\":[{\"table_name\":\"program_enrollment\",\"table_filters\":[{\"name\":\"program_id\",\"operator\":\"=\",\"value\":\"602512d8e6aefa27d9629bc3\"},{\"name\":\"user_locations['district_id']\",\"operator\":\"=\",\"value\":\"ed9e0963-0707-443a-99c4-5994fcac7a5f\"},{\"name\":\"organisation_id\",\"operator\":\"=\",\"value\":\"0126796199493140480\"},{\"name\":\"updated_at\",\"operator\":\">=\",\"value\":\"startDate\"},{\"name\":\"updated_at\",\"operator\":\"<=\",\"value\":\"endDate\"}]},{\"table_name\":\"user_consent\",\"table_filters\":[{\"name\":\"object_id\",\"operator\":\"=\",\"value\":\"602512d8e6aefa27d9629bc3\"}]}]}]}}",
*,*,onboardingpopupvisibility,global,onboarding,*,2025-03-18 16:49:45.439+0000,{\"fields\":{\"shownewUserOnboarding\":\"true\"}},
0143146729170944000,FMPS,content,resource,save,*,2025-03-20 16:55:14.245+0000,"{\"templateName\":\"defaultTemplate\",\"action\":\"save\",\"fields\":[{\"code\":\"appicon\",\"visible\":true,\"editable\":true,\"dataType\":\"url\",\"renderingHints\":{},\"name\":\"App Icon\",\"description\":\"App Icon\",\"index\":1,\"inputType\":\"file\",\"label\":\"Icon\",\"placeholder\":\"App Icon\",\"required\":false},{\"code\":\"name\",\"visible\":true,\"editable\":true,\"dataType\":\"text\",\"renderingHints\":{},\"name\":\"Title\",\"description\":\"Title of the content\",\"index\":2,\"inputType\":\"text\",\"label\":\"Title\",\"placeholder\":\"Enter Title For Book\",\"required\":true},{\"code\":\"description\",\"visible\":true,\"editable\":true,\"dataType\":\"text\",\"renderingHints\":{},\"name\":\"Description\",\"description\":\"Brief description\",\"index\":3,\"inputType\":\"textarea\",\"label\":\"Description\",\"placeholder\":\"Brief description about the Book\",\"required\":false},{\"code\":\"organisation\",\"dataType\":\"list\",\"name\":\"Organisation\",\"label\":\"Organisation\",\"description\":\"Organisation\",\"editable\":true,\"placeholder\":\"Organisation\",\"inputType\":\"select\",\"required\":true,\"visible\":true,\"renderingHints\":{},\"index\":4,\"depends\":[]},{\"code\":\"language\",\"dataType\":\"list\",\"name\":\"Language\",\"label\":\"Language\",\"description\":\"Language\",\"editable\":true,\"placeholder\":\"Language\",\"inputType\":\"select\",\"required\":true,\"visible\":true,\"renderingHints\":{},\"index\":5,\"depends\":[]},{\"code\":\"category\",\"dataType\":\"list\",\"name\":\"Category\",\"label\":\"Category\",\"description\":\"Category\",\"editable\":true,\"placeholder\":\"Category\",\"inputType\":\"select\",\"required\":false,\"visible\":true,\"renderingHints\":{},\"index\":6,\"depends\":[]}]}",2025-03-20 18:09:10.642+0000
*,*,content,questions,question-filter-view,*,2025-03-18 16:49:43.909+0000,"{\"templateName\":\"filterMetaDataTemplate\",\"action\":\"question-filter-view\",\"fields\":[{\"code\":\"primaryCategory\",\"dataType\":\"text\",\"description\":\"Collection Type\",\"editable\":false,\"index\":0,\"inputType\":\"text\",\"label\":\"Collection Type\",\"name\":\"Collection Type\",\"placeholder\":\"\",\"required\":true,\"visible\":true},{\"code\":\"additionalCategories\",\"dataType\":\"list\",\"description\":\"Additonal Category of the Content\",\"editable\":true,\"index\":1,\"inputType\":\"multiselect\",\"label\":\"Additional Category\",\"name\":\"Additional Category\",\"placeholder\":\"Select Additional Category\",\"renderingHints\":{},\"range\":[\"Textbook\",\"Lesson Plan\"],\"required\":false,\"visible\":true},{\"code\":\"name\",\"visible\":true,\"editable\":true,\"dataType\":\"text\",\"renderingHints\":{},\"name\":\"Name\",\"description\":\"Name of the content\",\"inputType\":\"text\",\"label\":\"Name\",\"placeholder\":\"Name\",\"required\":true,\"validation\":[{\"type\":\"max\",\"message\":\"Input is Exceded\",\"value\":\"120\"}]},{\"code\":\"description\",\"visible\":true,\"editable\":true,\"dataType\":\"text\",\"renderingHints\":{},\"name\":\"Description\",\"description\":\"Brief description\",\"inputType\":\"textarea\",\"label\":\"Description\",\"placeholder\":\"Description\",\"required\":false,\"validation\":[{\"type\":\"max\",\"message\":\"Input is Exceded\",\"value\":\"1000\"}]},{\"code\":\"keywords\",\"visible\":true,\"editable\":true,\"dataType\":\"list\",\"name\":\"Keywords\",\"description\":\"Keywords for the content\",\"inputType\":\"keywordsuggestion\",\"label\":\"keywords\",\"placeholder\":\"Enter Keywords\",\"required\":false},{\"code\":\"appicon\",\"visible\":true,\"editable\":true,\"dataType\":\"url\",\"renderingHints\":{},\"name\":\"App Icon\",\"description\":\"App Icon\",\"index\":6,\"inputType\":\"file\",\"label\":\"Icon\",\"placeholder\":\"App Icon\",\"required\":true},{\"code\":\"board\",\"visible\":true,\"depends\":[\"gradeLevel\",\"medium\",\"subject\",\"topic\"],\"editable\":true,\"dataType\":\"text\",\"renderingHints\":{},\"description\":\"Board\",\"index\":0,\"label\":\"Board/Syllabus\",\"required\":true,\"name\":\"Board/Syllabus\",\"inputType\":\"select\",\"placeholder\":\"Select Board/Syllabus\"},{\"code\":\"medium\",\"visible\":true,\"depends\":[\"gradeLevel\",\"subject\",\"topic\"],\"editable\":true,\"dataType\":\"list\",\"renderingHints\":{},\"description\":\"\",\"index\":1,\"label\":\"medium\",\"required\":true,\"name\":\"medium\",\"inputType\":\"multiselect\",\"placeholder\":\"Select Medium\"},{\"code\":\"gradeLevel\",\"visible\":true,\"depends\":[\"subject\",\"topic\"],\"editable\":true,\"dataType\":\"list\",\"renderingHints\":{},\"description\":\"Class\",\"index\":2,\"label\":\"Class\",\"required\":true,\"name\":\"Class\",\"inputType\":\"multiselect\",\"placeholder\":\"Select Class\"},{\"code\":\"subject\",\"visible\":true,\"depends\":[\"topic\"],\"editable\":true,\"dataType\":\"list\",\"renderingHints\":{},\"description\":\"\",\"index\":3,\"label\":\"Subject\",\"required\":true,\"name\":\"Subject\",\"inputType\":\"multiselect\",\"placeholder\":\"Select Subject\"},{\"code\":\"topic\",\"visible\":true,\"editable\":true,\"dataType\":\"list\",\"renderingHints\":{},\"name\":\"Topic\",\"description\":\"Choose a Topics\",\"index\":8,\"inputType\":\"topicselector\",\"label\":\"Topics\",\"placeholder\":\"Choose Topics\",\"required\":false},{\"code\":\"notes\",\"visible\":true,\"editable\":true,\"dataType\":\"text\",\"renderingHints\":{},\"name\":\"learningObjective\",\"description\":\"Add Notes\",\"index\":4,\"inputType\":\"text\",\"label\":\"Notes to teacher\",\"placeholder\":\"Add Notes\",\"required\":false},{\"code\":\"learningObjective\",\"visible\":true,\"editable\":true,\"dataType\":\"list\",\"renderingHints\":{},\"name\":\"learningObjective\",\"description\":\"Brief desciption about learning objective\",\"index\":5,\"inputType\":\"text\",\"label\":\"Learning objective\",\"placeholder\":\"Brief desciption about learning objective\",\"required\":false},{\"code\":\"duration\",\"visible\":true,\"editable\":true,\"dataType\":\"text\",\"renderingHints\":{},\"name\":\"duration\",\"description\":\"Duration of Lesson Plan\",\"index\":7,\"inputType\":\"number\",\"label\":\"Duration\",\"placeholder\":\"In minutes\",\"required\":false},{\"code\":\"year\",\"visible\":true,\"editable\":false,\"dataType\":\"text\",\"renderingHints\":{},\"name\":\"Year\",\"description\":\"\",\"index\":9,\"inputType\":\"select\",\"label\":\"Year\",\"placeholder\":\"Select Year\",\"required\":true},{\"code\":\"author\",\"visible\":true,\"editable\":true,\"dataType\":\"text\",\"renderingHints\":{},\"name\":\"Author\",\"description\":\"Original Author\",\"index\":12,\"inputType\":\"text\",\"label\":\"Original Author\",\"placeholder\":\"Author\",\"required\":false},{\"code\":\"attributions\",\"visible\":true,\"editable\":true,\"dataType\":\"list\",\"renderingHints\":{},\"name\":\"attribution\",\"description\":\"Attributions\",\"index\":13,\"inputType\":\"text\",\"label\":\"Attributions\",\"placeholder\":\"Attributions\",\"required\":false},{\"code\":\"copyright\",\"visible\":true,\"editable\":true,\"dataType\":\"text\",\"renderingHints\":{},\"name\":\"Copyright\",\"description\":\"Copyright\",\"index\":14,\"inputType\":\"text\",\"label\":\"Copyright\",\"placeholder\":\"Copyright\",\"required\":false},{\"code\":\"copyrightYear\",\"visible\":true,\"editable\":true,\"dataType\":\"number\",\"renderingHints\":{},\"description\":\"Year of Creation\",\"index\":15,\"label\":\"Year of Creation\",\"required\":true,\"name\":\"Year of Creation\",\"inputType\":\"number\",\"placeholder\":\"Enter Year of Creation\",\"validation\":[{\"type\":\"min\",\"message\":\"Maximum length of the year should be 4\",\"value\":\"4\"},{\"type\":\"max\",\"message\":\"Minimum length of the year should be 4\",\"value\":\"4\"}]},{\"code\":\"license\",\"visible\":true,\"editable\":true,\"dataType\":\"text\",\"renderingHints\":{},\"name\":\"license\",\"description\":\"License of the content\",\"index\":16,\"inputType\":\"licenses\",\"label\":\"license\",\"placeholder\":\"license\",\"required\":true},{\"code\":\"licenseterms\",\"visible\":true,\"editable\":true,\"defaultValue\":\"By creating any type of content (resources, books, courses etc.) on DIKSHA, you consent to publish it under the Creative Commons License Framework. Please choose the applicable creative commons license you wish to apply to your content.\",\"dataType\":\"text\",\"renderingHints\":{\"value\":{\"video/x-youtube\":\"By linking or uploading YouTube videos on DIKSHA, you consent to publishing it as per the terms of the YouTube video license. DIKSHA accepts only videos with YouTube Standard License or Creative Commons License.\"},\"class\":\"twelve wide field\"},\"description\":\"licenseterms\",\"index\":17,\"label\":\"License Terms\",\"required\":false,\"name\":\"licenseterms\",\"inputType\":\"label\",\"placeholder\":\"license\"}]}",
*,*,content,course,create,*,2025-03-19 10:30:00.990+0000,"{\"templateName\":\"defaultTemplate\",\"action\":\"create\",\"fields\":[{\"code\":\"name\",\"dataType\":\"text\",\"name\":\"Name\",\"label\":\"Name\",\"description\":\"Name\",\"editable\":true,\"placeholder\":\"Name\",\"inputType\":\"text\",\"required\":false,\"displayProperty\":\"Editable\",\"visible\":true,\"renderingHints\":{\"semanticColumnWidth\":\"twelve\"},\"index\":1},{\"code\":\"description\",\"dataType\":\"text\",\"name\":\"Description\",\"label\":\"Description\",\"description\":\"description\",\"editable\":true,\"placeholder\":\"Description\",\"inputType\":\"text\",\"required\":false,\"displayProperty\":\"Editable\",\"visible\":true,\"renderingHints\":{\"semanticColumnWidth\":\"twelve\"},\"index\":2}]}",
*,*,config,faq,reportissue,portal,2025-03-19 10:30:01.574+0000,"{\"templateName\":\"faqReportIssue\",\"action\":\"reportIssue\",\"fields\":[{\"code\":\"category\",\"type\":\"nested_select\",\"templateOptions\":{\"placeHolder\":\"Select Category\",\"multiple\":false,\"hidden\":false,\"options\":[{\"value\":\"content\",\"label\":\"Content\"},{\"value\":\"loginRegistration\",\"label\":\"Login/Registration\"},{\"value\":\"teacherTraining\",\"label\":\"Teacher Training\"},{\"value\":\"otherissues\",\"label\":\"Other Issues\",\"dataSrc\":{\"action\":\"telemetry\"}}]},\"validations\":[{\"type\":\"required\"}],\"children\":{\"otherissues\":[{\"code\":\"details\",\"type\":\"textarea\",\"context\":null,\"templateOptions\":{\"label\":\"Tell us more\",\"placeHolder\":\"Enter Details\"},\"validations\":[{\"type\":\"maxLength\",\"value\":1000}]}]}},{\"code\":\"subcategory\",\"context\":\"category\",\"type\":\"nested_select\",\"children\":{\"contentquality\":[{\"code\":\"details\",\"type\":\"textarea\",\"context\":null,\"templateOptions\":{\"label\":\"Tell us more\",\"placeHolder\":\"Enter Details\"},\"validations\":[{\"type\":\"maxLength\",\"value\":1000}]}],\"contentnotplaying\":[{\"code\":\"details\",\"type\":\"textarea\",\"context\":null,\"templateOptions\":{\"label\":\"Tell us more\",\"placeHolder\":\"Enter Details\"},\"validations\":[{\"type\":\"maxLength\",\"value\":1000}]}],\"contentavailability\":[{\"code\":\"details\",\"type\":\"textarea\",\"context\":null,\"templateOptions\":{\"label\":\"Tell us more\",\"placeHolder\":\"Enter Details\"},\"validations\":[{\"type\":\"maxLength\",\"value\":1000}]},{\"code\":\"notify\",\"type\":\"checkbox\",\"templateOptions\":{\"label\":\"Notify me on availability\"}}],\"contentotherissues\":[{\"code\":\"details\",\"type\":\"textarea\",\"context\":null,\"templateOptions\":{\"label\":\"Tell us more\",\"placeHolder\":\"Enter Details\"},\"validations\":[{\"type\":\"maxLength\",\"value\":1000}]}],\"otpissue\":[{\"code\":\"details\",\"type\":\"textarea\",\"context\":null,\"templateOptions\":{\"label\":\"Tell us more\",\"placeHolder\":\"Enter Details\"},\"validations\":[{\"type\":\"maxLength\",\"value\":1000}]}],\"profilevalidation\":[{\"code\":\"details\",\"type\":\"textarea\",\"context\":null,\"templateOptions\":{\"label\":\"Tell us more\",\"placeHolder\":\"Enter Details\"},\"validations\":[{\"type\":\"maxLength\",\"value\":1000}]}],\"profiledetails\":[{\"code\":\"details\",\"type\":\"textarea\",\"context\":null,\"templateOptions\":{\"label\":\"Tell us more\",\"placeHolder\":\"Enter Details\"},\"validations\":[{\"type\":\"maxLength\",\"value\":1000}]}],\"certificate\":[{\"code\":\"details\",\"type\":\"textarea\",\"context\":null,\"templateOptions\":{\"label\":\"Tell us more\",\"placeHolder\":\"Enter Details\"},\"validations\":[{\"type\":\"maxLength\",\"value\":1000}]}],\"teacherid\":[{\"code\":\"details\",\"type\":\"textarea\",\"context\":null,\"templateOptions\":{\"label\":\"Tell us more\",\"placeHolder\":\"Enter Details\"},\"validations\":[{\"type\":\"maxLength\",\"value\":1000}]}],\"profileotherissues\":[{\"code\":\"details\",\"type\":\"textarea\",\"context\":null,\"templateOptions\":{\"label\":\"Tell us more\",\"placeHolder\":\"Enter Details\"},\"validations\":[{\"type\":\"maxLength\",\"value\":1000}]}],\"teacherotherissues\":[{\"code\":\"details\",\"type\":\"textarea\",\"context\":null,\"templateOptions\":{\"label\":\"Tell us more\",\"placeHolder\":\"Enter Details\"},\"validations\":[{\"type\":\"maxLength\",\"value\":1000}]}]},\"templateOptions\":{\"placeHolder\":\"Select Subcategory\",\"multiple\":false,\"hidden\":false,\"options\":{\"loginRegistration\":[{\"value\":\"otpissue\",\"label\":\"OTP Issue\",\"dataSrc\":{\"action\":\"telemetry\"}},{\"value\":\"profilevalidation\",\"label\":\"Profile validation/No green tick on my profile\",\"dataSrc\":{\"action\":\"contactBoard\"}},{\"value\":\"profiledetails\",\"label\":\"Profile details incorrect\",\"dataSrc\":{\"action\":\"contactBoard\"}},{\"value\":\"certificate\",\"label\":\"Certificate related\",\"dataSrc\":{\"action\":\"contactBoard\"}},{\"value\":\"teacherid\",\"label\":\"Teacher id\",\"dataSrc\":{\"action\":\"contactBoard\"}},{\"value\":\"profileotherissues\",\"label\":\"Other issues\",\"dataSrc\":{\"action\":\"contactBoard\"}}],\"content\":[{\"value\":\"contentquality\",\"label\":\"Content Quality\",\"dataSrc\":{\"action\":\"telemetry\"}},{\"value\":\"contentnotplaying\",\"label\":\"Content not playing/downloading\",\"dataSrc\":{\"action\":\"telemetry\"}},{\"value\":\"contentavailability\",\"label\":\"Content availability\",\"dataSrc\":{\"action\":\"telemetry\"}},{\"value\":\"contentotherissues\",\"label\":\"Other Issues\",\"dataSrc\":{\"action\":\"telemetry\"}}],\"teacherTraining\":[{\"value\":\"profilevalidation\",\"label\":\"Profile validation/No green tick on my profile\",\"dataSrc\":{\"action\":\"contactBoard\"}},{\"value\":\"profiledetails\",\"label\":\"Profile details incorrect\",\"dataSrc\":{\"action\":\"contactBoard\"}},{\"value\":\"certificate\",\"label\":\"Certificate related\",\"dataSrc\":{\"action\":\"contactBoard\"}},{\"value\":\"teacherotherissues\",\"label\":\"Other issues\",\"dataSrc\":{\"action\":\"contactBoard\"}}]}}}]}",
*,*,content,home,search,*,,"{\"templateName\":\"defaultTemplate\",\"action\":\"search\",\"fields\":[{\"code\":\"medium\",\"dataType\":\"text\",\"name\":\"Medium\",\"label\":\"Medium\",\"description\":\"Mediumofinstruction\",\"editable\":true,\"inputType\":\"select\",\"required\":false,\"displayProperty\":\"Editable\",\"visible\":true,\"renderingHints\":{\"semanticColumnWidth\":\"four\"},\"index\":2},{\"code\":\"board\",\"dataType\":\"text\",\"name\":\"Board\",\"label\":\"Board\",\"description\":\"EducationBoard(LikeMPBoard,NCERT,etc)\",\"editable\":true,\"inputType\":\"select\",\"required\":false,\"displayProperty\":\"Editable\",\"visible\":true,\"renderingHints\":{\"semanticColumnWidth\":\"four\"},\"index\":1},{\"code\":\"gradeLevel\",\"dataType\":\"text\",\"name\":\"Class\",\"label\":\"Class\",\"description\":\"Grade\",\"editable\":true,\"inputType\":\"select\",\"required\":false,\"displayProperty\":\"Editable\",\"visible\":true,\"renderingHints\":{\"semanticColumnWidth\":\"four\"},\"index\":3},{\"code\":\"subject\",\"dataType\":\"text\",\"name\":\"Subject\",\"label\":\"Subject\",\"description\":\"SubjectoftheContenttousetoteach\",\"editable\":true,\"inputType\":\"select\",\"required\":false,\"displayProperty\":\"Editable\",\"visible\":true,\"renderingHints\":{\"semanticColumnWidth\":\"four\"},\"index\":4}]}",
*,*,config,usertype_v2,get,app,2025-03-19 10:29:18.059+0000,"{\"templateName\":\"usertype_v2\",\"action\":\"get\",\"fields\":[{\"code\":\"teacher\",\"name\":\"Teacher\",\"formConfig\":{\"request\":{\"type\":\"profileConfig\",\"subType\":\"default\",\"action\":\"get\"},\"url\":\"/api/data/v1/form\"},\"translations\":\"{\\\"en\\\":\\\"Teacher\\\",\\\"as\\\":\\\"শিক্ষক\\\",\\\"bn\\\":\\\"শিক্ষক\\\",\\\"gu\\\":\\\"શિક્ષક\\\",\\\"hi\\\":\\\"शिक्षक\\\",\\\"kn\\\":\\\"ಶಿಕ್ಷಕ/ಕಿ\\\",\\\"mr\\\":\\\"शिक्षक\\\",\\\"or\\\":\\\"ଶିକ୍ଷକ\\\",\\\"pa\\\":\\\"ਅਧਿਆਪਕ\\\",\\\"ta\\\":\\\"ஆசிரியர்\\\",\\\"te\\\":\\\"ఉపాధ్యాయుడు\\\",\\\"ur\\\":\\\"استاد\\\"}\",\"image\":\"ic_teacher.svg\",\"ambiguousFilters\":[\"teacher\",\"instructor\"],\"searchFilter\":[\"Teacher\",\"Instructor\"],\"attributes\":{\"mandatory\":[\"board\",\"medium\",\"gradeLevel\"],\"optional\":[\"subject\"]}},{\"code\":\"student\",\"name\":\"Student\",\"formConfig\":{\"request\":{\"type\":\"profileConfig\",\"subType\":\"default\",\"action\":\"get\"},\"url\":\"/api/data/v1/form\"},\"translations\":\"{\\\"en\\\":\\\"Student\\\",\\\"as\\\":\\\"শিক্ষাৰ্থী\\\",\\\"bn\\\":\\\"ছাত্র\\\",\\\"gu\\\":\\\"વિદ્યાર્થી\\\",\\\"hi\\\":\\\"विद्यार्थी\\\",\\\"kn\\\":\\\"ವಿದ್ಯಾರ್ಥಿ\\\",\\\"mr\\\":\\\"विद्यार्थी\\\",\\\"or\\\":\\\"ଛାତ୍ର ଛାତ୍ରୀ\\\",\\\"pa\\\":\\\"ਵਿਦਿਆਰਥੀ\\\",\\\"ta\\\":\\\"மாணவர்\\\",\\\"te\\\":\\\"విద్యార్థి\\\",\\\"ur\\\":\\\"طالب علم\\\"}\",\"image\":\"ic_student.svg\",\"ambiguousFilters\":[\"learner\",\"student\"],\"searchFilter\":[\"Student\",\"Learner\"],\"attributes\":{\"mandatory\":[\"board\",\"medium\",\"gradeLevel\"],\"optional\":[\"subject\"]}},{\"code\":\"administrator\",\"name\":\"HT & Officials\",\"formConfig\":{\"request\":{\"type\":\"profileConfig\",\"subType\":\"admin\",\"action\":\"get\"},\"url\":\"/api/data/v1/form\"},\"translations\":\"{\\\"en\\\":\\\"HT & Officials\\\",\\\"as\\\":\\\"বিদ্যালয়ৰ মুৰব্বী বা বিষয়াসকল\\\",\\\"bn\\\":\\\"বিদ্যালয়ের প্রধান বা কর্মকর্তা\\\",\\\"gu\\\":\\\"શાળાના વડા અથવા અધિકારીઓ\\\",\\\"hi\\\":\\\"स्कूल प्रमुख या अधिकारी\\\",\\\"kn\\\":\\\"ಶಾಲಾ ಮುಖ್ಯಸ್ಥರು ಅಥವಾ ಅಧಿಕಾರಿಗಳು\\\",\\\"mr\\\":\\\"शाळा प्रमुख किंवा अधिकारी\\\",\\\"or\\\":\\\"ସ୍କୁଲ ମୁଖ୍ୟ ଓ ଅଧିକାରୀ\\\",\\\"pa\\\":\\\"ਸਕੂਲ ਮੁਖੀ ਜਾਂ ਅਧਿਕਾਰੀ\\\",\\\"ta\\\":\\\"தலைமை ஆசிரியர் & அதிகாரிகள்\\\",\\\"te\\\":\\\"స్కూల్ హెడ్ లేదా అధికారులు\\\",\\\"ur\\\":\\\"اسکول سربراہ یا عہدیدار\\\"}\",\"image\":\"ic_admin.svg\",\"ambiguousFilters\":[],\"searchFilter\":[\"administrator\"],\"attributes\":{\"mandatory\":[\"board\"],\"optional\":[]}},{\"code\":\"parent\",\"name\":\"Parent\",\"formConfig\":{\"request\":{\"type\":\"profileConfig\",\"subType\":\"default\",\"action\":\"get\"},\"url\":\"/api/data/v1/form\"},\"translations\":\"{\\\"en\\\":\\\"Parent\\\"}\",\"image\":\"ic_parent.svg\",\"ambiguousFilters\":[],\"searchFilter\":[],\"attributes\":{\"mandatory\":[\"board\",\"medium\",\"gradeLevel\"],\"optional\":[\"subject\"]}}]}",
*,*,config,home_v5,get,app,2025-03-19 10:29:21.564+0000,"{\"templateName\":\"home_v5\",\"action\":\"get\",\"fields\":[{\"dataSrc\":{\"type\":\"TRACKABLE_COLLECTIONS\",\"request\":{\"type\":\"GET\",\"path\":\"/api/course/v1/user/enrollment/list/${userId}\",\"parameters\":{\"orgdetails\":\"orgName,email\",\"fields\":\"contentType,topic,name,channel,pkgVersion,primaryCategory,trackable\",\"batchDetails\":\"name,endDate,startDate,status,enrollmentType,createdBy,certificates\"},\"withBearerToken\":true,\"withUserToken\":true},\"mapping\":[]},\"sections\":[{\"index\":0,\"title\":\"{\\\"en\\\":\\\"My learning\\\"}\",\"isEnabled\":true,\"theme\":{\"component\":\"sb-course-cards-hlist\",\"inputs\":{\"type\":\"my_course_recently_viewed_card_grid\",\"hideProgress\":true,\"viewMoreButtonText\":\"{\\\"en\\\":\\\"View all\\\"}\",\"maxCardCount\":10,\"viewMoreButtonPosition\":\"right\"}}}]},{\"dataSrc\":{\"type\":\"CONTENT_DISCOVERY_BANNER\",\"params\":{\"config\":[{\"type\":\"filter\",\"code\":\"content_discovery_banner\",\"values\":[{\"code\":\"subject\",\"translations\":\"{\\\"en\\\":\\\"Subject\\\",\\\"as\\\":\\\"বিষয়\\\",\\\"bn\\\":\\\"বিষয়\\\",\\\"gu\\\":\\\"વિષય\\\",\\\"hi\\\":\\\"विषय\\\",\\\"kn\\\":\\\"ವಿಷಯ\\\",\\\"mr\\\":\\\"विषय\\\",\\\"or\\\":\\\"ବିଷୟ\\\",\\\"pa\\\":\\\"ਵਿਸ਼ਾ\\\",\\\"ta\\\":\\\"பாடம்\\\",\\\"te\\\":\\\"పాఠ్యాంశము\\\",\\\"ur\\\":\\\"مضامین\\\"}\",\"values\":[],\"name\":\"Subject\",\"index\":2,\"sort\":true},{\"code\":\"audience\",\"translations\":\"{\\\"en\\\":\\\"Role\\\"}\",\"values\":[],\"name\":\"Role\",\"index\":4}]}]},\"mapping\":[{\"code\":\"banner_search\",\"aggregate\":{\"groupBy\":\"subject\"},\"filterPillBy\":\"primaryCategory\"}],\"values\":[]},\"sections\":[{\"index\":1,\"code\":\"content_discovery_banner\",\"isEnabled\":false,\"title\":\"{\\\"en\\\":\\\"Featured\\\",\\\"as\\\":\\\"বিশেষভাৱে প্ৰস্তুত কৰা হৈছে\\\",\\\"bn\\\":\\\"বৈশিষ্ট্যযুক্ত\\\",\\\"gu\\\":\\\"વિશેષ\\\",\\\"hi\\\":\\\"विशेष रुप से प्रदर्शित\\\",\\\"kn\\\":\\\"ವಿಶೇಷವಾಗಿರುವುದು\\\",\\\"mr\\\":\\\"वैशिष्ट्यपूर्ण\\\",\\\"or\\\":\\\"ବିଶେଷିତ\\\",\\\"pa\\\":\\\"ਫੀਚਰਡ\\\",\\\"ta\\\":\\\"சிறப்பு\\\",\\\"te\\\":\\\"ఫీచర్ చేయబడింది\\\"}\",\"theme\":{\"component\":\"sb-banner-card-hlist\",\"inputs\":{}}}]},{\"dataSrc\":{\"type\":\"CONTENT_FACETS\",\"request\":{\"type\":\"POST\",\"path\":\"/api/content/v1/search\",\"withBearerToken\":true,\"body\":{\"request\":{\"limit\":0,\"offset\":0,\"mode\":\"hard\",\"facets\":[],\"filters\":{\"primaryCategory\":[\"Course\",\"Digital Textbook\",\"Explanation Content\"]}}}},\"params\":{\"config\":[{\"name\":\"primaryCategory\",\"mergeableAttributes\":[\"additionalCategories\"],\"values\":[{\"name\":\"TV Classes\",\"isAdditionalCategory\":true,\"code\":\"tvlessons\",\"searchCriteria\":{\"impliedFilters\":[{\"name\":\"primaryCategory\",\"values\":[{\"name\":\"Explanation Content\",\"apply\":true}]},{\"name\":\"additionalCategories\",\"values\":[{\"name\":\"TV Lesson\",\"apply\":true}]}]}},{\"name\":\"Digital Textbook\",\"code\":\"digitaltextbook\",\"searchCriteria\":{\"impliedFilters\":[{\"name\":\"primaryCategory\",\"values\":[{\"name\":\"Digital Textbook\",\"apply\":true}]}]}},{\"name\":\"Course\",\"code\":\"course\",\"searchCriteria\":{\"impliedFilters\":[{\"name\":\"primaryCategory\",\"values\":[{\"name\":\"Course\",\"apply\":true}]}]}}]},{\"type\":\"filter\",\"code\":\"browse_by_category\",\"values\":[{\"code\":\"subject\",\"translations\":\"{\\\"en\\\":\\\"Subject\\\",\\\"as\\\":\\\"বিষয়\\\",\\\"bn\\\":\\\"বিষয়\\\",\\\"gu\\\":\\\"વિષય\\\",\\\"hi\\\":\\\"विषय\\\",\\\"kn\\\":\\\"ವಿಷಯ\\\",\\\"mr\\\":\\\"विषय\\\",\\\"or\\\":\\\"ବିଷୟ\\\",\\\"pa\\\":\\\"ਵਿਸ਼ਾ\\\",\\\"ta\\\":\\\"பாடம்\\\",\\\"te\\\":\\\"పాఠ్యాంశము\\\",\\\"ur\\\":\\\"مضامین\\\"}\",\"values\":[],\"name\":\"Subject\",\"index\":2,\"sort\":true},{\"code\":\"audience\",\"translations\":\"{\\\"en\\\":\\\"Role\\\"}\",\"values\":[],\"name\":\"Role\",\"index\":4}]},{\"type\":\"filter\",\"code\":\"browse_by_subjects\",\"values\":[{\"code\":\"primaryCategory\",\"translations\":\"{\\\"en\\\":\\\"Category\\\"}\",\"values\":[],\"name\":\"Category\",\"index\":2},{\"code\":\"audience\",\"translations\":\"{\\\"en\\\":\\\"Role\\\"}\",\"values\":[],\"name\":\"Role\",\"index\":4}]},{\"type\":\"filterConfigIdentifier\",\"code\":\"browse_by_category\",\"values\":[{\"code\":\"Course\",\"filterIdentifier\":\"browse_by_category_course\"}]}]},\"mapping\":[{\"facet\":\"primaryCategory\",\"aggregate\":{\"groupBy\":\"subject\",\"groupSortBy\":[{\"name\":{\"order\":\"asc\",\"preference\":[\"English\",\"Mathematics\",\"Science\"]}}]},\"filterPillBy\":\"primaryCategory\"},{\"facet\":\"additionalCategories\",\"aggregate\":{\"groupBy\":\"primaryCategory\",\"groupSortBy\":[{\"name\":{\"order\":\"asc\"}}]}}]},\"sections\":[{\"index\":2,\"isEnabled\":true,\"code\":\"browse_by_category\",\"title\":\"{\\\"en\\\":\\\"Browse by category\\\"}\",\"description\":\"{\\\"en\\\":\\\"Browse by %category from all the boards and mediums on %appName\\\"}\",\"landingDetails\":{\"title\":\"{\\\"en\\\":\\\"Browse by %category\\\"}\",\"description\":\"{\\\"en\\\":\\\"Browse by %category from all the boards and mediums on %appName\\\"}\"},\"theme\":{\"component\":\"sb-pills-grid\",\"inputs\":{\"pillShape\":\"image_overlap\",\"pillsViewType\":\"scroll\",\"pillTextElipsis\":\"three_line\"},\"children\":{\"sb-pill-item\":{\"inputs\":{\"icon\":\"assets/imgs/all_content.svg\",\"theme\":{\"iconBgColor\":\"#FFFFFF\",\"pillBgColor\":\"#FFFFFF\"}},\"inputsMap\":{\"icon\":{\"digitaltextbooks\":\"assets/imgs/textbook.svg\",\"digitaltextbook\":\"assets/imgs/textbook.svg\",\"courses\":\"assets/imgs/course.svg\",\"course\":\"assets/imgs/course.svg\",\"tvprograms\":\"assets/imgs/tv.svg\",\"tvclasses\":\"assets/imgs/tv.svg\",\"tvlession\":\"assets/imgs/tv.svg\",\"documents\":\"assets/imgs/documents.svg\",\"videos\":\"assets/imgs/videos.svg\"}}}}}}]},{\"dataSrc\":{\"type\":\"CONTENT_FACETS\",\"request\":{\"type\":\"POST\",\"path\":\"/api/content/v1/search\",\"withBearerToken\":true,\"body\":{\"request\":{\"limit\":0,\"offset\":0,\"mode\":\"hard\",\"facets\":[],\"filters\":{\"contentType\":[\"Course\"],\"primaryCategory\":[\"Course\"],\"audience\":[\"Teacher\",\"Student\",\"Administrator\"]}}}},\"params\":{\"config\":[{\"name\":\"audience\",\"mergeableAttributes\":[],\"values\":[{\"name\":\"Teacher\",\"code\":\"teacher\",\"searchCriteria\":{\"impliedFilters\":[{\"name\":\"primaryCategory\",\"values\":[{\"name\":\"Course\",\"apply\":true}]},{\"name\":\"audience\",\"values\":[{\"name\":\"teacher\",\"apply\":true}]}]}},{\"name\":\"Student\",\"code\":\"student\",\"searchCriteria\":{\"impliedFilters\":[{\"name\":\"primaryCategory\",\"values\":[{\"name\":\"Course\",\"apply\":true}]},{\"name\":\"audience\",\"values\":[{\"name\":\"student\",\"apply\":true}]}]}},{\"name\":\"Administrator\",\"code\":\"administrator\",\"searchCriteria\":{\"impliedFilters\":[{\"name\":\"primaryCategory\",\"values\":[{\"name\":\"Course\",\"apply\":true}]},{\"name\":\"audience\",\"values\":[{\"name\":\"administrator\",\"apply\":true}]}]}},{\"name\":\"Parent\",\"code\":\"parent\",\"searchCriteria\":{\"impliedFilters\":[{\"name\":\"primaryCategory\",\"values\":[{\"name\":\"Course\",\"apply\":true}]},{\"name\":\"audience\",\"values\":[{\"name\":\"parent\",\"apply\":true}]}]}},{\"name\":\"Other\",\"code\":\"other\",\"searchCriteria\":{\"impliedFilters\":[{\"name\":\"primaryCategory\",\"values\":[{\"name\":\"Course\",\"apply\":true}]},{\"name\":\"audience\",\"values\":[{\"name\":\"other\",\"apply\":true}]}]}}]},{\"type\":\"filter\",\"code\":\"browse_by_audience\",\"values\":[{\"code\":\"subject\",\"translations\":\"{\\\"en\\\":\\\"Subject\\\",\\\"as\\\":\\\"বিষয়\\\",\\\"bn\\\":\\\"বিষয়\\\",\\\"gu\\\":\\\"વિષય\\\",\\\"hi\\\":\\\"विषय\\\",\\\"kn\\\":\\\"ವಿಷಯ\\\",\\\"mr\\\":\\\"विषय\\\",\\\"or\\\":\\\"ବିଷୟ\\\",\\\"pa\\\":\\\"ਵਿਸ਼ਾ\\\",\\\"ta\\\":\\\"பாடம்\\\",\\\"te\\\":\\\"పాఠ్యాంశము\\\",\\\"ur\\\":\\\"مضامین\\\"}\",\"values\":[],\"name\":\"Subject\",\"index\":2,\"sort\":true},{\"code\":\"audience\",\"translations\":\"{\\\"en\\\":\\\"Role\\\"}\",\"values\":[],\"name\":\"Role\",\"index\":4}]}]},\"mapping\":[{\"facet\":\"audience\",\"aggregate\":{\"groupBy\":\"subject\",\"groupSortBy\":[{\"name\":{\"order\":\"asc\",\"preference\":[\"English\",\"Mathematics\",\"Science\"]}}]},\"filterPillBy\":\"primaryCategory\"}]},\"sections\":[{\"index\":2,\"isEnabled\":true,\"code\":\"browse_by_audience\",\"title\":\"{\\\"en\\\":\\\"Browse contents by user type\\\"}\",\"description\":\"{\\\"en\\\":\\\"Browse %category usertype contents from all the boards and mediums on %appName\\\"}\",\"landingDetails\":{\"title\":\"{\\\"en\\\":\\\"Browse by User Type\\\"}\",\"description\":\"{\\\"en\\\":\\\"Browse by content matching your preferences\\\"}\"},\"component\":\"tag\",\"shape\":\"circle\",\"theme\":{\"component\":\"sb-pills-grid\",\"inputs\":{\"pillShape\":\"default\",\"pillsViewType\":\"scroll\",\"pillBorder\":\"round\",\"pillSize\":\"large\",\"pillTextElipsis\":\"one_line\"},\"children\":{\"sb-pill-item\":{\"inputs\":{\"icon\":\"assets/imgs/default_circle.png\",\"theme\":{\"iconBgColor\":\"#FFFFFF\",\"pillBgColor\":\"#FFFFFF\"}},\"inputsMap\":{\"icon\":{\"student\":\"assets/imgs/ic_student.svg\",\"teacher\":\"assets/imgs/ic_teacher.svg\",\"parent\":\"assets/imgs/ic_parent.svg\",\"administrator\":\"assets/imgs/ic_admin.svg\",\"other\":\"assets/imgs/ic_other.svg\"}}}}}}]},{\"dataSrc\":{\"type\":\"CONTENT_FACETS\",\"request\":{\"type\":\"POST\",\"path\":\"/api/content/v1/search\",\"withBearerToken\":true,\"body\":{\"request\":{\"limit\":0,\"offset\":0,\"mode\":\"hard\",\"facets\":[],\"filters\":{\"primaryCategory\":[\"Course\",\"Digital Textbook\",\"Explanation Content\"]}}}},\"params\":{\"config\":[{\"type\":\"filter\",\"code\":\"browse_by_subjects\",\"values\":[{\"code\":\"primaryCategory\",\"translations\":\"{\\\"en\\\":\\\"Category\\\"}\",\"values\":[],\"name\":\"Category\",\"index\":2},{\"code\":\"audience\",\"translations\":\"{\\\"en\\\":\\\"Role\\\"}\",\"values\":[],\"name\":\"Role\",\"index\":4}]}]},\"mapping\":[{\"facet\":\"subject\",\"aggregate\":{\"groupBy\":\"primaryCategory\",\"groupSortBy\":[{\"name\":{\"order\":\"asc\",\"preference\":[\"Digital Textbook\",\"Course\"]}}]},\"filterPillBy\":\"primaryCategory\"},{\"facet\":\"additionalCategories\",\"aggregate\":{\"groupBy\":\"primaryCategory\",\"groupSortBy\":[{\"name\":{\"order\":\"asc\"}}]}}]},\"sections\":[{\"index\":3,\"isEnabled\":true,\"code\":\"browse_by_subjects\",\"title\":\"{\\\"en\\\":\\\"Browse by subject\\\"}\",\"description\":\"{\\\"en\\\":\\\"Browse by digital textbooks, courses, videos and more  on %category\\\"}\",\"landingDetails\":{\"title\":\"{\\\"en\\\":\\\"Browse by %category\\\"}\",\"description\":\"{\\\"en\\\":\\\"Browse by digital textbooks, courses, videos and more  on %category\\\"}\"},\"theme\":{\"component\":\"sb-pills-grid\",\"inputs\":{\"pillShape\":\"default\",\"pillsViewType\":\"scroll\",\"minDisplayCount\":10,\"showMoreViewType\":\"new_screen\",\"viewMoreText\":\"{\\\"en\\\":\\\"View all subjects\\\"}\",\"viewLessText\":\"{\\\"en\\\":\\\"View Less\\\"}\",\"pillsMultiRow\":\"double_view_column\",\"pillSize\":\"medium\",\"pillBorder\":\"semi_round\",\"pillTextElipsis\":\"two_line\"},\"children\":{\"sb-pill-item\":{\"inputs\":{\"icon\":\"assets/imgs/book_default.svg\"},\"inputsMap\":{\"icon\":{\"german\":\"assets/imgs/book_english.svg\",\"mathematics\":\"assets/imgs/calculator.svg\",\"science\":\"assets/imgs/globe.svg\"},\"theme\":{\"german\":{\"iconBgColor\":\"rgba(255,139,46,1)\",\"pillBgColor\":\"rgba(255,139,46,0.3)\"},\"mathematics\":{\"iconBgColor\":\"rgba(163,99,255,1)\",\"pillBgColor\":\"rgba(163,99,255,0.3)\"},\"science\":{\"iconBgColor\":\"rgba(34,139,255,1)\",\"pillBgColor\":\"rgba(34,139,255,0.3)\"}}}}}}}]},{\"dataSrc\":{\"type\":\"CONTENTS\",\"request\":{\"type\":\"POST\",\"path\":\"/api/content/v1/search\",\"withBearerToken\":true,\"withUserToken\":true,\"body\":{\"request\":{\"limit\":0,\"offset\":0,\"mode\":\"hard\",\"facets\":[\"primaryCategory\"],\"filters\":{\"contentType\":[\"Course\"],\"primaryCategory\":[\"Course\"],\"batches.enrollmentType\":\"open\",\"batches.status\":[1],\"status\":[\"Live\"]}}}},\"mapping\":[{\"aggregate\":{\"groupBy\":\"course\",\"sortBy\":[{\"lastPublishedOn\":\"desc\"}]},\"index\":0}]},\"sections\":[{\"index\":4,\"title\":\"{\\\"en\\\":\\\"Recently published courses\\\"}\",\"isEnabled\":true,\"theme\":{\"component\":\"sb-library-cards-hlist\",\"inputs\":{\"type\":\"course_card_grid\",\"hideProgress\":true,\"viewMoreButtonText\":\"{\\\"en\\\":\\\"View all\\\"}\"}}}]}]}",
*,*,content,*,question-filter-view,*,2025-03-19 10:29:13.714+0000,"{\"templateName\":\"filterMetaDataTemplate\",\"action\":\"question-filter-view\",\"fields\":[{\"code\":\"searchText\",\"visible\":true,\"editable\":true,\"dataType\":\"text\",\"renderingHints\":{},\"name\":\"Search\",\"description\":\" by question title\",\"index\":0,\"inputType\":\"text\",\"label\":\"Search\",\"placeholder\":\"Search by question title\",\"required\":false},{\"code\":\"level\",\"visible\":true,\"editable\":true,\"dataType\":\"text\",\"renderingHints\":{},\"description\":\"Add Notes\",\"index\":2,\"range\":[\"EASY\",\"MEDIUM\",\"DIFFICULT\"],\"label\":\"Difficulty\",\"required\":false,\"name\":\"level\",\"inputType\":\"select\",\"placeholder\":\"Select Level\"},{\"code\":\"questionType\",\"visible\":true,\"editable\":true,\"dataType\":\"list\",\"renderingHints\":{},\"description\":\"Class\",\"index\":3,\"range\":[\"Multiple Choice Questions\",\"Fill in the Blanks\",\"Match the Following\"],\"label\":\"Question Type\",\"required\":false,\"name\":\"Question Type\",\"inputType\":\"multiselect\",\"placeholder\":\"Question Type\"},{\"code\":\"board\",\"visible\":true,\"depends\":[\"medium\",\"gradeLevel\",\"subject\",\"topic\"],\"editable\":true,\"displayProperty\":\"Editable\",\"dataType\":\"text\",\"renderingHints\":{\"semanticColumnWidth\":\"four\"},\"description\":\"Board\",\"index\":4,\"label\":\"Board/Syllabus\",\"required\":false,\"name\":\"Board/Syllabus\",\"inputType\":\"select\",\"placeholder\":\"Select Board/Syllabus\"},{\"code\":\"medium\",\"visible\":true,\"depends\":[\"gradeLevel\",\"subject\",\"topic\"],\"editable\":true,\"dataType\":\"text\",\"renderingHints\":{},\"description\":\"\",\"index\":5,\"label\":\"Medium\",\"required\":false,\"name\":\"Medium\",\"inputType\":\"select\",\"placeholder\":\"Select Medium\"},{\"code\":\"gradeLevel\",\"visible\":true,\"depends\":[\"subject\",\"topic\"],\"editable\":true,\"dataType\":\"list\",\"renderingHints\":{},\"description\":\"Class\",\"index\":6,\"label\":\"Class\",\"required\":false,\"name\":\"Class\",\"inputType\":\"multiselect\",\"placeholder\":\"Select Class\"},{\"code\":\"subject\",\"visible\":true,\"depends\":[\"topic\"],\"editable\":true,\"dataType\":\"text\",\"renderingHints\":{},\"description\":\"\",\"index\":7,\"label\":\"Subject\",\"required\":false,\"name\":\"Subject\",\"inputType\":\"select\",\"placeholder\":\"Select Subject\"},{\"code\":\"topic\",\"visible\":true,\"editable\":true,\"dataType\":\"list\",\"renderingHints\":{},\"name\":\"Topic\",\"description\":\"Choose a Topics\",\"index\":8,\"inputType\":\"topicselector\",\"label\":\"Topics\",\"placeholder\":\"Choose Topics\",\"required\":false},{\"code\":\"myQuestions\",\"visible\":true,\"editable\":true,\"dataType\":\"toggle\",\"renderingHints\":{},\"name\":\"My Questions\",\"description\":\"My Questions\",\"index\":9,\"inputType\":\"checkbox\",\"label\":\"My Questions\",\"placeholder\":\"My Questions\",\"required\":false}]}",
*,*,config,usertype,get,portal,2025-03-19 10:29:52.160+0000,"{\"templateName\":\"userType\",\"fields\":[{\"code\":\"teacher\",\"name\":\"Teacher\",\"label\":\"frmelmnts.lbl.teacher\",\"visibility\":true,\"image\":\"guest-img1.svg\",\"index\":0,\"searchFilter\":[\"Teacher\",\"Instructor\"]},{\"code\":\"student\",\"name\":\"Student\",\"visibility\":true,\"label\":\"frmelmnts.lbl.student\",\"image\":\"guest-img2.svg\",\"index\":1,\"searchFilter\":[\"Student\",\"Learner\"]},{\"code\":\"administrator\",\"name\":\"School head OR Officials\",\"index\":3,\"visibility\":true,\"label\":\"frmelmnts.lbl.administrator\",\"image\":\"guest-img5.svg\",\"searchFilter\":[\"administrator\"]},{\"code\":\"parent\",\"name\":\"Parent\",\"index\":2,\"visibility\":true,\"label\":\"frmelmnts.lbl.parent\",\"image\":\"guest-img4.svg\",\"searchFilter\":[\"Student\",\"Teacher\",\"Instructor\",\"Learner\"]},{\"code\":\"other\",\"name\":\"Other\",\"visibility\":true,\"index\":4,\"label\":\"frmelmnts.lbl.other\",\"image\":\"guest-img3.svg\",\"searchFilter\":[\"Student\",\"Teacher\",\"Instructor\",\"Learner\"]}]}",
0143146729170944000,FMPS,profileconfig_v2,*,get,*,2025-03-25 07:36:56.750+0000,"{\"templateName\":\"defaultTemplate\",\"action\":\"get\",\"fields\":[{\"code\":\"name\",\"type\":\"input\",\"templateOptions\":{\"labelHtml\":{\"contents\":\"<span>$0&nbsp;<span class=\\\"required-asterisk\\\">*</span></span>\",\"values\":{\"$0\":\"Name\"}},\"hidden\":true,\"placeHolder\":\"Enter Name\",\"multiple\":false},\"validations\":[{\"type\":\"required\"}]},{\"code\":\"trainingGroup\",\"type\":\"input\",\"templateOptions\":{\"labelHtml\":{\"contents\":\"<span>$0&nbsp;<span class=\\\"required-asterisk\\\">*</span></span>\",\"values\":{\"$0\":\"Training Group\"}},\"hidden\":false,\"placeHolder\":\"Training Group\",\"multiple\":false},\"validations\":[{\"type\":\"required\"}]},{\"code\":\"email\",\"type\":\"input\",\"templateOptions\":{\"hidden\":false,\"labelHtml\":{\"contents\":\"<span>$0&nbsp;<span class=\\\"required-asterisk\\\">*</span></span>\",\"values\":{\"$0\":\"Email\"}},\"placeHolder\":\"Enter Email\",\"multiple\":false,\"themeType\":\"material\"},\"validations\":[{\"type\":\"required\"}]},{\"code\":\"cin\",\"type\":\"input\",\"templateOptions\":{\"hidden\":false,\"placeHolder\":\"Enter CIN\",\"multiple\":false,\"themeType\":\"material\"}},{\"code\":\"idfmps\",\"type\":\"input\",\"templateOptions\":{\"hidden\":false,\"placeHolder\":\"Enter ID FMPS\",\"multiple\":false,\"themeType\":\"material\"}},{\"code\":\"province\",\"type\":\"select\",\"templateOptions\":{\"hidden\":false,\"placeHolder\":\"Select Province\",\"multiple\":false,\"themeType\":\"material\",\"options\":[{\"label\":\"Al Hoceïma\",\"value\":\"Al Hoceïma\"},{\"label\":\"Chefchaouen\",\"value\":\"Chefchaouen\"},{\"label\":\"Fahs-Anjra\",\"value\":\"Fahs-Anjra\"},{\"label\":\"Larache\",\"value\":\"Larache\"},{\"label\":\"M’diq-Fnideq\",\"value\":\"M’diq-Fnideq\"},{\"label\":\"Ouezzane\",\"value\":\"Ouezzane\"},{\"label\":\"Tanger-Assilah\",\"value\":\"Tanger-Assilah\"},{\"label\":\"Tétouan\",\"value\":\"Tétouan\"},{\"label\":\"Berkane\",\"value\":\"Berkane\"},{\"label\":\"Driouch\",\"value\":\"Driouch\"},{\"label\":\"Figuig\",\"value\":\"Figuig\"},{\"label\":\"Guercif\",\"value\":\"Guercif\"},{\"label\":\"Jerada\",\"value\":\"Jerada\"},{\"label\":\"Nador\",\"value\":\"Nador\"},{\"label\":\"Oujda-Angad\",\"value\":\"Oujda-Angad\"},{\"label\":\"Taourirt\",\"value\":\"Taourirt\"},{\"label\":\"Boulemane\",\"value\":\"Boulemane\"},{\"label\":\"El Hajeb\",\"value\":\"El Hajeb\"},{\"label\":\"Fès\",\"value\":\"Fès\"},{\"label\":\"Ifrane\",\"value\":\"Ifrane\"},{\"label\":\"Meknès\",\"value\":\"Meknès\"},{\"label\":\"Moulay Yacoub\",\"value\":\"Moulay Yacoub\"},{\"label\":\"Sefrou\",\"value\":\"Sefrou\"},{\"label\":\"Taza\",\"value\":\"Taza\"},{\"label\":\"Kénitra\",\"value\":\"Kénitra\"},{\"label\":\"Khémisset\",\"value\":\"Khémisset\"},{\"label\":\"Rabat\",\"value\":\"Rabat\"},{\"label\":\"Salé\",\"value\":\"Salé\"},{\"label\":\"Sidi Kacem\",\"value\":\"Sidi Kacem\"},{\"label\":\"Sidi Slimane\",\"value\":\"Sidi Slimane\"},{\"label\":\"Azilal\",\"value\":\"Azilal\"},{\"label\":\"Béni Mellal\",\"value\":\"Béni Mellal\"},{\"label\":\"Fquih Ben Salah\",\"value\":\"Fquih Ben Salah\"},{\"label\":\"Khénifra\",\"value\":\"Khénifra\"},{\"label\":\"Khouribga\",\"value\":\"Khouribga\"},{\"label\":\"Benslimane\",\"value\":\"Benslimane\"},{\"label\":\"Berrechid\",\"value\":\"Berrechid\"},{\"label\":\"Casablanca\",\"value\":\"Casablanca\"},{\"label\":\"El Jadida\",\"value\":\"El Jadida\"},{\"label\":\"Médiouna\",\"value\":\"Médiouna\"},{\"label\":\"Mohammedia\",\"value\":\"Mohammedia\"},{\"label\":\"Nouaceur\",\"value\":\"Nouaceur\"},{\"label\":\"Settat\",\"value\":\"Settat\"},{\"label\":\"Sidi Bennour\",\"value\":\"Sidi Bennour\"},{\"label\":\"Al Haouz\",\"value\":\"Al Haouz\"},{\"label\":\"Chichaoua\",\"value\":\"Chichaoua\"},{\"label\":\"El Kelâa des Sraghna\",\"value\":\"El Kelâa des Sraghna\"},{\"label\":\"Essaouira\",\"value\":\"Essaouira\"},{\"label\":\"Marrakech\",\"value\":\"Marrakech\"},{\"label\":\"Rehamna\",\"value\":\"Rehamna\"},{\"label\":\"Safi\",\"value\":\"Safi\"},{\"label\":\"Youssoufia\",\"value\":\"Youssoufia\"},{\"label\":\"Errachidia\",\"value\":\"Errachidia\"},{\"label\":\"Midelt\",\"value\":\"Midelt\"},{\"label\":\"Ouarzazate\",\"value\":\"Ouarzazate\"},{\"label\":\"Tinghir\",\"value\":\"Tinghir\"},{\"label\":\"Zagora\",\"value\":\"Zagora\"},{\"label\":\"Agadir-Ida Ou Tanane\",\"value\":\"Agadir-Ida Ou Tanane\"},{\"label\":\"Chtouka-Aït Baha\",\"value\":\"Chtouka-Aït Baha\"},{\"label\":\"Inezgane-Aït Melloul\",\"value\":\"Inezgane-Aït Melloul\"},{\"label\":\"Taroudannt\",\"value\":\"Taroudannt\"},{\"label\":\"Tata\",\"value\":\"Tata\"},{\"label\":\"Tiznit\",\"value\":\"Tiznit\"},{\"label\":\"Assa-Zag\",\"value\":\"Assa-Zag\"},{\"label\":\"Guelmim\",\"value\":\"Guelmim\"},{\"label\":\"Sidi Ifni\",\"value\":\"Sidi Ifni\"},{\"label\":\"Tan-Tan\",\"value\":\"Tan-Tan\"},{\"label\":\"Boujdour\",\"value\":\"Boujdour\"},{\"label\":\"Es-Semara\",\"value\":\"Es-Semara\"},{\"label\":\"Laâyoune\",\"value\":\"Laâyoune\"},{\"label\":\"Tarfaya\",\"value\":\"Tarfaya\"},{\"label\":\"Aousserd\",\"value\":\"Aousserd\"},{\"label\":\"Oued Ed-Dahab\",\"value\":\"Oued Ed-Dahab\"}]}},{\"code\":\"category\",\"type\":\"select\",\"templateOptions\":{\"hidden\":false,\"placeHolder\":\"Select Category\",\"multiple\":false,\"themeType\":\"material\",\"options\":[]}},{\"code\":\"TrainingGroup\",\"type\":\"select\",\"templateOptions\":{\"hidden\":false,\"placeHolder\":\"Select Training \xa0Group\",\"multiple\":false,\"themeType\":\"material\",\"options\":[]}}]}",
*,*,customresourcebundles,global,list,*,2025-03-19 10:30:13.118+0000,"{\"defaultLanguage\":\"en\",\"en\":{\"frameworkCategory1\":\"Board\",\"frameworkCategory2\":\"Medium\",\"frameworkCategory3\":\"Grade\",\"frameworkCategory4\":\"Subject\"},\"hi\":{\"frameworkCategory1\":\"संगठन\",\"frameworkCategory2\":\"भूमिका\"}}",
*,*,config,deeplink,get,*,2025-03-19 10:29:36.520+0000,"{\"templateName\":\"deeplink\",\"action\":\"get\",\"fields\":[{\"name\":\"Dialcode parser\",\"code\":\"dialcode\",\"pattern\":\"(/dial/(?<sunbird>[a-zA-Z0-9]+)|(/QR/\\\\?id=(?<epathshala>[a-zA-Z0-9]+)))\",\"route\":\"search\"},{\"name\":\"content deatil\",\"code\":\"contentDetail\",\"pattern\":\"(?:/(?:resources/play/content|play/content|play/quiz)/(?<quizId>\\\\w+))\",\"route\":\"content-details\"},{\"name\":\"Textbook detail\",\"code\":\"textbookDetail\",\"pattern\":\"(?:/play/(?:collection)/(?<content_id>\\\\w+))\",\"route\":\"collection-detail-etb\",\"priority\":2},{\"name\":\"Textbook content detail\",\"code\":\"textbookContentDetail\",\"pattern\":\"(?:/play/(?:collection)/(?<content_id>\\\\w+)\\\\?(?=.*\\\\bcontentId\\\\b=(?<contentId>([^&]*)).*))\",\"route\":\"collection-detail-etb\",\"priority\":1},{\"name\":\"Course Detail\",\"code\":\"courseDetail\",\"pattern\":\"(?:/(?:explore-course|learn)/course/(?<course_id>\\\\w+))\",\"route\":\"enrolled-course-details\",\"priority\":3},{\"name\":\"Module Detail\",\"code\":\"moduleDetail\",\"pattern\":\"(?:/(?:explore-course|learn)/course/(?<course_id>\\\\w+)\\\\?(?=.*\\\\bmoduleId\\\\b=(?<moduleId>([^&]*)).*))\",\"route\":\"module-details\",\"priority\":1},{\"name\":\"Course Content Detail\",\"code\":\"courseContentDetail\",\"pattern\":\"(?:/(?:explore-course|learn)/course/(?<course_id>\\\\w+)\\\\?(?=.*\\\\bcontentId\\\\b=(?<contentId>([^&]*)).*))\",\"route\":\"course-content-details\",\"priority\":2},{\"name\":\"Library\",\"code\":\"library\",\"pattern\":\"/(resources|explore)$\",\"route\":\"tabs/resources\"},{\"name\":\"TakeSurvey\",\"code\":\"takeSurvey\",\"pattern\":\"/manage-learn/take-survey/(?<survey_id>\\\\w+)\",\"route\":\"survey\"},{\"name\":\"Create Observation\",\"code\":\"createObservation\",\"pattern\":\"/manage-learn/create-observation/(?<create_observation_id>\\\\w+)\",\"route\":\"deeplink-redirect/observationLink\"},{\"name\":\"Create Project\",\"code\":\"createProject\",\"pattern\":\"/manage-learn/create-project/(?<create_project_id>\\\\w+)\",\"route\":\"deeplink-redirect/projectLink\"},{\"name\":\"Observation\",\"code\":\"observation\",\"pattern\":\"/manage-learn/observation/(?<observation_id>\\\\w+)\",\"route\":\"content-details\",\"priority\":6},{\"name\":\"Reports\",\"code\":\"report\",\"pattern\":\"/manage-learn/observation/reports/(?<report_id>\\\\w+)\",\"route\":\"content-details\",\"priority\":5},{\"name\":\"Profile\",\"code\":\"profile\",\"pattern\":\"/(profile)$\",\"route\":\"tabs/profile\"},{\"name\":\"Guest Profile\",\"code\":\"guest-profile\",\"pattern\":\"/(guest-profile)$\",\"route\":\"tabs/guest-profile\"},{\"name\":\"FAQ\",\"code\":\"faq\",\"pattern\":\"/(faq)$\",\"route\":\"faq-help\"},{\"name\":\"Content attributes\",\"code\":\"attributes\",\"pattern\":\"\",\"route\":\"\",\"params\":{\"attributes\":[{\"code\":\"attributions\",\"type\":\"Array\"},{\"code\":\"author\",\"type\":\"String\"},{\"code\":\"compatibilityLevel\",\"type\":\"String\"},{\"code\":\"contentDisposition\",\"type\":\"String\"},{\"code\":\"contentEncoding\",\"type\":\"String\"},{\"code\":\"createdBy\",\"type\":\"String\"},{\"code\":\"createdFor\",\"type\":\"Array\"},{\"code\":\"dialcodes\",\"type\":\"String\"},{\"code\":\"language\",\"type\":\"Array\"},{\"code\":\"organisation\",\"type\":\"Array\"},{\"code\":\"organization\",\"type\":\"Array\"},{\"code\":\"rating\",\"type\":\"String\"},{\"code\":\"resourceType\",\"type\":\"Array\"},{\"code\":\"targetFWIds\",\"type\":\"Array\"},{\"code\":\"targetBoardIds\",\"type\":\"Array\"},{\"code\":\"targetGradeLevelIds\",\"type\":\"Array\"},{\"code\":\"targetMediumIds\",\"type\":\"Array\"},{\"code\":\"targetSubjectIds\",\"type\":\"Array\"},{\"code\":\"targetTopicIds\",\"type\":\"Array\"},{\"code\":\"userConsent\",\"type\":\"String\"},{\"code\":\"visibility\",\"type\":\"Array\"},{\"code\":\"medium\",\"type\":\"Array\"},{\"code\":\"gradeLevel\",\"type\":\"Array\"},{\"code\":\"board\",\"type\":\"Array\"},{\"code\":\"subject\",\"type\":\"Array\"},{\"code\":\"primaryCategory\",\"type\":\"Array\"},{\"code\":\"audience\",\"type\":\"Array\"},{\"code\":\"channel\",\"type\":\"Array\"},{\"code\":\"mimeType\",\"type\":\"Array\",\"proxyCode\":\"mediaType\",\"filter\":\"custom\"}]}},{\"name\":\"Search Course\",\"code\":\"searchCourse\",\"pattern\":\"/(explore-course|learn)(\\\\?.*|$)\",\"route\":\"tabs/search\",\"priority\":4,\"params\":{\"key\":\"key\",\"data\":[{\"code\":\"primaryCategory\",\"values\":[\"Course\",\"Course Assessment\"],\"type\":\"default\"}]}},{\"name\":\"Search Textbook\",\"code\":\"searchTextbook\",\"pattern\":\"/(resources|explore)(\\\\?.*selectedTab=textbook|$)\",\"route\":\"search\",\"priority\":2,\"params\":{\"key\":\"key\",\"data\":[{\"code\":\"primaryCategory\",\"values\":[\"Digital Textbook\",\"eTextbook\"],\"type\":\"default\"}]}},{\"name\":\"Search TV Program\",\"code\":\"searchTvProgram\",\"pattern\":\"/(resources|explore)\\\\?.*selectedTab=tvProgram\",\"route\":\"search\",\"priority\":2,\"params\":{\"key\":\"key\",\"data\":[{\"code\":\"primaryCategory\",\"values\":[\"TVLesson\"],\"type\":\"default\"}]}},{\"name\":\"Search\",\"code\":\"searchAll\",\"pattern\":\"/(search/Library|explore)/1(\\\\?.*|$)\",\"route\":\"search\",\"priority\":1,\"params\":{\"key\":\"key\",\"data\":[{\"code\":\"primaryCategory\",\"values\":[\"Collection\",\"Resource\",\"Content Playlist\",\"Course\",\"Course Assessment\",\"Digital Textbook\",\"eTextbook\",\"Explanation Content\",\"Learning Resource\",\"Practice Question Set\",\"Teacher Resource\",\"LessonPlan\",\"FocusSpot\",\"Learning Outcome Definition\",\"Curiosity Questions\",\"MarkingSchemeRubric\",\"ExplanationResource\",\"ExperientialResource\",\"Practice Resource\",\"TVLesson\"],\"type\":\"default\"},{\"code\":\"mimeType\",\"values\":[{\"name\":\"all\",\"options\":[\"application/vnd.ekstep.ecml-archive\",\"application/vnd.ekstep.html-archive\",\"application/vnd.android.package-archive\",\"application/vnd.ekstep.content-archive\",\"application/vnd.ekstep.content-collection\",\"application/vnd.ekstep.plugin-archive\",\"application/vnd.ekstep.h5p-archive\",\"application/epub\",\"text/x-url\",\"video/x-youtube\",\"application/octet-stream\",\"application/msword\",\"application/pdf\",\"image/jpeg\",\"image/jpg\",\"image/png\",\"image/tiff\",\"image/bmp\",\"image/gif\",\"image/svg+xml\",\"video/avi\",\"video/mpeg\",\"video/quicktime\",\"video/3gpp\",\"video/mpeg\",\"video/mp4\",\"video/ogg\",\"video/webm\",\"audio/mp3\",\"audio/mp4\",\"audio/mpeg\",\"audio/ogg\",\"audio/webm\",\"audio/x-wav\",\"audio/wav\"]},{\"name\":\"video\",\"options\":[\"video/avi\",\"video/mpeg\",\"video/quicktime\",\"video/3gpp\",\"video/mpeg\",\"video/mp4\",\"video/ogg\",\"video/webm\"]},{\"name\":\"documents\",\"options\":[\"application/pdf\",\"application/epub\",\"application/msword\"]},{\"name\":\"interactive\",\"options\":[\"application/vnd.ekstep.ecml-archive\",\"application/vnd.ekstep.h5p-archive\",\"application/vnd.ekstep.html-archive\"]},{\"name\":\"audio\",\"options\":[\"audio/mp3\",\"audio/mp4\",\"audio/mpeg\",\"audio/ogg\",\"audio/webm\",\"audio/x-wav\",\"audio/wav\"]}],\"type\":\"custom\"}]}}]}",
*,*,content,lessonplan,save,*,2025-03-18 16:49:44.830+0000,"{\"templateName\":\"defaultTemplate\",\"action\":\"save\",\"fields\":[{\"code\":\"name\",\"visible\":true,\"editable\":true,\"dataType\":\"text\",\"renderingHints\":{},\"name\":\"Name\",\"description\":\"Name of the content\",\"inputType\":\"text\",\"label\":\"Name\",\"placeholder\":\"Name\",\"required\":true,\"validation\":[{\"type\":\"max\",\"message\":\"Input is Exceded\",\"value\":\"120\"}]},{\"code\":\"description\",\"visible\":true,\"editable\":true,\"dataType\":\"text\",\"renderingHints\":{},\"name\":\"Description\",\"description\":\"Brief description\",\"inputType\":\"textarea\",\"label\":\"Description\",\"placeholder\":\"Description\",\"required\":false,\"validation\":[{\"type\":\"max\",\"message\":\"Input is Exceded\",\"value\":\"1000\"}]},{\"code\":\"keywords\",\"visible\":true,\"editable\":true,\"dataType\":\"list\",\"name\":\"Keywords\",\"description\":\"Keywords for the content\",\"inputType\":\"keywordsuggestion\",\"label\":\"keywords\",\"placeholder\":\"Enter Keywords\",\"required\":false},{\"code\":\"primaryCategory\",\"dataType\":\"text\",\"description\":\"Collection Type\",\"editable\":false,\"index\":0,\"inputType\":\"text\",\"label\":\"Collection Type\",\"name\":\"Collection Type\",\"placeholder\":\"\",\"required\":true,\"visible\":true},{\"code\":\"additionalCategories\",\"dataType\":\"list\",\"description\":\"Additonal Category of the Content\",\"editable\":true,\"index\":1,\"inputType\":\"multiselect\",\"label\":\"Additional Category\",\"name\":\"Additional Category\",\"placeholder\":\"Select Additional Category\",\"renderingHints\":{},\"range\":[\"Textbook\",\"Lesson Plan\"],\"required\":false,\"visible\":true},{\"code\":\"appicon\",\"visible\":true,\"editable\":true,\"dataType\":\"url\",\"renderingHints\":{},\"name\":\"App Icon\",\"description\":\"App Icon\",\"inputType\":\"file\",\"label\":\"Icon\",\"placeholder\":\"App Icon\",\"required\":true},{\"code\":\"board\",\"visible\":true,\"depends\":[\"gradeLevel\",\"medium\",\"subject\",\"topic\"],\"editable\":true,\"dataType\":\"text\",\"renderingHints\":{},\"description\":\"Board\",\"index\":2,\"label\":\"Board/Syllabus\",\"required\":true,\"name\":\"Board/Syllabus\",\"inputType\":\"select\",\"placeholder\":\"Select Board/Syllabus\"},{\"code\":\"medium\",\"visible\":true,\"depends\":[\"gradeLevel\",\"subject\",\"topic\"],\"editable\":true,\"dataType\":\"list\",\"renderingHints\":{},\"description\":\"\",\"index\":3,\"label\":\"medium\",\"required\":true,\"name\":\"medium\",\"inputType\":\"multiselect\",\"placeholder\":\"Select Medium\"},{\"code\":\"gradeLevel\",\"visible\":true,\"depends\":[\"subject\",\"topic\"],\"editable\":true,\"dataType\":\"list\",\"renderingHints\":{},\"description\":\"Class\",\"index\":4,\"label\":\"Class\",\"required\":true,\"name\":\"Class\",\"inputType\":\"multiselect\",\"placeholder\":\"Select Class\"},{\"code\":\"subject\",\"visible\":true,\"depends\":[\"topic\"],\"editable\":true,\"dataType\":\"list\",\"renderingHints\":{},\"description\":\"\",\"index\":5,\"label\":\"Subject\",\"required\":true,\"name\":\"Subject\",\"inputType\":\"multiselect\",\"placeholder\":\"Select Subject\"},{\"code\":\"topic\",\"visible\":true,\"editable\":true,\"dataType\":\"list\",\"renderingHints\":{},\"name\":\"Topic\",\"description\":\"Choose a Topics\",\"index\":6,\"inputType\":\"topicselector\",\"label\":\"Topics\",\"placeholder\":\"Choose Topics\",\"required\":false},{\"code\":\"notes\",\"visible\":true,\"editable\":true,\"dataType\":\"text\",\"renderingHints\":{},\"name\":\"learningObjective\",\"description\":\"Add Notes\",\"index\":7,\"inputType\":\"text\",\"label\":\"Notes to teacher\",\"placeholder\":\"Add Notes\",\"required\":false},{\"code\":\"learningObjective\",\"visible\":true,\"editable\":true,\"dataType\":\"list\",\"renderingHints\":{},\"name\":\"learningObjective\",\"description\":\"Brief desciption about learning objective\",\"index\":8,\"inputType\":\"text\",\"label\":\"Learning objective\",\"placeholder\":\"Brief desciption about learning objective\",\"required\":false},{\"code\":\"duration\",\"visible\":true,\"editable\":true,\"dataType\":\"text\",\"renderingHints\":{},\"name\":\"duration\",\"description\":\"Duration of Lesson Plan\",\"index\":9,\"inputType\":\"number\",\"label\":\"Duration\",\"placeholder\":\"In minutes\",\"required\":false},{\"code\":\"year\",\"visible\":true,\"editable\":false,\"dataType\":\"text\",\"renderingHints\":{},\"name\":\"Year\",\"description\":\"\",\"index\":10,\"inputType\":\"select\",\"label\":\"Year\",\"placeholder\":\"Select Year\",\"required\":true},{\"code\":\"author\",\"visible\":true,\"editable\":true,\"dataType\":\"text\",\"renderingHints\":{},\"name\":\"Author\",\"description\":\"Original Author\",\"index\":11,\"inputType\":\"text\",\"label\":\"Original Author\",\"placeholder\":\"Author\",\"required\":false},{\"code\":\"attributions\",\"visible\":true,\"editable\":true,\"dataType\":\"list\",\"renderingHints\":{},\"name\":\"attribution\",\"description\":\"Attributions\",\"index\":12,\"inputType\":\"text\",\"label\":\"Attributions\",\"placeholder\":\"Attributions\",\"required\":false},{\"code\":\"copyright\",\"visible\":true,\"editable\":true,\"dataType\":\"text\",\"renderingHints\":{},\"name\":\"Copyright\",\"description\":\"Copyright\",\"index\":13,\"inputType\":\"text\",\"label\":\"Copyright\",\"placeholder\":\"Copyright\",\"required\":false},{\"code\":\"copyrightYear\",\"visible\":true,\"editable\":true,\"dataType\":\"number\",\"renderingHints\":{},\"description\":\"Year of Creation\",\"index\":14,\"label\":\"Year of Creation\",\"required\":true,\"name\":\"Year of Creation\",\"inputType\":\"number\",\"placeholder\":\"Enter Year of Creation\",\"validation\":[{\"type\":\"min\",\"message\":\"Maximum length of the year should be 4\",\"value\":\"4\"},{\"type\":\"max\",\"message\":\"Minimum length of the year should be 4\",\"value\":\"4\"}]},{\"code\":\"license\",\"visible\":true,\"editable\":true,\"dataType\":\"text\",\"renderingHints\":{},\"name\":\"license\",\"description\":\"License of the content\",\"index\":15,\"inputType\":\"licenses\",\"label\":\"license\",\"placeholder\":\"license\",\"required\":true},{\"code\":\"licenseterms\",\"visible\":true,\"editable\":true,\"defaultValue\":\"By creating any type of content (resources, books, courses etc.) on DIKSHA, you consent to publish it under the Creative Commons License Framework. Please choose the applicable creative commons license you wish to apply to your content.\",\"dataType\":\"text\",\"renderingHints\":{\"value\":{\"video/x-youtube\":\"By linking or uploading YouTube videos on DIKSHA, you consent to publishing it as per the terms of the YouTube video license. DIKSHA accepts only videos with YouTube Standard License or Creative Commons License.\"},\"class\":\"twelve wide field\"},\"description\":\"licenseterms\",\"index\":16,\"label\":\"License Terms\",\"required\":false,\"name\":\"licenseterms\",\"inputType\":\"label\",\"placeholder\":\"license\"}]}",
*,*,framework,framework-code,search,*,2025-03-19 10:30:04.214+0000,"{\"templateName\":\"defaultTemplate\",\"action\":\"search\",\"fields\":[{\"framework\":\"TPD\"}]}",
*,*,content,lessonplan,review,*,2025-03-18 16:49:43.255+0000,"{\"templateName\":\"defaultTemplate\",\"action\":\"review\",\"fields\":[{\"code\":\"primaryCategory\",\"dataType\":\"text\",\"description\":\"Collection Type\",\"editable\":false,\"index\":0,\"inputType\":\"text\",\"label\":\"Collection Type\",\"name\":\"Collection Type\",\"placeholder\":\"\",\"required\":true,\"visible\":true},{\"code\":\"additionalCategories\",\"dataType\":\"list\",\"description\":\"Additonal Category of the Content\",\"editable\":true,\"index\":1,\"inputType\":\"multiselect\",\"label\":\"Additional Category\",\"name\":\"Additional Category\",\"placeholder\":\"Select Additional Category\",\"renderingHints\":{},\"range\":[\"Textbook\",\"Lesson Plan\"],\"required\":false,\"visible\":true},{\"code\":\"name\",\"visible\":true,\"editable\":true,\"dataType\":\"text\",\"renderingHints\":{},\"name\":\"Name\",\"description\":\"Name of the content\",\"inputType\":\"text\",\"label\":\"Name\",\"placeholder\":\"Name\",\"required\":true,\"validation\":[{\"type\":\"max\",\"message\":\"Input is Exceded\",\"value\":\"120\"}]},{\"code\":\"description\",\"visible\":true,\"editable\":true,\"dataType\":\"text\",\"renderingHints\":{},\"name\":\"Description\",\"description\":\"Brief description\",\"inputType\":\"textarea\",\"label\":\"Description\",\"placeholder\":\"Description\",\"required\":false,\"validation\":[{\"type\":\"max\",\"message\":\"Input is Exceded\",\"value\":\"1000\"}]},{\"code\":\"keywords\",\"visible\":true,\"editable\":true,\"dataType\":\"list\",\"name\":\"Keywords\",\"description\":\"Keywords for the content\",\"inputType\":\"keywordsuggestion\",\"label\":\"keywords\",\"placeholder\":\"Enter Keywords\",\"required\":false},{\"code\":\"appicon\",\"visible\":true,\"editable\":true,\"dataType\":\"url\",\"renderingHints\":{},\"name\":\"App Icon\",\"description\":\"App Icon\",\"index\":6,\"inputType\":\"file\",\"label\":\"Icon\",\"placeholder\":\"App Icon\",\"required\":true},{\"code\":\"board\",\"visible\":true,\"depends\":[\"gradeLevel\",\"medium\",\"subject\",\"topic\"],\"editable\":true,\"dataType\":\"text\",\"renderingHints\":{},\"description\":\"Board\",\"index\":0,\"label\":\"Board/Syllabus\",\"required\":true,\"name\":\"Board/Syllabus\",\"inputType\":\"select\",\"placeholder\":\"Select Board/Syllabus\"},{\"code\":\"medium\",\"visible\":true,\"depends\":[\"gradeLevel\",\"subject\",\"topic\"],\"editable\":true,\"dataType\":\"list\",\"renderingHints\":{},\"description\":\"\",\"index\":1,\"label\":\"medium\",\"required\":true,\"name\":\"medium\",\"inputType\":\"multiselect\",\"placeholder\":\"Select Medium\"},{\"code\":\"gradeLevel\",\"visible\":true,\"depends\":[\"subject\",\"topic\"],\"editable\":true,\"dataType\":\"list\",\"renderingHints\":{},\"description\":\"Class\",\"index\":2,\"label\":\"Class\",\"required\":true,\"name\":\"Class\",\"inputType\":\"multiselect\",\"placeholder\":\"Select Class\"},{\"code\":\"subject\",\"visible\":true,\"depends\":[\"topic\"],\"editable\":true,\"dataType\":\"list\",\"renderingHints\":{},\"description\":\"\",\"index\":3,\"label\":\"Subject\",\"required\":true,\"name\":\"Subject\",\"inputType\":\"multiselect\",\"placeholder\":\"Select Subject\"},{\"code\":\"topic\",\"visible\":true,\"editable\":true,\"dataType\":\"list\",\"renderingHints\":{},\"name\":\"Topic\",\"description\":\"Choose a Topics\",\"index\":8,\"inputType\":\"topicselector\",\"label\":\"Topics\",\"placeholder\":\"Choose Topics\",\"required\":false},{\"code\":\"notes\",\"visible\":true,\"editable\":true,\"dataType\":\"text\",\"renderingHints\":{},\"name\":\"learningObjective\",\"description\":\"Add Notes\",\"index\":4,\"inputType\":\"text\",\"label\":\"Notes to teacher\",\"placeholder\":\"Add Notes\",\"required\":false},{\"code\":\"learningObjective\",\"visible\":true,\"editable\":true,\"dataType\":\"list\",\"renderingHints\":{},\"name\":\"learningObjective\",\"description\":\"Brief desciption about learning objective\",\"index\":5,\"inputType\":\"text\",\"label\":\"Learning objective\",\"placeholder\":\"Brief desciption about learning objective\",\"required\":false},{\"code\":\"duration\",\"visible\":true,\"editable\":true,\"dataType\":\"text\",\"renderingHints\":{},\"name\":\"duration\",\"description\":\"Duration of Lesson Plan\",\"index\":7,\"inputType\":\"number\",\"label\":\"Duration\",\"placeholder\":\"In minutes\",\"required\":false},{\"code\":\"year\",\"visible\":true,\"editable\":false,\"dataType\":\"text\",\"renderingHints\":{},\"name\":\"Year\",\"description\":\"\",\"index\":9,\"inputType\":\"select\",\"label\":\"Year\",\"placeholder\":\"Select Year\",\"required\":true},{\"code\":\"author\",\"visible\":true,\"editable\":true,\"dataType\":\"text\",\"renderingHints\":{},\"name\":\"Author\",\"description\":\"Original Author\",\"index\":12,\"inputType\":\"text\",\"label\":\"Original Author\",\"placeholder\":\"Author\",\"required\":false},{\"code\":\"attributions\",\"visible\":true,\"editable\":true,\"dataType\":\"list\",\"renderingHints\":{},\"name\":\"attribution\",\"description\":\"Attributions\",\"index\":13,\"inputType\":\"text\",\"label\":\"Attributions\",\"placeholder\":\"Attributions\",\"required\":false},{\"code\":\"copyright\",\"visible\":true,\"editable\":true,\"dataType\":\"text\",\"renderingHints\":{},\"name\":\"Copyright\",\"description\":\"Copyright\",\"index\":14,\"inputType\":\"text\",\"label\":\"Copyright\",\"placeholder\":\"Copyright\",\"required\":false},{\"code\":\"copyrightYear\",\"visible\":true,\"editable\":true,\"dataType\":\"number\",\"renderingHints\":{},\"description\":\"Year of Creation\",\"index\":15,\"label\":\"Year of Creation\",\"required\":true,\"name\":\"Year of Creation\",\"inputType\":\"number\",\"placeholder\":\"Enter Year of Creation\",\"validation\":[{\"type\":\"min\",\"message\":\"Maximum length of the year should be 4\",\"value\":\"4\"},{\"type\":\"max\",\"message\":\"Minimum length of the year should be 4\",\"value\":\"4\"}]},{\"code\":\"license\",\"visible\":true,\"editable\":true,\"dataType\":\"text\",\"renderingHints\":{},\"name\":\"license\",\"description\":\"License of the content\",\"index\":16,\"inputType\":\"licenses\",\"label\":\"license\",\"placeholder\":\"license\",\"required\":true},{\"code\":\"licenseterms\",\"visible\":true,\"editable\":true,\"defaultValue\":\"By creating any type of content (resources, books, courses etc.) on DIKSHA, you consent to publish it under the Creative Commons License Framework. Please choose the applicable creative commons license you wish to apply to your content.\",\"dataType\":\"text\",\"renderingHints\":{\"value\":{\"video/x-youtube\":\"By linking or uploading YouTube videos on DIKSHA, you consent to publishing it as per the terms of the YouTube video license. DIKSHA accepts only videos with YouTube Standard License or Creative Commons License.\"},\"class\":\"twelve wide field\"},\"description\":\"licenseterms\",\"index\":17,\"label\":\"License Terms\",\"required\":false,\"name\":\"licenseterms\",\"inputType\":\"label\",\"placeholder\":\"license\"}]}",
*,*,group,supported_activities,list,*,2025-03-19 10:29:40.642+0000,"{\"templateName\":\"supported_activities\",\"action\":\"list\",\"fields\":[{\"index\":0,\"activityType\":\"Explanation Content\",\"objectType\":\"Content\",\"isEnabled\":true,\"sortBy\":[{\"name\":\"asc\"}],\"searchQuery\":\"{\\\"request\\\":{\\\"filters\\\":{\\\"primaryCategory\\\":[\\\"Explanation Content\\\"],\\\"status\\\":[\\\"Live\\\"],\\\"objectType\\\":[\\\"Content\\\"]},\\\"fields\\\":[\\\"name\\\",\\\"appIcon\\\",\\\"contentType\\\",\\\"identifier\\\",\\\"objectType\\\",\\\"createdBy\\\"]}}\",\"title\":\"Explanation Content\",\"translations\":\"{\\\"en\\\": \\\"Explanation Content\\\", \\\"as\\\": \\\"ব্যাখ্যা কৰা বিষয়বস্তু\\\", \\\"bn\\\": \\\"বিষয়বস্তুর ব্যাখ্যা\\\", \\\"gu\\\":\\\"એક્સપ્લેનેશન કન્ટેન્ટ\\\", \\\"hi\\\":\\\"स्पष्टीकरण सामग्री\\\", \\\"kn\\\":\\\"ವಿವರಣಾತ್ಮಕ ಪಠ್ಯಾಂಶ\\\", \\\"mr\\\":\\\"स्पष्टीकरण सामग्री\\\", \\\"or\\\":\\\"ବିସ୍ତାରିତ କଣ୍ଟେଣ୍ଟ୍\\\", \\\"pa\\\":\\\"ਵਿਆਖਿਆ ਕੰਟੇਂਟ\\\", \\\"ta\\\":\\\"விளக்க உள்ளடக்கம்\\\", \\\"te\\\":\\\"అర్థము కంటెంట్\\\", \\\"ur\\\":\\\"وضاحت کا مواد\\\"}\"},{\"index\":1,\"activityType\":\"Learning Resource\",\"objectType\":\"Content\",\"isEnabled\":true,\"sortBy\":[{\"name\":\"asc\"}],\"searchQuery\":\"{\\\"request\\\":{\\\"filters\\\":{\\\"primaryCategory\\\":[\\\"Learning Resource\\\"],\\\"status\\\":[\\\"Live\\\"],\\\"objectType\\\":[\\\"Content\\\"]},\\\"fields\\\":[\\\"name\\\",\\\"appIcon\\\",\\\"contentType\\\",\\\"identifier\\\",\\\"objectType\\\",\\\"createdBy\\\"]}}\",\"title\":\"Learning Resource\",\"translations\":\"{\\\"en\\\": \\\"Learning module\\\", \\\"as\\\": \\\"শিক্ষণৰ ম'ডিউল\\\", \\\"bn\\\": \\\"প্রশিক্ষণ মডিউল\\\", \\\"gu\\\":\\\"શીખવાનું મોડ્યુલ\\\", \\\"hi\\\":\\\"अध्ययन मॉड्यूल\\\", \\\"kn\\\":\\\"ಕಲಿಕಾ ಮಾಡ್ಯೂಲ್\\\", \\\"mr\\\":\\\"अभ्यास विभाग\\\", \\\"or\\\":\\\"ଶିକ୍ଷଣ ମଡ୍ୟୁଲ\\\", \\\"pa\\\":\\\"ਸਿਖਲਾਈ ਮੋਡੀਊਲ\\\", \\\"ta\\\":\\\"கற்றல் மாடுயூல்\\\", \\\"te\\\":\\\"మాడ్యూల్ నేర్చుకోవడం\\\", \\\"ur\\\":\\\"سیکھنے کا ماڈیول\\\"}\"},{\"index\":2,\"activityType\":\"Course\",\"objectType\":\"Content\",\"isEnabled\":true,\"sortBy\":[{\"name\":\"asc\"}],\"searchQuery\":\"{\\\"request\\\":{\\\"filters\\\":{\\\"primaryCategory\\\":[\\\"Course\\\"],\\\"batches.status\\\":1,\\\"batches.enrollmentType\\\":\\\"open\\\",\\\"objectType\\\":[\\\"Content\\\"],\\\"status\\\":[\\\"Live\\\"]},\\\"fields\\\":[\\\"name\\\",\\\"appIcon\\\",\\\"contentType\\\",\\\"identifier\\\",\\\"objectType\\\",\\\"createdBy\\\"]}}\",\"title\":\"Course\",\"translations\":\"{\\\"en\\\": \\\"Course\\\", \\\"as\\\": \\\"পাঠ্যক্ৰমসমুহ\\\", \\\"bn\\\": \\\"পাঠ্যধারাগুলি\\\", \\\"gu\\\":\\\"કોર્સ\\\", \\\"hi\\\":\\\"कोर्स\\\", \\\"kn\\\":\\\"ಕೋರ್ಸ್ ಗಳು\\\", \\\"mr\\\":\\\"कोर्सेस\\\", \\\"or\\\":\\\"ପାଠ୍ୟକ୍ରମଗୁଡ଼ିକ\\\", \\\"pa\\\":\\\"ਕੋਰਸਿਸ\\\", \\\"ta\\\":\\\"பாடநெறிகள்\\\", \\\"te\\\":\\\"కోర్సులు\\\", \\\"ur\\\":\\\"کورسز\\\"}\"},{\"index\":3,\"activityType\":\"Practice Question Set\",\"objectType\":\"Content\",\"isEnabled\":true,\"sortBy\":[{\"name\":\"asc\"}],\"searchQuery\":\"{\\\"request\\\":{\\\"filters\\\":{\\\"primaryCategory\\\":[\\\"Practice Question Set\\\"],\\\"status\\\":[\\\"Live\\\"],\\\"objectType\\\":[\\\"Content\\\"]},\\\"fields\\\":[\\\"name\\\",\\\"appIcon\\\",\\\"contentType\\\",\\\"identifier\\\",\\\"objectType\\\",\\\"createdBy\\\"]}}\",\"title\":\"Practice Question Set\",\"translations\":\"{\\\"en\\\": \\\"Practice question set\\\", \\\"as\\\": \\\"অনুশীলনৰ প্ৰশ্নৰ সমষ্টি\\\", \\\"bn\\\": \\\"অনুশীলনের প্রশ্ন সেট\\\", \\\"gu\\\":\\\"પ્રેક્ટિસ પ્રશ્ન સેટ\\\", \\\"hi\\\":\\\"अभ्यास प्रश्न संग्रह\\\", \\\"kn\\\":\\\"ಅಭ್ಯಾಸ ಪ್ರಶ್ನಾವಳಿ\\\", \\\"mr\\\":\\\"सराव प्रश्नसंच\\\", \\\"or\\\":\\\"ଅଭ୍ୟାସ ପ୍ରଶ୍ନପତ୍ର ସେଟ୍\\\", \\\"pa\\\":\\\"ਅਭਿਆਸ ਪ੍ਰਸ਼ਨ ਸੈੱਟ\\\", \\\"ta\\\":\\\"பயிற்சி கேள்வி தொகுப்பு\\\", \\\"te\\\":\\\"ప్రాక్టీస్ ప్రశ్న సెట్\\\", \\\"ur\\\":\\\"مشق سوال سیٹ\\\"}\"},{\"index\":4,\"activityType\":\"eTextBook\",\"objectType\":\"Content\",\"isEnabled\":true,\"sortBy\":[{\"name\":\"asc\"}],\"searchQuery\":\"{\\\"request\\\":{\\\"filters\\\":{\\\"primaryCategory\\\":[\\\"eTextBook\\\"],\\\"status\\\":[\\\"Live\\\"],\\\"objectType\\\":[\\\"Content\\\"]},\\\"fields\\\":[\\\"name\\\",\\\"appIcon\\\",\\\"contentType\\\",\\\"identifier\\\",\\\"objectType\\\",\\\"createdBy\\\"]}}\",\"title\":\"eTextBook\",\"translations\":\"{\\\"en\\\": \\\"PDF TextBook\\\", \\\"as\\\": \\\"PDF পাঠ্যপুথি\\\", \\\"bn\\\": \\\"পাঠ্যপুস্তকের পিডিএফ\\\", \\\"gu\\\":\\\"PDF ટેક્સ્ટબુક\\\", \\\"hi\\\":\\\"PDF पाठ्यपुस्तकें\\\", \\\"kn\\\":\\\"ಪಿಡಿಎಫ್ ಪಠ್ಯಪುಸ್ತಕ\\\", \\\"mr\\\":\\\"PDF पाठ्यपुस्तक\\\", \\\"or\\\":\\\"PDF ପାଠ୍ୟପୁସ୍ତକ\\\", \\\"pa\\\":\\\"PDF ਪਾਠ ਪੁਸਤਕ\\\", \\\"ta\\\":\\\"பி.டீ.எப் பாடபுத்தங்கள்\\\", \\\"te\\\":\\\"PDF పాఠ్య పుస్తకం\\\", \\\"ur\\\":\\\"پی ڈی ایف درسی کتاب\\\"}\"},{\"index\":5,\"activityType\":\"Teacher Resource\",\"objectType\":\"Content\",\"isEnabled\":true,\"sortBy\":[{\"name\":\"asc\"}],\"searchQuery\":\"{\\\"request\\\":{\\\"filters\\\":{\\\"primaryCategory\\\":[\\\"Teacher Resource\\\"],\\\"status\\\":[\\\"Live\\\"],\\\"objectType\\\":[\\\"Content\\\"]},\\\"fields\\\":[\\\"name\\\",\\\"appIcon\\\",\\\"contentType\\\",\\\"identifier\\\",\\\"objectType\\\",\\\"createdBy\\\"]}}\",\"title\":\"Teacher Resource\",\"translations\":\"{\\\"en\\\": \\\"Teaching Resource\\\", \\\"as\\\": \\\"শিক্ষাদানৰ সমলসমূহ\\\", \\\"bn\\\": \\\"শিক্ষার সংস্থান\\\", \\\"gu\\\":\\\"શિક્ષણ સંસાધનો\\\", \\\"hi\\\":\\\"शिक्षण संसाधन\\\", \\\"kn\\\":\\\"ಬೋಧನಾ ಸಂಪನ್ಮೂಲಗಳು\\\", \\\"mr\\\":\\\"शिक्षण संसाधने\\\", \\\"or\\\":\\\"ଶିକ୍ଷଣ ସଂସାଧନ\\\", \\\"pa\\\":\\\"ਅਧਿਆਪਨ ਦੇ ਸਰੋਤ\\\", \\\"ta\\\":\\\"கற்பித்தல் பொருள்\\\", \\\"te\\\":\\\"బోధనా వనరులు\\\", \\\"ur\\\":\\\" تدریسی وسائل \\\"}\"},{\"index\":6,\"activityType\":\"Digital Textbook\",\"objectType\":\"Content\",\"isEnabled\":true,\"sortBy\":[{\"name\":\"asc\"}],\"searchQuery\":\"{\\\"request\\\":{\\\"filters\\\":{\\\"primaryCategory\\\":[\\\"Digital Textbook\\\"],\\\"status\\\":[\\\"Live\\\"],\\\"objectType\\\":[\\\"Content\\\"]},\\\"fields\\\":[\\\"name\\\",\\\"appIcon\\\",\\\"contentType\\\",\\\"identifier\\\",\\\"objectType\\\",\\\"createdBy\\\"]}}\",\"title\":\"Digital Textbook\",\"translations\":\"{\\\"en\\\": \\\"Digital textbooks\\\", \\\"as\\\": \\\"ডিজিটেল পাঠ্যপুথিসমূহ\\\", \\\"bn\\\": \\\"ডিজিটাল পাঠ্যবই\\\", \\\"gu\\\":\\\"ડિજિટલ પાઠયપુસ્તકો\\\", \\\"hi\\\":\\\"डिजिटल पाठ्यपुस्तकें\\\", \\\"kn\\\":\\\"ಡಿಜಿಟಲ್ ಪಠ್ಯಪುಸ್ತಕಗಳು\\\", \\\"mr\\\":\\\"डिजिटल पाठ्यपुस्तके\\\", \\\"or\\\":\\\"ଡିଜିଟାଲ୍ ପାଠ୍ୟପୁସ୍ତକ\\\", \\\"pa\\\":\\\"ਡਿਜੀਟਲ ਪਾਠ ਪੁਸਤਕਾਂ\\\", \\\"ta\\\":\\\"டிஜிட்டல் பாடப்புத்தகங்கள்\\\", \\\"te\\\":\\\"పాఠ్యపుస్తకాలు\\\", \\\"ur\\\":\\\" ڈیجیٹل درسی کتابیں \\\"}\"},{\"index\":7,\"activityType\":\"Content Playlist\",\"objectType\":\"Content\",\"isEnabled\":true,\"sortBy\":[{\"name\":\"asc\"}],\"searchQuery\":\"{\\\"request\\\":{\\\"filters\\\":{\\\"primaryCategory\\\":[\\\"Content Playlist\\\"],\\\"status\\\":[\\\"Live\\\"],\\\"objectType\\\":[\\\"Content\\\"]},\\\"fields\\\":[\\\"name\\\",\\\"appIcon\\\",\\\"contentType\\\",\\\"identifier\\\",\\\"objectType\\\",\\\"createdBy\\\"]}}\",\"title\":\"Content Playlist\",\"translations\":\"{\\\"en\\\": \\\"Content Playlist\\\", \\\"as\\\": \\\"বিষয়বস্তুৰ প্লে'লিষ্ট\\\", \\\"bn\\\": \\\"কন্টেন্ট প্লেলিস্ট\\\", \\\"gu\\\":\\\"કન્ટેન્ટ જોવાનું લિસ્ટ\\\", \\\"hi\\\":\\\"कंटेन्ट प्लेलिस्ट\\\", \\\"kn\\\":\\\" ಪಠ್ಯಾಂಶ ಪ್ಲೇಲಿಸ್ಟ್\\\", \\\"mr\\\":\\\"सामग्री प्लेलिस्ट \\\", \\\"or\\\":\\\" କଣ୍ଟେଣ୍ଟ ପ୍ଲେଲିଷ୍ଟ\\\", \\\"pa\\\":\\\"ਕੰਟੇੇਂਟ ਪਲੇਲਿਸਟ\\\", \\\"ta\\\":\\\"உள்ளடக்க பிளேலிஸ்ட்\\\", \\\"te\\\":\\\"కంటెంట్ ప్లేజాబితా\\\", \\\"ur\\\":\\\" مواد پلے لسٹ \\\"}\"},{\"index\":8,\"activityType\":\"TV Lesson\",\"objectType\":\"Content\",\"isEnabled\":true,\"sortBy\":[{\"name\":\"asc\"}],\"searchQuery\":\"{\\\"request\\\":{\\\"filters\\\":{\\\"primaryCategory\\\":[\\\"Explanation Content\\\"],\\\"additionalCategories\\\":[\\\"TV Lesson\\\"],\\\"status\\\":[\\\"Live\\\"],\\\"objectType\\\":[\\\"Content\\\"]},\\\"fields\\\":[\\\"name\\\",\\\"appIcon\\\",\\\"contentType\\\",\\\"identifier\\\",\\\"objectType\\\",\\\"createdBy\\\"]}}\",\"title\":\"TV Lesson\",\"translations\":\"{\\\"en\\\": \\\"TV Class\\\", \\\"as\\\": \\\"টিভি শ্ৰেণীসমূহ\\\", \\\"bn\\\": \\\"টিভিতে সম্প্রচারিত শিক্ষাদানের অনুষ্ঠানগুলি\\\", \\\"gu\\\":\\\"TV વર્ગો\\\", \\\"hi\\\":\\\"टीवी कक्षाएँ\\\", \\\"kn\\\":\\\"ಟಿವಿ ತರಗತಿಗಳು\\\", \\\"mr\\\":\\\"टीव्ही वर्ग \\\", \\\"or\\\":\\\"TV କ୍ଲାସଗୁଡ଼ିକ\\\", \\\"pa\\\":\\\"ਟੀਵੀ ਕਲਾਸਾਂ\\\", \\\"ta\\\":\\\"தொலைக்காட்சி வகுப்புகள்\\\", \\\"te\\\":\\\"టీవీ క్లాసులు\\\", \\\"ur\\\":\\\" ٹی وی کلاسز\\\"}\"},{\"index\":9,\"activityType\":\"Previous Board Exam Papers\",\"objectType\":\"Content\",\"isEnabled\":true,\"sortBy\":[{\"name\":\"asc\"}],\"searchQuery\":\"{\\\"request\\\":{\\\"filters\\\":{\\\"primaryCategory\\\":[\\\"Learning Resource\\\"],\\\"additionalCategories\\\":[\\\"Previous Board Exam Papers\\\"],\\\"status\\\":[\\\"Live\\\"],\\\"objectType\\\":[\\\"Content\\\"]},\\\"fields\\\":[\\\"name\\\",\\\"appIcon\\\",\\\"contentType\\\",\\\"identifier\\\",\\\"objectType\\\",\\\"createdBy\\\"]}}\",\"title\":\"Previous Board Exam Papers\",\"translations\":\"{\\\"en\\\": \\\"Earlier Year's Board Exam Papers\\\", \\\"as\\\": \\\"আগৰ বছৰৰ ব'ৰ্ডৰ পৰীক্ষাৰ প্ৰশ্নসমূহ\\\", \\\"bn\\\": \\\"আগের বছরের বোর্ড পরীক্ষার প্রশ্নপত্র\\\", \\\"gu\\\":\\\"ગત બોર્ડ પરીક્ષાના પેપર્સ\\\", \\\"hi\\\":\\\"पिछले वर्षों की बोर्ड परीक्षा पेपर\\\", \\\"kn\\\":\\\"ಹಿಂದಿನ ವರ್ಷಗಳ ಮಂಡಳಿ ಪರೀಕ್ಷೆ ಪ್ರಶ್ನೆಪತ್ರಿಕೆಗಳು\\\", \\\"mr\\\":\\\"मागील वर्षाचे बोर्ड परीक्षेचे पेपर \\\", \\\"or\\\":\\\"ପୂର୍ବ ବର୍ଷର ବୋର୍ଡ ପରୀକ୍ଷା ପ୍ରଶ୍ନପତ୍ର\\\", \\\"pa\\\":\\\"ਸ਼ੁਰੂਆਤੀ ਸਾਲ ਬੋਰਡ ਪ੍ਰੀਖਿਆ ਪੇਪਰ\\\", \\\"ta\\\":\\\"முந்தைய ஆண்டுகளில் போர்டு தேர்வுத் தாள்கள்\\\", \\\"te\\\":\\\"అంతకుముందు సంవత్సరం బోర్డు పరీక్షా పత్రాలు\\\", \\\"ur\\\":\\\"ابتدائی سالوں کے بورڈ کے امتحانی پرچے\\\"}\"}]}",
